t,target,rpm,mps,throttle,trim,event
0.000,0,0.0,0.000,0.000,+0.000,
0.027,0,0.0,0.000,0.000,+0.000,
0.053,0,0.0,0.000,0.000,+0.000,
0.080,0,0.0,0.000,0.000,+0.000,
0.106,0,0.0,0.000,0.000,+0.000,
0.134,0,0.0,0.000,0.000,+0.000,
0.161,0,0.0,0.000,0.000,+0.000,
0.187,0,0.0,0.000,0.000,+0.000,
0.235,0,0.0,0.000,0.000,+0.000,
0.262,0,0.0,0.000,0.000,+0.000,
0.288,0,0.0,0.000,0.000,+0.000,
0.336,0,0.0,0.000,0.000,+0.000,
0.362,0,0.0,0.000,0.000,+0.000,
0.389,0,0.0,0.000,0.000,+0.000,
0.446,0,0.0,0.000,0.000,+0.000,
0.473,0,0.0,0.000,0.000,+0.000,
0.499,0,0.0,0.000,0.000,+0.000,
0.545,0,0.0,0.000,0.000,+0.000,
0.571,0,0.0,0.000,0.000,+0.000,
0.598,0,0.0,0.000,0.000,+0.000,
0.622,0,0.0,0.000,0.000,+0.000,
0.655,0,0.0,0.000,0.000,+0.000,
0.682,0,0.0,0.000,0.000,+0.000,
0.708,0,0.0,0.000,0.000,+0.000,
0.751,0,0.0,0.000,0.000,+0.000,
0.777,0,0.0,0.000,0.000,+0.000,
0.804,0,0.0,0.000,0.000,+0.000,
0.828,0,0.0,0.000,0.000,+0.000,
0.866,0,0.0,0.000,0.000,+0.000,
0.893,0,0.0,0.000,0.000,+0.000,
0.919,0,0.0,0.000,0.000,+0.000,
0.955,0,0.0,0.000,0.000,+0.000,
0.981,0,0.0,0.000,0.000,+0.000,
1.008,0,0.0,0.000,0.000,+0.000,
1.032,0,0.0,0.000,0.000,+0.000,
1.065,0,0.0,0.000,0.000,+0.000,
1.092,0,0.0,0.000,0.000,+0.000,
1.118,0,0.0,0.000,0.000,+0.000,
1.161,0,0.0,0.000,0.000,+0.000,
1.187,0,0.0,0.000,0.000,+0.000,
1.214,0,0.0,0.000,0.000,+0.000,
1.238,0,0.0,0.000,0.000,+0.000,
1.271,0,0.0,0.000,0.000,+0.000,
1.298,0,0.0,0.000,0.000,+0.000,
1.325,0,0.0,0.000,0.000,+0.000,
1.377,0,0.0,0.000,0.000,+0.000,
1.404,0,0.0,0.000,0.000,+0.000,
1.430,0,0.0,0.000,0.000,+0.000,
1.481,0,0.0,0.000,0.000,+0.000,
1.507,0,0.0,0.000,0.000,+0.000,
1.534,0,0.0,0.000,0.000,+0.000,
1.581,0,0.0,0.000,0.000,+0.000,
1.608,0,0.0,0.000,0.000,+0.000,
1.634,0,0.0,0.000,0.000,+0.000,
1.659,0,0.0,0.000,0.000,+0.000,
1.692,0,0.0,0.000,0.000,+0.000,
1.718,0,0.0,0.000,0.000,+0.000,
1.745,0,0.0,0.000,0.000,+0.000,
1.792,0,0.0,0.000,0.000,+0.000,
1.819,0,0.0,0.000,0.000,+0.000,
1.850,0,0.0,0.000,0.000,+0.000,
1.893,0,0.0,0.000,0.000,+0.000,
1.919,0,0.0,0.000,0.000,+0.000,
1.946,0,0.0,0.000,0.000,+0.000,
1.972,0,0.0,0.000,0.000,+0.000,
2.010,0,0.0,0.000,0.000,+0.000,
2.037,0,0.0,0.000,0.000,+0.000,
2.061,0,0.0,0.000,0.000,+0.000,
2.102,0,0.0,0.000,0.000,+0.000,
2.128,0,0.0,0.000,0.000,+0.000,
2.155,0,0.0,0.000,0.000,+0.000,
2.197,0,0.0,0.000,0.000,+0.000,
2.223,0,0.0,0.000,0.000,+0.000,
2.250,0,0.0,0.000,0.000,+0.000,
2.275,0,0.0,0.000,0.000,+0.000,
2.308,0,0.0,0.000,0.000,+0.000,
2.334,0,0.0,0.000,0.000,+0.000,
2.361,0,0.0,0.000,0.000,+0.000,
2.408,0,0.0,0.000,0.000,+0.000,
2.435,0,0.0,0.000,0.000,+0.000,
2.466,0,0.0,0.000,0.000,+0.000,
2.514,0,0.0,0.000,0.000,+0.000,
2.540,0,0.0,0.000,0.000,+0.000,
2.567,0,0.0,0.000,0.000,+0.000,
2.609,0,0.0,0.000,0.000,+0.000,
2.636,0,0.0,0.000,0.000,+0.000,
2.667,0,0.0,0.000,0.000,+0.000,
2.709,0,0.0,0.000,0.000,+0.000,
2.736,0,0.0,0.000,0.000,+0.000,
2.762,0,0.0,0.000,0.000,+0.000,
2.789,0,0.0,0.000,0.000,+0.000,
2.812,0,0.0,0.000,0.000,+0.000,
2.838,0,0.0,0.000,0.000,+0.000,
2.870,0,0.0,0.000,0.000,+0.000,
2.912,0,0.0,0.000,0.000,+0.000,
2.939,0,0.0,0.000,0.000,+0.000,
2.965,0,0.0,0.000,0.000,+0.000,
2.992,0,0.0,0.000,0.000,+0.000,
3.025,0,0.0,0.000,0.000,+0.000,
3.051,0,0.0,0.000,0.000,+0.000,
3.076,0,0.0,0.000,0.000,+0.000,
3.118,0,0.0,0.000,0.000,+0.000,
3.144,0,0.0,0.000,0.000,+0.000,
3.171,0,0.0,0.000,0.000,+0.000,
3.197,0,0.0,0.000,0.000,+0.000,
3.231,0,0.0,0.000,0.000,+0.000,
3.257,0,0.0,0.000,0.000,+0.000,
3.281,0,0.0,0.000,0.000,+0.000,
3.329,0,0.0,0.000,0.000,+0.000,
3.355,0,0.0,0.000,0.000,+0.000,
3.382,0,0.0,0.000,0.000,+0.000,
3.425,0,0.0,0.000,0.000,+0.000,
3.451,0,0.0,0.000,0.000,+0.000,
3.483,0,0.0,0.000,0.000,+0.000,
3.530,0,0.0,0.000,0.000,+0.000,
3.557,0,0.0,0.000,0.000,+0.000,
3.583,0,0.0,0.000,0.000,+0.000,
3.630,0,0.0,0.000,0.000,+0.000,
3.657,0,0.0,0.000,0.000,+0.000,
3.688,0,0.0,0.000,0.000,+0.000,
3.736,0,0.0,0.000,0.000,+0.000,
3.762,0,0.0,0.000,0.000,+0.000,
3.789,0,0.0,0.000,0.000,+0.000,
3.841,0,0.0,0.000,0.000,+0.000,
3.868,0,0.0,0.000,0.000,+0.000,
3.892,0,0.0,0.000,0.000,+0.000,
3.940,0,0.0,0.000,0.000,+0.000,
3.966,0,0.0,0.000,0.000,+0.000,
3.993,0,0.0,0.000,0.000,+0.000,
4.040,0,0.0,0.000,0.000,+0.000,
4.067,0,0.0,0.000,0.000,+0.000,
4.098,0,0.0,0.000,0.000,+0.000,
4.146,0,0.0,0.000,0.000,+0.000,
4.172,0,0.0,0.000,0.000,+0.000,
4.199,0,0.0,0.000,0.000,+0.000,
4.241,0,0.0,0.000,0.000,+0.000,
4.267,0,0.0,0.000,0.000,+0.000,
4.299,0,0.0,0.000,0.000,+0.000,
4.347,0,0.0,0.000,0.000,+0.000,
4.373,0,0.0,0.000,0.000,+0.000,
4.400,0,0.0,0.000,0.000,+0.000,
4.447,0,0.0,0.000,0.000,+0.000,
4.474,0,0.0,0.000,0.000,+0.000,
4.505,0,0.0,0.000,0.000,+0.000,
4.553,0,0.0,0.000,0.000,+0.000,
4.579,0,0.0,0.000,0.000,+0.000,
4.606,0,0.0,0.000,0.000,+0.000,
4.648,0,0.0,0.000,0.000,+0.000,
4.674,0,0.0,0.000,0.000,+0.000,
4.706,0,0.0,0.000,0.000,+0.000,
4.753,0,0.0,0.000,0.000,+0.000,
4.780,0,0.0,0.000,0.000,+0.000,
4.806,0,0.0,0.000,0.000,+0.000,
4.869,3300,0.0,0.000,0.000,+0.000,
4.896,3300,0.0,0.000,0.000,+0.000,
4.920,3300,0.0,0.000,0.000,+0.000,
4.966,3300,0.0,0.000,15.046,+0.800,
4.992,3300,0.0,0.000,15.046,+0.800,
5.019,3300,399.8,1.595,15.046,+0.800,
5.066,3300,354.9,1.416,14.871,+0.625,
5.093,3300,401.5,1.602,14.871,+0.625,
5.117,3300,443.7,1.770,14.871,+0.625,
5.144,3300,480.5,1.917,15.671,+1.425,
5.177,3300,543.0,2.167,15.671,+1.425,
5.203,3300,584.9,2.334,15.671,+1.425,
5.230,3300,624.0,2.490,15.671,+1.425,
5.272,3300,690.8,2.756,16.471,+2.225,
5.299,3300,739.3,2.950,16.471,+2.225,
5.323,3300,897.1,3.579,16.471,+2.225,
5.350,3300,1011.1,4.034,15.671,+1.425,
5.383,3300,1175.3,4.689,15.671,+1.425,
5.410,3300,1267.2,5.056,15.671,+1.425,
5.436,3300,1347.8,5.377,15.671,+1.425,
5.484,3300,1479.7,5.904,14.871,+0.625,
5.510,3300,1545.6,6.167,14.871,+0.625,
5.535,3300,1601.9,6.391,14.871,+0.625,
5.561,3300,1651.0,6.587,14.071,-0.175,
5.589,3300,1671.1,6.668,14.071,-0.175,
5.616,3300,1739.4,6.940,14.071,-0.175,
5.642,3300,1773.4,7.076,14.071,-0.175,
5.685,3300,1828.4,7.295,14.117,-0.129,
5.711,3300,1825.5,7.284,14.117,-0.129,
5.736,3300,1881.5,7.507,14.117,-0.129,
5.762,3300,1874.9,7.480,14.917,+0.671,
5.796,3300,1935.2,7.721,14.917,+0.671,
5.822,3300,1959.3,7.817,14.917,+0.671,
5.849,3300,1983.6,7.914,14.917,+0.671,
5.896,3300,2027.6,8.090,14.944,+0.698,
5.922,3300,2054.8,8.198,14.944,+0.698,
5.947,3300,2042.9,8.151,14.944,+0.698,
5.974,3300,2099.3,8.376,15.422,+1.177,
6.012,3300,2131.2,8.503,15.422,+1.177,
6.038,3300,2117.1,8.447,15.422,+1.177,
6.065,3300,2172.9,8.670,15.422,+1.177,
6.100,3300,2203.5,8.792,15.956,+1.710,
6.127,3300,2225.6,8.880,15.956,+1.710,
6.151,3300,2244.7,8.956,15.956,+1.710,
6.178,3300,2266.4,9.042,16.381,+2.135,
6.211,3300,2294.9,9.156,16.381,+2.135,
6.237,3300,2281.2,9.102,16.381,+2.135,
6.264,3300,2340.8,9.340,16.381,+2.135,
6.311,3300,2382.5,9.506,16.433,+2.187,
6.338,3300,2364.3,9.433,16.433,+2.187,
6.362,3300,2384.2,9.513,16.433,+2.187,
6.389,3300,2442.9,9.747,16.449,+2.203,
6.422,3300,2469.0,9.851,16.449,+2.203,
6.449,3300,2488.0,9.927,16.449,+2.203,
6.475,3300,2505.9,9.998,16.449,+2.203,
6.523,3300,2536.9,10.122,16.534,+2.288,
6.549,3300,2552.5,10.184,16.534,+2.288,
6.574,3300,2566.5,10.240,16.534,+2.288,
6.600,3300,2541.3,10.139,17.334,+3.088,
6.629,3300,2598.4,10.367,17.334,+3.088,
6.655,3300,2613.1,10.426,17.334,+3.088,
6.682,3300,2632.8,10.505,17.334,+3.088,
6.729,3300,2621.1,10.458,17.520,+3.274,
6.755,3300,2680.0,10.693,17.520,+3.274,
6.780,3300,2697.8,10.764,17.520,+3.274,
6.807,3300,2714.3,10.830,16.720,+2.474,
6.845,3300,2737.0,10.920,16.720,+2.474,
6.871,3300,2749.9,10.972,16.720,+2.474,
6.898,3300,2764.6,11.030,16.720,+2.474,
6.938,3300,2733.7,10.907,16.759,+2.513,
6.965,3300,2784.6,11.110,16.759,+2.513,
6.989,3300,2749.9,10.971,16.759,+2.513,
7.016,3300,2802.1,11.180,17.028,+2.783,
7.044,3300,2809.5,11.209,17.028,+2.783,
7.070,3300,2772.6,11.062,17.028,+2.783,
7.097,3300,2778.8,11.087,17.028,+2.783,
7.144,3300,2840.3,11.332,17.398,+3.152,
7.170,3300,2847.6,11.362,17.398,+3.152,
7.195,3300,2858.0,11.403,17.398,+3.152,
7.221,3300,2865.4,11.432,17.570,+3.324,
7.249,3300,2831.0,11.295,17.570,+3.324,
7.276,3300,2838.9,11.327,17.570,+3.324,
7.303,3300,2894.2,11.547,17.570,+3.324,
7.350,3300,2910.0,11.611,17.661,+3.415,
7.377,3300,2872.6,11.461,17.661,+3.415,
7.401,3300,2927.9,11.682,17.661,+3.415,
7.428,3300,2932.9,11.702,17.752,+3.506,
7.461,3300,2944.9,11.750,17.752,+3.506,
7.488,3300,2956.3,11.795,17.752,+3.506,
7.514,3300,2959.3,11.807,17.752,+3.506,
7.561,3300,2974.8,11.869,17.778,+3.532,
7.588,3300,2979.6,11.888,17.778,+3.532,
7.612,3300,2989.7,11.928,17.778,+3.532,
7.639,3300,2944.4,11.748,18.246,+4.000,
7.677,3300,3003.9,11.985,18.246,+4.000,
7.704,3300,3014.1,12.026,18.246,+4.000,
7.730,3300,3019.7,12.048,18.246,+4.000,
7.770,3300,3035.7,12.112,17.446,+3.200,
7.797,3300,3037.2,12.118,17.446,+3.200,
7.821,3300,2997.3,11.959,17.446,+3.200,
7.848,3300,3046.8,12.156,17.483,+3.237,
7.881,3300,3049.9,12.168,17.483,+3.237,
7.908,3300,3005.8,11.993,17.483,+3.237,
7.934,3300,3054.1,12.185,17.483,+3.237,
7.976,3300,3060.3,12.210,17.825,+3.579,
8.003,3300,3061.4,12.214,17.825,+3.579,
8.028,3300,3067.0,12.237,17.825,+3.579,
8.054,3300,3067.5,12.239,18.026,+3.780,
8.092,3300,3072.6,12.259,18.026,+3.780,
8.119,3300,3082.4,12.298,18.026,+3.780,
8.145,3300,3083.5,12.303,18.026,+3.780,
8.186,3300,3045.1,12.149,18.099,+3.853,
8.212,3300,3093.4,12.342,18.099,+3.853,
8.237,3300,3054.0,12.185,18.099,+3.853,
8.263,3300,3102.6,12.379,18.147,+3.901,
8.301,3300,3113.7,12.423,18.147,+3.901,
8.328,3300,3115.6,12.431,18.147,+3.901,
8.355,3300,3124.8,12.468,18.147,+3.901,
8.390,3300,3080.8,12.292,18.097,+3.851,
8.416,3300,3132.0,12.496,18.097,+3.851,
8.441,3300,3138.3,12.521,18.097,+3.851,
8.467,3300,3138.0,12.520,18.118,+3.872,
8.501,3300,3142.7,12.539,18.118,+3.872,
8.527,3300,3148.1,12.560,18.118,+3.872,
8.554,3300,3151.6,12.574,18.118,+3.872,
8.596,3300,3105.0,12.389,18.035,+3.789,
8.622,3300,3110.3,12.409,18.035,+3.789,
8.647,3300,3158.8,12.603,18.035,+3.789,
8.674,3300,3164.8,12.627,18.140,+3.894,
8.702,3300,3164.2,12.625,18.140,+3.894,
8.728,3300,3167.2,12.636,18.140,+3.894,
8.755,3300,3169.3,12.645,18.140,+3.894,
8.807,3300,3178.0,12.679,18.170,+3.924,
8.834,3300,3174.3,12.665,18.170,+3.924,
8.858,3300,3132.1,12.497,18.170,+3.924,
8.911,3300,3136.1,12.512,18.246,+4.000,
8.937,3300,3188.4,12.721,18.246,+4.000,
8.964,3300,3188.9,12.723,18.246,+4.000,
9.006,3300,3198.5,12.761,17.446,+3.200,
9.032,3300,3192.6,12.738,17.446,+3.200,
9.064,3300,3192.7,12.738,17.446,+3.200,
9.106,3300,3195.9,12.751,18.246,+4.000,
9.133,3300,3190.7,12.730,18.246,+4.000,
9.159,3300,3141.6,12.534,18.246,+4.000,
9.186,3300,3192.2,12.736,17.446,+3.200,
9.214,3300,3189.6,12.726,17.446,+3.200,
9.241,3300,3196.1,12.752,17.446,+3.200,
9.265,3300,3186.9,12.715,17.446,+3.200,
9.292,3300,3193.4,12.741,17.635,+3.389,
9.330,3300,3131.6,12.495,17.635,+3.389,
9.356,3300,3187.9,12.719,17.635,+3.389,
9.383,3300,3180.5,12.689,17.635,+3.389,
9.423,3300,3183.2,12.700,18.163,+3.917,
9.450,3300,3179.4,12.685,18.163,+3.917,
9.474,3300,3185.3,12.709,18.163,+3.917,
9.501,3300,3133.3,12.502,18.246,+4.000,
9.529,3300,3184.3,12.705,18.246,+4.000,
9.556,3300,3141.9,12.536,18.246,+4.000,
9.582,3300,3190.1,12.728,18.246,+4.000,
9.629,3300,3191.2,12.732,17.446,+3.200,
9.656,3300,3199.2,12.764,17.446,+3.200,
9.680,3300,3190.4,12.729,17.446,+3.200,
9.707,3300,3144.0,12.544,18.246,+4.000,
9.745,3300,3135.4,12.510,18.246,+4.000,
9.772,3300,3192.3,12.737,18.246,+4.000,
9.798,3300,3188.7,12.722,18.246,+4.000,
9.838,3300,3195.7,12.750,17.577,+3.331,
9.865,3300,3191.1,12.732,17.577,+3.331,
9.889,3300,3143.7,12.543,17.577,+3.331,
9.916,3300,3195.4,12.749,17.650,+3.405,
9.954,3300,3191.6,12.734,17.650,+3.405,
9.981,3300,3183.7,12.702,17.650,+3.405,
10.007,3300,3185.2,12.708,17.650,+3.405,
10.047,3300,3179.9,12.687,18.057,+3.812,
10.074,3300,3182.1,12.696,18.057,+3.812,
10.098,3300,3130.5,12.490,18.057,+3.812,
10.125,3300,3131.4,12.494,18.246,+4.000,
10.158,3300,3133.8,12.503,18.246,+4.000,
10.184,3300,3190.6,12.730,18.246,+4.000,
10.211,3300,3185.0,12.708,18.246,+4.000,
10.263,3300,3190.5,12.730,17.446,+3.200,
10.290,3300,3193.6,12.742,17.446,+3.200,
10.315,3300,3191.4,12.733,17.446,+3.200,
10.362,3300,3184.7,12.706,17.565,+3.319,
10.389,3300,3187.0,12.716,17.565,+3.319,
10.415,3300,3183.0,12.699,17.565,+3.319,
10.462,3300,3176.2,12.672,17.978,+3.732,
10.489,3300,3178.5,12.682,17.978,+3.732,
10.514,3300,3175.8,12.671,17.978,+3.732,
10.540,3300,3126.0,12.472,18.246,+4.000,
10.573,3300,3129.1,12.484,18.246,+4.000,
10.600,3300,3132.5,12.498,18.246,+4.000,
10.626,3300,3180.2,12.688,18.246,+4.000,
10.674,3300,3186.6,12.714,17.446,+3.200,
10.700,3300,3192.4,12.737,17.446,+3.200,
10.725,3300,3186.9,12.715,17.446,+3.200,
10.751,3300,3139.4,12.526,18.246,+4.000,
10.779,3300,3183.6,12.702,18.246,+4.000,
10.806,3300,3134.1,12.504,18.246,+4.000,
10.832,3300,3189.8,12.727,18.246,+4.000,
10.885,3300,3191.5,12.733,17.492,+3.246,
10.911,3300,3187.3,12.717,17.492,+3.246,
10.936,3300,3192.7,12.738,17.492,+3.246,
10.983,3300,3190.7,12.730,18.246,+4.000,
11.010,3300,3132.1,12.496,18.246,+4.000,
11.036,3300,3187.5,12.718,18.246,+4.000,
11.084,3300,3141.5,12.534,17.515,+3.270,
11.110,3300,3188.2,12.720,17.515,+3.270,
11.142,3300,3185.7,12.711,17.515,+3.270,
11.184,3300,3189.9,12.727,17.686,+3.440,
11.210,3300,3183.1,12.700,17.686,+3.440,
11.237,3300,3183.6,12.702,17.686,+3.440,
11.263,3300,3131.7,12.495,18.246,+4.000,
11.297,3300,3180.2,12.689,18.246,+4.000,
11.323,3300,3125.5,12.470,18.246,+4.000,
11.348,3300,3185.3,12.709,18.246,+4.000,
11.395,3300,3182.7,12.699,17.446,+3.200,
11.422,3300,3182.5,12.697,17.446,+3.200,
11.448,3300,3187.1,12.716,17.446,+3.200,
11.501,3300,3184.5,12.706,17.617,+3.372,
11.527,3300,3126.6,12.474,17.617,+3.372,
11.552,3300,3176.1,12.672,17.617,+3.372,
11.594,3300,3122.5,12.458,18.138,+3.893,
11.621,3300,3122.6,12.459,18.138,+3.893,
11.647,3300,3179.0,12.684,18.138,+3.893,
11.674,3300,3173.1,12.660,18.246,+4.000,
11.707,3300,3177.0,12.676,18.246,+4.000,
11.733,3300,3183.7,12.703,18.246,+4.000,
11.758,3300,3179.8,12.687,18.246,+4.000,
11.800,3300,3189.9,12.727,18.246,+4.000,
11.827,3300,3138.6,12.522,18.246,+4.000,
11.853,3300,3139.8,12.527,18.246,+4.000,
11.880,3300,3196.8,12.755,17.446,+3.200,
11.908,3300,3194.4,12.745,17.446,+3.200,
11.934,3300,3196.7,12.754,17.446,+3.200,
11.959,3300,3193.5,12.742,17.446,+3.200,
11.985,3300,3192.9,12.739,17.739,+3.493,
12.019,3300,3190.2,12.729,17.739,+3.493,
12.045,3300,3138.2,12.521,17.739,+3.493,
12.071,3300,3182.9,12.699,17.739,+3.493,
12.124,3300,3181.2,12.692,18.153,+3.907,
12.150,3300,3184.6,12.706,18.153,+3.907,
12.175,3300,3183.0,12.700,18.153,+3.907,
12.222,3300,3183.9,12.703,18.246,+4.000,
12.249,3300,3139.8,12.527,18.246,+4.000,
12.275,3300,3141.1,12.533,18.246,+4.000,
12.323,3300,3193.3,12.741,17.446,+3.200,
12.349,3300,3196.3,12.753,17.446,+3.200,
12.374,3300,3192.8,12.739,17.446,+3.200,
12.401,3300,3143.5,12.542,18.246,+4.000,
12.434,3300,3139.8,12.527,18.246,+4.000,
12.460,3300,3194.6,12.746,18.246,+4.000,
12.487,3300,3187.5,12.717,18.246,+4.000,
12.529,3300,3197.4,12.757,17.491,+3.245,
12.556,3300,3192.8,12.739,17.491,+3.245,
12.580,3300,3145.7,12.551,17.491,+3.245,
12.607,3300,3140.8,12.531,18.246,+4.000,
12.640,3300,3140.3,12.529,18.246,+4.000,
12.666,3300,3189.9,12.727,18.246,+4.000,
12.693,3300,3195.4,12.749,18.246,+4.000,
12.740,3300,3196.2,12.752,17.446,+3.200,
12.767,3300,3194.8,12.747,17.446,+3.200,
12.791,3300,3146.0,12.552,17.446,+3.200,
12.818,3300,3188.6,12.722,17.801,+3.555,
12.856,3300,3188.3,12.721,17.801,+3.555,
12.882,3300,3185.2,12.708,17.801,+3.555,
12.909,3300,3190.6,12.730,17.801,+3.555,
12.944,3300,3189.6,12.726,18.123,+3.877,
12.971,3300,3184.5,12.705,18.123,+3.877,
12.995,3300,3137.8,12.519,18.123,+3.877,
13.022,3300,3188.8,12.723,18.246,+4.000,
13.060,3300,3193.0,12.740,18.246,+4.000,
13.087,3300,3191.8,12.735,18.246,+4.000,
13.113,3300,3194.5,12.745,18.246,+4.000,
13.148,3300,3195.6,12.750,18.246,+4.000,
13.175,3300,3152.2,12.577,18.246,+4.000,
13.199,3300,3198.4,12.761,18.246,+4.000,
13.226,3300,3207.8,12.798,17.446,+3.200,
13.259,3300,3208.7,12.802,17.446,+3.200,
13.286,3300,3204.6,12.786,17.446,+3.200,
13.312,3300,3202.9,12.779,17.446,+3.200,
13.360,3300,3203.3,12.780,17.807,+3.561,
13.386,3300,3198.3,12.760,17.807,+3.561,
13.411,3300,3198.7,12.762,17.807,+3.561,
13.437,3300,3145.1,12.549,18.246,+4.000,
13.470,3300,3145.8,12.551,18.246,+4.000,
13.497,3300,3191.7,12.734,18.246,+4.000,
13.523,3300,3199.0,12.763,18.246,+4.000,
13.566,3300,3196.7,12.754,17.446,+3.200,
13.592,3300,3200.3,12.768,17.446,+3.200,
13.617,3300,3144.0,12.544,17.446,+3.200,
13.643,3300,3194.1,12.744,17.744,+3.498,
13.677,3300,3191.8,12.735,17.744,+3.498,
13.703,3300,3195.2,12.748,17.744,+3.498,
13.729,3300,3184.6,12.706,17.744,+3.498,
13.782,3300,3185.6,12.710,18.159,+3.913,
13.808,3300,3187.2,12.716,18.159,+3.913,
13.833,3300,3136.1,12.513,18.159,+3.913,
13.885,3300,3194.7,12.746,18.246,+4.000,
13.912,3300,3188.9,12.723,18.246,+4.000,
13.938,3300,3198.7,12.762,18.246,+4.000,
13.981,3300,3197.3,12.756,18.246,+4.000,
14.007,3300,3202.3,12.777,18.246,+4.000,
14.032,3300,3205.8,12.791,18.246,+4.000,
14.058,3300,3203.6,12.782,18.246,+4.000,
14.091,3300,3207.1,12.796,18.246,+4.000,
14.118,3300,3215.2,12.828,18.246,+4.000,
14.144,3300,3158.3,12.601,18.246,+4.000,
14.192,3300,3211.8,12.815,18.181,+3.935,
14.218,3300,3221.1,12.851,18.181,+3.935,
14.243,3300,3165.0,12.628,18.181,+3.935,
14.269,3300,3220.8,12.851,18.230,+3.984,
14.303,3300,3221.7,12.854,18.230,+3.984,
14.329,3300,3222.7,12.858,18.230,+3.984,
14.356,3300,3167.2,12.636,18.230,+3.984,
14.408,3300,3220.3,12.848,18.246,+4.000,
14.435,3300,3224.0,12.863,18.246,+4.000,
14.459,3300,3226.4,12.873,18.246,+4.000,
14.507,3300,3225.1,12.868,18.197,+3.951,
14.533,3300,3227.6,12.877,18.197,+3.951,
14.560,3300,3179.4,12.685,18.197,+3.951,
14.612,3300,3232.4,12.897,18.246,+4.000,
14.639,3300,3229.2,12.884,18.246,+4.000,
14.663,3300,3232.1,12.896,18.246,+4.000,
14.711,3300,3234.8,12.906,18.246,+4.000,
14.737,3300,3181.4,12.693,18.246,+4.000,
14.764,3300,3232.8,12.898,18.246,+4.000,
14.811,3300,3236.4,12.913,18.246,+4.000,
14.838,3300,3186.3,12.713,18.246,+4.000,
14.862,3300,3236.0,12.911,18.246,+4.000,
14.889,3300,3241.0,12.931,18.156,+3.910,
14.922,3300,3189.2,12.724,18.156,+3.910,
14.948,3300,3236.4,12.913,18.156,+3.910,
14.975,3300,3238.8,12.922,18.156,+3.910,
15.017,3300,3238.6,12.921,18.246,+4.000,
15.043,3300,3183.1,12.700,18.246,+4.000,
15.068,3300,3242.5,12.937,18.246,+4.000,
15.094,3300,3182.9,12.699,18.246,+4.000,
15.128,3300,3235.9,12.911,18.246,+4.000,
15.154,3300,3239.2,12.924,18.246,+4.000,
15.181,3300,3240.1,12.927,18.246,+4.000,
15.228,3300,3185.8,12.711,17.446,+3.200,
15.254,3300,3237.3,12.916,17.446,+3.200,
15.279,3300,3185.2,12.708,17.446,+3.200,
15.306,3300,3228.0,12.879,17.882,+3.636,
15.344,3300,3226.0,12.871,17.882,+3.636,
15.370,3300,3221.3,12.852,17.882,+3.636,
15.397,3300,3223.8,12.862,17.882,+3.636,
15.442,3300,3217.3,12.836,18.212,+3.966,
15.469,3300,3214.2,12.824,18.212,+3.966,
15.493,3300,3220.4,12.849,18.212,+3.966,
15.541,3300,3217.7,12.838,18.246,+4.000,
15.567,3300,3214.9,12.827,18.246,+4.000,
15.594,3300,3169.5,12.646,18.246,+4.000,
15.641,3300,3223.1,12.859,18.246,+4.000,
15.668,3300,3216.8,12.834,18.246,+4.000,
15.692,3300,3173.1,12.660,18.246,+4.000,
15.719,3300,3219.3,12.844,18.246,+4.000,
15.747,3300,3221.7,12.854,18.246,+4.000,
15.773,3300,3227.5,12.877,18.246,+4.000,
15.800,3300,3220.3,12.849,18.246,+4.000,
15.837,3300,3225.3,12.868,18.246,+4.000,
15.864,3300,3169.0,12.644,18.246,+4.000,
15.895,3300,3225.9,12.871,18.246,+4.000,
15.922,3300,3232.7,12.898,17.446,+3.200,
15.955,3300,3179.9,12.687,17.446,+3.200,
15.981,3300,3225.1,12.868,17.446,+3.200,
16.008,3300,3225.5,12.869,17.446,+3.200,
16.055,3300,3224.3,12.864,17.804,+3.559,
16.082,3300,3163.5,12.622,17.804,+3.559,
16.106,3300,3215.5,12.829,17.804,+3.559,
16.133,3300,3211.9,12.815,18.192,+3.946,
16.161,3300,3205.7,12.790,18.192,+3.946,
16.187,3300,3213.7,12.822,18.192,+3.946,
16.214,3300,3155.2,12.589,18.192,+3.946,
16.261,3300,2958.3,11.803,18.246,+4.000,
16.288,3300,2828.6,11.286,18.246,+4.000,shot:3214:51
16.310,3300,2710.2,10.813,18.246,+4.000,
16.335,3300,2652.6,10.584,18.246,+4.000,
16.373,3300,2689.0,10.728,18.246,+4.000,
16.400,3300,2710.8,10.816,18.246,+4.000,
16.426,3300,2731.9,10.900,18.246,+4.000,
16.466,3300,2763.8,11.027,17.575,+3.329,
16.493,3300,2782.1,11.100,17.575,+3.329,
16.524,3300,2804.7,11.190,17.575,+3.329,
16.577,3300,2784.7,11.110,17.083,+2.837,
16.604,3300,2795.2,11.152,17.083,+2.837,
16.630,3300,2802.9,11.183,17.083,+2.837,
16.683,3300,2818.9,11.247,17.135,+2.889,
16.709,3300,2828.5,11.285,17.135,+2.889,
16.734,3300,2880.0,11.491,17.135,+2.889,
16.786,3300,2895.3,11.552,17.418,+3.172,
16.813,3300,2898.5,11.565,17.418,+3.172,
16.839,3300,2863.4,11.424,17.418,+3.172,
16.886,3300,2921.0,11.654,17.591,+3.345,
16.913,3300,2929.6,11.688,17.591,+3.345,
16.937,3300,2886.5,11.517,17.591,+3.345,
16.964,3300,2944.9,11.750,17.686,+3.440,
16.997,3300,2953.8,11.785,17.686,+3.440,
17.024,3300,2958.9,11.806,17.686,+3.440,
17.050,3300,2968.4,11.844,17.686,+3.440,
17.097,3300,2977.5,11.880,17.761,+3.515,
17.124,3300,2987.9,11.921,17.761,+3.515,
17.148,3300,2943.1,11.742,17.761,+3.515,
17.175,3300,3000.3,11.971,17.830,+3.584,
17.208,3300,3006.2,11.994,17.830,+3.584,
17.235,3300,3013.4,12.023,17.830,+3.584,
17.261,3300,2972.8,11.861,17.830,+3.584,
17.309,3300,2981.3,11.895,17.852,+3.606,
17.335,3300,3041.2,12.134,17.852,+3.606,
17.360,3300,3042.9,12.141,17.852,+3.606,
17.386,3300,3053.6,12.183,17.803,+3.557,
17.424,3300,3009.4,12.007,17.803,+3.557,
17.451,3300,3063.2,12.221,17.803,+3.557,
17.477,3300,3067.1,12.237,17.803,+3.557,
17.518,3300,3072.9,12.260,17.850,+3.604,
17.544,3300,3081.5,12.295,17.850,+3.604,
17.569,3300,3080.6,12.291,17.850,+3.604,
17.595,3300,3091.1,12.333,17.924,+3.678,
17.628,3300,3046.6,12.156,17.924,+3.678,
17.655,3300,3045.0,12.149,17.924,+3.678,
17.682,3300,3104.6,12.387,17.924,+3.678,
17.729,3300,3111.8,12.415,18.042,+3.796,
17.755,3300,3109.2,12.405,18.042,+3.796,
17.780,3300,3119.1,12.445,18.042,+3.796,
17.806,3300,3116.8,12.436,18.166,+3.920,
17.840,3300,3073.3,12.262,18.166,+3.920,
17.866,3300,3082.9,12.300,18.166,+3.920,
17.893,3300,3081.4,12.294,18.166,+3.920,
17.935,3300,3143.7,12.543,18.052,+3.806,
17.961,3300,3143.1,12.540,18.052,+3.806,
17.986,3300,3100.8,12.372,18.052,+3.806,
18.012,3300,3103.0,12.380,18.246,+4.000,
18.046,3300,3105.6,12.391,18.246,+4.000,
18.072,3300,3110.0,12.408,18.246,+4.000,
18.099,3300,3115.5,12.430,18.246,+4.000,
18.141,3300,3168.9,12.643,17.446,+3.200,
18.168,3300,3126.7,12.475,17.446,+3.200,
18.192,3300,3169.8,12.647,17.446,+3.200,
18.219,3300,3176.3,12.673,17.580,+3.334,
18.252,3300,3173.8,12.663,17.580,+3.334,
18.278,3300,3167.0,12.636,17.580,+3.334,
18.305,3300,3168.9,12.643,17.580,+3.334,
18.357,3300,3165.6,12.630,18.054,+3.809,
18.384,3300,3170.7,12.651,18.054,+3.809,
18.408,3300,3114.7,12.427,18.054,+3.809,
18.456,3300,3120.5,12.450,18.246,+4.000,
18.482,3300,3126.5,12.474,18.246,+4.000,
18.509,3300,3175.2,12.669,18.246,+4.000,
18.556,3300,3182.9,12.699,17.446,+3.200,
18.583,3300,3188.9,12.723,17.446,+3.200,
18.607,3300,3182.7,12.699,17.446,+3.200,
18.634,3300,3188.2,12.720,17.478,+3.232,
18.667,3300,3185.9,12.711,17.478,+3.232,
18.694,3300,3124.8,12.467,17.478,+3.232,
18.720,3300,3133.7,12.503,17.478,+3.232,
18.768,3300,3128.8,12.483,17.999,+3.754,
18.794,3300,3119.2,12.445,17.999,+3.754,
18.819,3300,3176.7,12.675,17.999,+3.754,
18.845,3300,3173.0,12.660,18.246,+4.000,
18.878,3300,3176.0,12.672,18.246,+4.000,
18.905,3300,3180.0,12.688,18.246,+4.000,
18.931,3300,3186.3,12.713,18.246,+4.000,
18.979,3300,3187.3,12.717,18.246,+4.000,
19.005,3300,3138.9,12.524,18.246,+4.000,
19.030,3300,3195.0,12.747,18.246,+4.000,
19.056,3300,3195.4,12.749,17.446,+3.200,
19.090,3300,3196.4,12.753,17.446,+3.200,label:in
19.114,3300,3149.0,12.564,17.446,+3.200,
19.141,3300,3192.8,12.739,17.446,+3.200,
19.188,3300,3190.9,12.731,17.736,+3.490,
19.215,3300,3196.1,12.752,17.736,+3.490,
19.239,3300,3188.0,12.720,17.736,+3.490,
19.266,3300,3142.4,12.537,18.246,+4.000,
19.299,3300,3141.0,12.532,18.246,+4.000,
19.325,3300,3187.7,12.718,18.246,+4.000,
19.352,3300,3192.1,12.736,18.246,+4.000,
19.399,3300,3199.8,12.766,17.455,+3.209,
19.426,3300,3193.7,12.742,17.455,+3.209,
19.450,3300,3148.2,12.561,17.455,+3.209,
19.477,3300,3196.2,12.752,17.591,+3.345,
19.505,3300,3188.9,12.723,17.591,+3.345,
19.532,3300,3195.1,12.748,17.591,+3.345,
19.558,3300,3185.5,12.710,17.591,+3.345,
19.606,3300,3180.0,12.688,17.994,+3.748,
19.632,3300,3187.7,12.718,17.994,+3.748,
19.657,3300,3129.9,12.488,17.994,+3.748,
19.683,3300,3185.0,12.708,18.246,+4.000,
19.717,3300,3186.4,12.713,18.246,+4.000,
19.743,3300,3189.1,12.724,18.246,+4.000,
19.770,3300,3188.1,12.720,18.246,+4.000,
19.817,3300,3196.3,12.753,18.246,+4.000,
19.843,3300,3148.5,12.562,18.246,+4.000,
19.868,3300,3199.8,12.767,18.246,+4.000,
19.894,3300,3207.2,12.796,18.084,+3.838,
19.933,3300,3206.7,12.794,18.084,+3.838,
19.959,3300,3159.4,12.605,18.084,+3.838,
19.986,3300,3206.7,12.794,18.084,+3.838,
20.026,3300,3215.2,12.828,18.186,+3.940,
20.053,3300,3209.4,12.805,18.186,+3.940,
20.077,3300,3164.7,12.627,18.186,+3.940,
20.104,3300,3213.7,12.822,18.246,+4.000,
20.132,3300,3215.1,12.828,18.246,+4.000,
20.158,3300,3221.2,12.852,18.246,+4.000,
20.185,3300,3165.8,12.631,18.246,+4.000,
20.232,3300,3218.8,12.842,18.217,+3.971,
20.259,3300,3228.1,12.880,18.217,+3.971,
20.284,3300,3169.5,12.646,18.217,+3.971,
20.310,3300,3227.0,12.875,18.246,+4.000,
20.343,3300,3228.3,12.880,18.246,+4.000,
20.370,3300,3177.9,12.679,18.246,+4.000,
20.397,3300,3226.9,12.875,18.246,+4.000,
20.444,3300,3229.6,12.886,18.246,+4.000,
20.471,3300,3183.3,12.701,18.246,+4.000,
20.495,3300,3229.2,12.884,18.246,+4.000,
20.522,3300,3239.2,12.924,18.123,+3.877,
20.555,3300,3185.5,12.709,18.123,+3.877,
20.581,3300,3236.6,12.913,18.123,+3.877,
20.608,3300,3235.2,12.908,18.123,+3.877,
20.655,3300,3182.1,12.696,18.246,+4.000,
20.682,3300,3240.0,12.927,18.246,+4.000,
20.707,3300,3179.7,12.686,18.246,+4.000,
20.733,3300,3238.3,12.920,17.446,+3.200,
20.766,3300,3240.1,12.928,17.446,+3.200,
20.793,3300,3181.5,12.694,17.446,+3.200,
20.820,3300,3231.1,12.892,17.446,+3.200,
20.867,3300,3227.4,12.877,17.852,+3.606,
20.894,3300,3222.7,12.858,17.852,+3.606,
20.918,3300,3218.4,12.841,17.852,+3.606,
20.945,3300,3224.5,12.865,18.021,+3.775,
20.983,3300,3218.9,12.843,18.021,+3.775,
21.010,3300,3219.9,12.847,18.021,+3.775,
21.036,3300,3210.9,12.811,18.021,+3.775,
21.076,3300,3219.8,12.846,18.246,+4.000,
21.103,3300,3212.1,12.816,18.246,+4.000,
21.127,3300,3220.5,12.849,18.246,+4.000,
21.154,3300,3217.2,12.836,18.246,+4.000,
21.187,3300,3218.9,12.843,18.246,+4.000,
21.214,3300,3169.1,12.644,18.246,+4.000,
21.240,3300,3226.6,12.874,18.246,+4.000,
21.283,3300,3223.1,12.860,18.157,+3.911,
21.309,3300,3230.4,12.889,18.157,+3.911,
21.334,3300,3225.0,12.867,18.157,+3.911,
21.360,3300,3228.8,12.882,18.246,+4.000,
21.394,3300,3230.5,12.889,18.246,+4.000,
21.420,3300,3234.6,12.905,18.246,+4.000,
21.447,3300,3228.1,12.880,18.246,+4.000,
21.494,3300,3232.0,12.895,18.246,+4.000,
21.521,3300,3237.2,12.916,18.246,+4.000,
21.545,3300,3232.9,12.899,18.246,+4.000,
21.572,3300,3186.8,12.715,18.246,+4.000,
21.605,3300,3240.4,12.929,18.246,+4.000,
21.631,3300,3240.6,12.929,18.246,+4.000,
21.658,3300,3183.6,12.702,18.246,+4.000,
21.705,3300,3238.7,12.922,17.446,+3.200,
21.732,3300,3241.3,12.932,17.446,+3.200,
21.756,3300,3230.3,12.888,17.446,+3.200,
21.783,3300,3236.3,12.912,17.592,+3.346,
21.816,3300,3231.6,12.894,17.592,+3.346,
21.843,3300,3171.1,12.652,17.592,+3.346,
21.869,3300,3218.5,12.841,17.592,+3.346,
21.911,3300,3219.5,12.845,18.231,+3.986,
21.938,3300,3210.7,12.810,18.231,+3.986,
21.962,3300,3165.6,12.630,18.231,+3.986,
21.989,3300,3214.1,12.824,18.246,+4.000,
22.022,3300,3215.1,12.828,18.246,+4.000,
22.049,3300,3220.3,12.848,18.246,+4.000,
22.075,3300,3221.8,12.855,18.246,+4.000,
22.122,3300,3172.0,12.656,18.246,+4.000,
22.149,3300,3223.3,12.861,18.246,+4.000,
22.173,3300,3227.6,12.878,18.246,+4.000,
22.200,3300,3173.4,12.661,18.246,+4.000,
22.228,3300,3179.6,12.686,18.246,+4.000,
22.254,3300,3230.0,12.887,18.246,+4.000,
22.281,3300,3229.0,12.883,18.246,+4.000,
22.329,3300,3181.7,12.694,18.246,+4.000,
22.355,3300,3238.8,12.922,18.246,+4.000,
22.382,3300,3231.3,12.892,18.246,+4.000,
22.424,3300,3186.8,12.715,18.246,+4.000,
22.451,3300,3238.4,12.920,18.246,+4.000,
22.477,3300,3236.2,12.912,18.246,+4.000,
22.504,3300,3190.5,12.730,18.246,+4.000,
22.542,3300,3238.3,12.920,18.246,+4.000,
22.568,3300,3244.4,12.945,18.246,+4.000,
22.593,3300,3237.7,12.918,18.246,+4.000,
22.633,3300,3244.7,12.946,17.446,+3.200,
22.660,3300,3235.8,12.910,17.446,+3.200,
22.686,3300,3240.7,12.930,17.446,+3.200,
22.738,3300,3229.2,12.884,17.761,+3.515,
22.765,3300,3181.4,12.693,17.761,+3.515,
22.790,3300,3219.6,12.846,17.761,+3.515,
22.837,3300,3217.5,12.837,18.210,+3.964,
22.864,3300,3171.4,12.653,18.210,+3.964,
22.890,3300,3216.6,12.834,18.210,+3.964,
22.937,3300,3216.4,12.833,18.246,+4.000,
22.964,3300,3222.6,12.858,18.246,+4.000,
22.995,3300,3173.4,12.661,18.246,+4.000,
23.043,3300,3227.4,12.877,18.246,+4.000,
23.070,3300,3223.0,12.859,18.246,+4.000,
23.096,3300,3178.2,12.681,18.246,+4.000,
23.143,3300,3234.2,12.904,18.246,+4.000,
23.170,3300,3228.9,12.883,18.246,+4.000,
23.202,3300,3177.5,12.678,18.246,+4.000,
23.249,3300,3231.3,12.892,18.246,+4.000,
23.276,3300,3236.8,12.914,18.246,+4.000,
23.302,3300,3182.6,12.698,18.246,+4.000,
23.345,3300,3235.4,12.909,18.246,+4.000,
23.371,3300,3241.6,12.934,18.246,+4.000,
23.403,3300,3241.7,12.934,18.246,+4.000,
23.450,3300,3242.4,12.937,18.246,+4.000,
23.477,3300,3239.6,12.925,18.246,+4.000,
23.503,3300,3245.5,12.949,18.246,+4.000,
23.550,3300,3247.0,12.955,18.246,+4.000,
23.577,3300,3188.2,12.720,18.246,+4.000,
23.609,3300,3239.4,12.925,18.246,+4.000,
23.656,3300,3242.3,12.936,18.246,+4.000,
23.682,3300,3247.5,12.957,18.246,+4.000,
23.709,3300,3243.7,12.942,18.246,+4.000,
23.751,3300,3245.5,12.949,18.246,+4.000,
23.778,3300,3249.5,12.965,18.246,+4.000,
23.810,3300,3248.1,12.959,18.246,+4.000,
23.857,3300,3194.1,12.744,18.246,+4.000,
23.883,3300,3244.4,12.945,18.246,+4.000,
23.910,3300,3199.4,12.765,18.246,+4.000,
23.962,3300,3248.4,12.961,17.446,+3.200,
23.989,3300,3246.2,12.952,17.446,+3.200,
24.013,3300,3240.4,12.929,17.446,+3.200,
24.056,3300,3240.1,12.927,17.835,+3.589,
24.082,3300,3227.7,12.878,17.835,+3.589,
24.109,3300,3180.6,12.690,17.835,+3.589,
24.135,3300,3227.4,12.877,18.133,+3.887,
24.169,3300,3227.0,12.875,18.133,+3.887,
24.195,3300,3223.3,12.860,18.133,+3.887,
24.219,3300,3228.0,12.879,18.133,+3.887,
24.262,3300,3219.4,12.845,18.246,+4.000,
24.288,3300,3227.6,12.878,18.246,+4.000,
24.315,3300,3170.8,12.651,18.246,+4.000,
24.341,3300,3224.1,12.864,18.246,+4.000,
24.370,3300,3229.7,12.886,18.246,+4.000,
24.396,3300,3225.7,12.870,18.246,+4.000,
24.421,3300,3178.2,12.680,18.246,+4.000,
24.447,3300,3230.0,12.887,18.246,+4.000,
24.480,3300,3228.8,12.882,18.246,+4.000,
24.507,3300,3229.3,12.884,18.246,+4.000,
24.533,3300,3236.2,12.912,18.246,+4.000,
24.581,3300,3237.3,12.916,18.246,+4.000,
24.607,3300,3231.2,12.892,18.246,+4.000,
24.632,3300,3239.8,12.926,18.246,+4.000,
24.658,3300,3234.1,12.903,18.246,+4.000,
24.691,3300,3235.2,12.908,18.246,+4.000,
24.718,3300,3236.4,12.913,18.246,+4.000,
24.744,3300,3243.2,12.940,18.246,+4.000,
24.792,3300,3240.1,12.928,18.207,+3.961,
24.818,3300,3237.0,12.915,18.207,+3.961,
24.843,3300,3243.8,12.942,18.207,+3.961,
24.869,3300,3186.3,12.713,18.246,+4.000,
24.902,3300,3239.9,12.927,18.246,+4.000,
24.929,3300,3243.5,12.941,18.246,+4.000,
24.955,3300,3192.6,12.738,18.246,+4.000,
25.003,3300,3244.1,12.943,17.446,+3.200,
25.029,3300,3240.8,12.930,17.446,+3.200,
25.054,3300,3241.8,12.934,17.446,+3.200,
25.080,3300,3233.2,12.900,17.832,+3.586,
25.108,3300,3236.1,12.912,17.832,+3.586,
25.135,3300,3228.1,12.880,17.832,+3.586,
25.161,3300,3170.6,12.650,17.832,+3.586,
25.204,3300,3227.0,12.875,18.239,+3.993,
25.230,3300,3220.7,12.850,18.239,+3.993,
25.255,3300,3173.8,12.663,18.239,+3.993,
25.281,3300,3224.0,12.863,18.246,+4.000,
25.320,3300,3228.6,12.881,18.246,+4.000,
25.346,3300,3224.5,12.865,18.246,+4.000,
25.373,3300,3225.4,12.869,18.246,+4.000,
25.413,3300,3228.7,12.882,18.218,+3.972,
25.439,3300,3227.4,12.877,18.218,+3.972,
25.464,3300,3233.8,12.902,18.218,+3.972,
25.490,3300,3228.5,12.881,18.246,+4.000,
25.529,3300,3182.2,12.696,18.246,+4.000,
25.555,3300,3230.4,12.889,18.246,+4.000,
25.582,3300,3238.1,12.919,18.246,+4.000,
25.617,3300,3236.7,12.914,18.228,+3.983,
25.643,3300,3186.4,12.713,18.228,+3.983,
25.668,3300,3236.3,12.912,18.228,+3.983,
25.694,3300,3240.4,12.929,18.246,+4.000,
25.727,3300,3190.5,12.729,18.246,+4.000,
25.754,3300,3235.9,12.911,18.246,+4.000,
25.780,3300,3239.8,12.926,18.246,+4.000,
25.828,3300,3192.3,12.737,18.246,+4.000,
25.854,3300,3241.3,12.932,18.246,+4.000,
25.879,3300,3191.1,12.732,18.246,+4.000,
25.905,3300,3247.7,12.958,17.446,+3.200,
25.934,3300,3241.3,12.932,17.446,+3.200,
25.960,3300,3246.4,12.953,17.446,+3.200,
25.986,3300,3190.4,12.729,17.446,+3.200,
26.024,3300,3191.3,12.733,17.596,+3.351,
26.050,3300,3232.0,12.895,17.596,+3.351,
26.082,3300,3224.7,12.866,17.596,+3.351,
26.108,3300,3226.6,12.873,18.124,+3.878,
26.136,3300,3175.7,12.670,18.124,+3.878,
26.163,3300,3219.7,12.846,18.124,+3.878,
26.189,3300,3222.4,12.857,18.124,+3.878,
26.232,3300,3220.4,12.849,18.246,+4.000,
26.258,3300,3166.0,12.632,18.246,+4.000,
26.283,3300,3226.6,12.874,18.246,+4.000,
26.309,3300,3221.1,12.852,18.246,+4.000,
26.348,3300,3175.9,12.671,18.246,+4.000,
26.374,3300,3225.4,12.869,18.246,+4.000,
26.401,3300,3233.0,12.899,18.246,+4.000,
26.441,3300,3178.3,12.681,18.246,+4.000,
26.467,3300,3237.2,12.916,18.246,+4.000,
26.492,3300,3234.8,12.906,18.246,+4.000,
26.518,3300,3236.7,12.914,17.446,+3.200,
26.546,3300,3242.8,12.938,17.446,+3.200,
26.573,3300,3235.2,12.908,17.446,+3.200,
26.599,3300,3236.5,12.913,17.446,+3.200,
26.647,3300,3178.3,12.681,18.246,+4.000,
26.673,3300,3187.9,12.719,18.246,+4.000,
26.698,3300,3034.3,12.106,18.246,+4.000,
26.724,3300,2823.0,11.263,18.246,+4.000,shot:3215:36
26.762,3300,2714.4,10.830,18.246,+4.000,
26.789,3300,2724.2,10.869,18.246,+4.000,
26.815,3300,2749.2,10.969,18.246,+4.000,
26.856,3300,2779.4,11.089,18.246,+4.000,
26.882,3300,2754.0,10.988,18.246,+4.000,
26.907,3300,2818.0,11.244,18.246,+4.000,
26.933,3300,2835.0,11.311,17.633,+3.388,
26.961,3300,2807.2,11.200,17.633,+3.388,
26.988,3300,2821.4,11.257,17.633,+3.388,
27.014,3300,2882.4,11.500,17.633,+3.388,
27.062,3300,2900.6,11.573,17.329,+3.083,
27.088,3300,2911.6,11.617,17.329,+3.083,
27.113,3300,2871.3,11.456,17.329,+3.083,
27.139,3300,2924.6,11.668,17.411,+3.165,
27.177,3300,2936.4,11.716,17.411,+3.165,
27.204,3300,2941.0,11.734,17.411,+3.165,
27.230,3300,2902.6,11.581,17.411,+3.165,
27.266,3300,2955.1,11.790,17.595,+3.349,
27.292,3300,2916.0,11.634,17.595,+3.349,
27.317,3300,2967.6,11.840,17.595,+3.349,
27.343,3300,2978.5,11.884,17.674,+3.428,
27.371,3300,2983.0,11.902,17.674,+3.428,
27.398,3300,2990.8,11.933,17.674,+3.428,
27.424,3300,2995.3,11.951,17.674,+3.428,
27.467,3300,3008.4,12.003,18.246,+4.000,
27.493,3300,3011.0,12.013,18.246,+4.000,
27.517,3300,3023.1,12.062,18.246,+4.000,
27.544,3300,3027.9,12.081,17.446,+3.200,
27.572,3300,3041.0,12.133,17.446,+3.200,
27.599,3300,3045.7,12.152,17.446,+3.200,
27.625,3300,3004.2,11.986,17.446,+3.200,
27.672,3300,3062.4,12.219,17.383,+3.137,
27.699,3300,3010.3,12.010,17.383,+3.137,
27.723,3300,3065.5,12.231,17.383,+3.137,
27.750,3300,3065.4,12.231,17.654,+3.408,
27.783,3300,3019.1,12.046,17.654,+3.408,
27.810,3300,3073.1,12.261,17.654,+3.408,
27.836,3300,3072.7,12.260,17.654,+3.408,
27.884,3300,3032.7,12.100,17.937,+3.691,
27.910,3300,3082.6,12.299,17.937,+3.691,
27.935,3300,3041.6,12.135,17.937,+3.691,
27.961,3300,3090.6,12.331,18.022,+3.776,
28.000,3300,3103.3,12.382,18.022,+3.776,
28.026,3300,3100.4,12.370,18.022,+3.776,
28.053,3300,3109.8,12.407,18.022,+3.776,
28.098,3300,3066.3,12.234,17.963,+3.717,
28.125,3300,3069.0,12.245,17.963,+3.717,
28.149,3300,3124.9,12.468,17.963,+3.717,
28.197,3300,3127.6,12.478,17.961,+3.715,
28.223,3300,3137.2,12.517,17.961,+3.715,
28.250,3300,3088.1,12.321,17.961,+3.715,
28.307,3300,3146.9,12.556,18.246,+4.000,
28.339,3300,3102.0,12.377,18.246,+4.000,
28.366,3300,3151.6,12.574,18.246,+4.000,
28.378,3300,3153.9,12.583,17.446,+3.200,label:short
28.426,3300,3161.3,12.613,17.446,+3.200,
28.453,3300,3164.3,12.625,17.446,+3.200,
28.479,3300,3161.4,12.613,17.573,+3.327,
28.507,3300,3167.2,12.637,17.573,+3.327,
28.539,3300,3166.1,12.632,17.573,+3.327,
28.566,3300,3157.5,12.598,17.573,+3.327,
28.613,3300,3159.5,12.606,18.246,+4.000,
28.640,3300,3166.6,12.634,18.246,+4.000,
28.666,3300,3161.0,12.612,18.246,+4.000,
28.719,3300,3171.0,12.652,18.246,+4.000,
28.743,3300,3176.0,12.671,18.246,+4.000,
28.770,3300,3180.8,12.691,18.246,+4.000,
28.812,3300,3183.1,12.700,17.446,+3.200,
28.838,3300,3191.5,12.733,17.446,+3.200,
28.865,3300,3184.6,12.706,17.446,+3.200,
28.892,3300,3188.5,12.722,17.603,+3.357,
28.925,3300,3187.2,12.717,17.603,+3.357,
28.949,3300,3127.0,12.476,17.603,+3.357,
28.976,3300,3180.5,12.690,17.603,+3.357,
29.023,3300,3183.4,12.701,18.052,+3.807,
29.050,3300,3178.2,12.680,18.052,+3.807,
29.076,3300,3180.8,12.691,18.052,+3.807,
29.129,3300,3181.9,12.695,18.246,+4.000,
29.153,3300,3136.7,12.515,18.246,+4.000,
29.180,3300,3135.6,12.510,18.246,+4.000,
29.227,3300,3193.3,12.741,18.246,+4.000,
29.254,3300,3200.5,12.769,18.246,+4.000,
29.280,3300,3196.5,12.753,18.246,+4.000,
29.328,3300,3203.2,12.780,18.246,+4.000,
29.360,3300,3206.9,12.795,18.246,+4.000,
29.386,3300,3214.8,12.826,18.246,+4.000,
29.434,3300,3214.3,12.825,18.094,+3.848,
29.460,3300,3159.9,12.608,18.094,+3.848,
29.487,3300,3220.4,12.849,18.094,+3.848,
29.529,3300,3216.4,12.833,18.198,+3.952,
29.561,3300,3163.6,12.622,18.198,+3.952,
29.588,3300,3220.2,12.848,18.198,+3.952,
29.630,3300,3222.5,12.857,18.246,+4.000,
29.656,3300,3222.2,12.856,18.246,+4.000,
29.683,3300,3176.0,12.672,18.246,+4.000,
29.709,3300,3224.0,12.863,18.246,+4.000,
29.738,3300,3225.3,12.868,18.246,+4.000,
29.762,3300,3227.7,12.878,18.246,+4.000,
29.789,3300,3173.5,12.662,18.246,+4.000,
29.815,3300,3234.0,12.903,18.177,+3.931,
29.853,3300,3230.2,12.888,18.177,+3.931,
29.880,3300,3181.8,12.695,18.177,+3.931,
29.906,3300,3232.1,12.895,18.177,+3.931,
29.952,3300,3232.5,12.897,18.246,+4.000,
29.976,3300,3237.7,12.918,18.246,+4.000,
30.003,3300,3230.6,12.889,18.246,+4.000,
30.050,3300,3181.7,12.694,18.246,+4.000,
30.077,3300,3241.2,12.932,18.246,+4.000,
30.104,3300,3235.8,12.910,18.246,+4.000,
30.146,3300,3186.5,12.713,18.246,+4.000,
30.170,3300,3241.4,12.933,18.246,+4.000,
30.197,3300,3238.8,12.922,18.246,+4.000,
30.223,3300,3245.2,12.948,17.446,+3.200,
30.252,3300,3243.0,12.939,17.446,+3.200,
30.278,3300,3239.3,12.924,17.446,+3.200,
30.305,3300,3190.5,12.730,17.446,+3.200,
30.347,3300,3177.0,12.676,17.723,+3.477,
30.372,3300,3234.2,12.904,17.723,+3.477,
30.398,3300,3222.4,12.857,17.723,+3.477,
30.425,3300,3221.7,12.854,18.197,+3.951,
30.458,3300,3219.9,12.847,18.197,+3.951,
30.485,3300,3224.5,12.865,18.197,+3.951,
30.511,3300,3165.5,12.630,18.197,+3.951,
30.558,3300,3217.4,12.837,18.246,+4.000,
30.583,3300,3226.2,12.872,18.246,+4.000,
30.610,3300,3169.3,12.645,18.246,+4.000,
30.636,3300,3225.2,12.868,18.246,+4.000,
30.664,3300,3229.0,12.883,18.246,+4.000,
30.691,3300,3225.4,12.869,18.246,+4.000,
30.717,3300,3179.1,12.684,18.246,+4.000,
30.770,3300,3230.8,12.890,18.246,+4.000,
30.794,3300,3183.4,12.701,18.246,+4.000,
30.821,3300,3231.1,12.892,18.246,+4.000,
30.868,3300,3234.1,12.903,18.246,+4.000,
30.895,3300,3190.4,12.729,18.246,+4.000,
30.921,3300,3235.7,12.910,18.246,+4.000,
30.969,3300,3235.4,12.909,18.230,+3.984,
31.001,3300,3236.3,12.912,18.230,+3.984,
31.027,3300,3242.8,12.938,18.230,+3.984,
31.075,3300,3193.7,12.742,18.246,+4.000,
31.101,3300,3240.6,12.929,18.246,+4.000,
31.128,3300,3244.7,12.946,18.246,+4.000,
31.175,3300,3194.7,12.746,18.246,+4.000,
31.207,3300,3249.9,12.967,18.246,+4.000,
31.233,3300,3193.4,12.741,18.246,+4.000,
31.276,3300,3245.5,12.949,17.446,+3.200,
31.302,3300,3248.5,12.961,17.446,+3.200,
31.329,3300,3187.3,12.717,17.446,+3.200,
31.355,3300,3241.4,12.933,17.761,+3.515,
31.394,3300,3229.7,12.886,17.761,+3.515,
31.418,3300,3235.7,12.910,17.761,+3.515,
31.445,3300,3224.7,12.866,17.761,+3.515,
31.480,3300,3224.6,12.865,18.246,+4.000,
31.506,3300,3221.9,12.855,18.246,+4.000,
31.533,3300,3229.4,12.885,18.246,+4.000,
31.559,3300,3222.1,12.856,18.246,+4.000,
31.592,3300,3223.6,12.861,18.246,+4.000,
31.624,3300,3172.6,12.658,18.246,+4.000,
31.651,3300,3230.6,12.889,18.246,+4.000,
31.691,3300,3229.4,12.885,18.138,+3.892,
31.717,3300,3178.6,12.682,18.138,+3.892,
31.744,3300,3235.5,12.909,18.138,+3.892,
31.786,3300,3228.5,12.881,18.238,+3.992,
31.813,3300,3236.5,12.913,18.238,+3.992,
31.837,3300,3231.8,12.894,18.238,+3.992,
31.864,3300,3235.8,12.910,18.246,+4.000,
31.897,3300,3236.6,12.914,18.246,+4.000,
31.923,3300,3186.1,12.712,18.246,+4.000,
31.950,3300,3232.7,12.898,18.246,+4.000,
31.992,3300,3242.1,12.936,18.246,+4.000,
32.019,3300,3186.1,12.712,18.246,+4.000,
32.043,3300,3239.4,12.925,18.246,+4.000,
32.070,3300,3242.0,12.935,18.240,+3.994,
32.108,3300,3242.1,12.935,18.240,+3.994,
32.134,3300,3243.5,12.941,18.240,+3.994,
32.161,3300,3187.4,12.717,18.240,+3.994,
32.201,3300,3248.3,12.960,18.246,+4.000,
32.233,3300,3246.5,12.953,18.246,+4.000,
32.259,3300,3242.0,12.935,18.246,+4.000,
32.307,3300,3245.7,12.950,18.246,+4.000,
32.333,3300,3199.5,12.765,18.246,+4.000,
32.360,3300,3244.7,12.946,18.246,+4.000,
32.407,3300,3243.4,12.941,18.246,+4.000,
32.439,3300,3244.7,12.946,18.246,+4.000,
32.466,3300,3251.1,12.971,18.246,+4.000,
32.508,3300,3197.5,12.757,18.246,+4.000,
32.534,3300,3248.9,12.962,18.246,+4.000,
32.561,3300,3253.0,12.979,18.246,+4.000,
32.587,3300,3195.4,12.749,18.246,+4.000,
32.620,3300,3247.5,12.957,18.246,+4.000,
32.645,3300,3255.0,12.987,18.246,+4.000,
32.671,3300,3251.7,12.974,18.246,+4.000,
32.719,3300,3248.1,12.959,17.446,+3.200,
32.745,3300,3195.4,12.749,17.446,+3.200,
32.772,3300,3248.2,12.960,17.446,+3.200,
32.819,3300,3238.0,12.919,17.693,+3.447,
32.851,3300,3180.4,12.689,17.693,+3.447,
32.877,3300,3229.3,12.884,17.693,+3.447,
32.925,3300,3228.5,12.881,18.246,+4.000,
32.951,3300,3175.8,12.671,18.246,+4.000,
32.978,3300,3220.8,12.851,18.246,+4.000,
33.020,3300,3197.0,12.756,18.246,+4.000,
33.052,3300,3007.9,12.001,18.246,+4.000,shot:3236:28
33.074,3300,2872.9,11.462,18.246,+4.000,
33.101,3300,2742.0,10.940,18.246,+4.000,
33.139,3300,2686.6,10.719,18.246,+4.000,
33.166,3300,2753.1,10.985,18.246,+4.000,
33.192,3300,2776.5,11.078,18.246,+4.000,
33.227,3300,2800.6,11.174,18.246,+4.000,
33.259,3300,2820.8,11.254,18.246,+4.000,
33.286,3300,2841.1,11.335,18.246,+4.000,
33.333,3300,2870.5,11.453,18.246,+4.000,
33.360,3300,2843.8,11.346,18.246,+4.000,
33.386,3300,2902.3,11.580,18.246,+4.000,
33.428,3300,2927.1,11.679,17.446,+3.200,
33.460,3300,2891.7,11.538,17.446,+3.200,
33.487,3300,2952.3,11.779,17.446,+3.200,
33.539,3300,2920.0,11.650,18.246,+4.000,
33.566,3300,2972.6,11.860,18.246,+4.000,
33.592,3300,2938.8,11.725,18.246,+4.000,
33.634,3300,2999.3,11.967,17.446,+3.200,
33.666,3300,3011.8,12.017,17.446,+3.200,
33.692,3300,2969.4,11.847,17.446,+3.200,
33.740,3300,2977.3,11.879,17.394,+3.148,
33.766,3300,3035.3,12.110,17.394,+3.148,
33.793,3300,3032.9,12.101,17.394,+3.148,
33.835,3300,3045.1,12.149,18.194,+3.948,
33.867,3300,3001.0,11.974,18.194,+3.948,
33.893,3300,3054.8,12.188,18.194,+3.948,
33.941,3300,3021.5,12.055,17.394,+3.148,
33.967,3300,3022.3,12.059,17.394,+3.148,
33.994,3300,3080.7,12.291,17.394,+3.148,
34.046,3300,3083.3,12.302,17.387,+3.141,
34.071,3300,3082.6,12.299,17.387,+3.141,
34.097,3300,3038.7,12.124,17.387,+3.141,
34.150,3300,3089.7,12.328,18.187,+3.941,
34.176,3300,3093.9,12.344,18.187,+3.941,
34.203,3300,3094.8,12.348,18.187,+3.941,
34.250,3300,3109.3,12.406,17.387,+3.141,
34.275,3300,3106.6,12.395,17.387,+3.141,
34.301,3300,3114.8,12.427,17.387,+3.141,
34.328,3300,3112.6,12.419,17.471,+3.225,
34.361,3300,3114.0,12.424,17.471,+3.225,
34.388,3300,3116.0,12.432,17.471,+3.225,
34.414,3300,3121.9,12.456,17.471,+3.225,
34.461,3300,3114.0,12.424,17.654,+3.409,
34.486,3300,3123.5,12.462,17.654,+3.409,
34.518,3300,3072.8,12.260,17.654,+3.409,
34.570,3300,3128.5,12.482,18.246,+4.000,
34.596,3300,3123.6,12.463,18.246,+4.000,
34.623,3300,3135.3,12.509,18.246,+4.000,
34.670,3300,3141.1,12.532,17.446,+3.200,
34.695,3300,3141.8,12.535,17.446,+3.200,
34.721,3300,3149.7,12.567,17.446,+3.200,
34.748,3300,3142.8,12.539,17.616,+3.371,
34.776,3300,3145.2,12.549,17.616,+3.371,
34.802,3300,3146.4,12.554,17.616,+3.371,
34.829,3300,3144.9,12.548,17.616,+3.371,
34.876,3300,3099.7,12.367,17.923,+3.677,
34.901,3300,3094.8,12.348,17.923,+3.677,
34.927,3300,3152.1,12.576,17.923,+3.677,
34.954,3300,3153.2,12.581,18.015,+3.769,
34.987,3300,3104.8,12.388,18.015,+3.769,
35.013,3300,3106.0,12.392,18.015,+3.769,
35.040,3300,3163.1,12.620,18.015,+3.769,
35.082,3300,3110.1,12.409,18.075,+3.829,
35.107,3300,3168.8,12.643,18.075,+3.829,
35.133,3300,3166.9,12.635,18.075,+3.829,
35.160,3300,3174.5,12.666,18.112,+3.866,
35.193,3300,3180.1,12.688,18.112,+3.866,
35.220,3300,3178.4,12.681,18.112,+3.866,
35.246,3300,3181.7,12.694,18.112,+3.866,
35.289,3300,3186.1,12.712,18.246,+4.000,
35.318,3300,3186.9,12.715,18.246,+4.000,
35.345,3300,3192.9,12.739,18.246,+4.000,
35.371,3300,3196.2,12.752,17.446,+3.200,
35.405,3300,3199.0,12.763,17.446,+3.200,
35.431,3300,3143.8,12.543,17.446,+3.200,
35.458,3300,3202.5,12.777,17.446,+3.200,
35.500,3300,3141.4,12.534,17.612,+3.366,
35.524,3300,3197.3,12.757,17.612,+3.366,
35.551,3300,3188.4,12.721,17.612,+3.366,
35.577,3300,3192.8,12.739,17.932,+3.686,
35.611,3300,3191.1,12.732,17.932,+3.686,
35.637,3300,3140.6,12.530,17.932,+3.686,
35.664,3300,3186.7,12.714,17.932,+3.686,
35.711,3300,3189.0,12.723,18.246,+4.000,
35.736,3300,3193.7,12.742,18.246,+4.000,
35.762,3300,3192.6,12.738,18.246,+4.000,label:short
35.785,3300,3198.4,12.761,18.229,+3.983,
35.813,3300,3197.0,12.756,18.229,+3.983,
35.839,3300,3203.8,12.783,18.229,+3.983,
35.866,3300,3203.8,12.783,18.229,+3.983,
35.913,3300,3205.8,12.791,18.246,+4.000,
35.938,3300,3214.9,12.827,18.246,+4.000,
35.964,3300,3212.7,12.818,18.246,+4.000,
35.991,3300,3214.9,12.827,17.446,+3.200,
36.019,3300,3220.6,12.850,17.446,+3.200,
36.045,3300,3160.2,12.609,17.446,+3.200,
36.072,3300,3215.3,12.829,17.446,+3.200,
36.119,3300,3216.1,12.832,17.696,+3.450,
36.144,3300,3204.2,12.784,17.696,+3.450,
36.170,3300,3158.2,12.600,17.696,+3.450,
36.197,3300,3206.3,12.793,17.983,+3.737,
36.225,3300,3201.8,12.774,17.983,+3.737,
36.252,3300,3208.2,12.800,17.983,+3.737,
36.278,3300,3202.6,12.778,17.983,+3.737,
36.326,3300,3203.2,12.780,18.246,+4.000,
36.350,3300,3210.5,12.809,18.246,+4.000,
36.377,3300,3206.6,12.794,18.246,+4.000,
36.403,3300,3210.4,12.809,17.446,+3.200,
36.442,3300,3157.2,12.597,17.446,+3.200,
36.468,3300,3214.0,12.823,17.446,+3.200,
36.495,3300,3211.2,12.812,17.446,+3.200,
36.540,3300,3202.5,12.777,17.710,+3.464,
36.565,3300,3208.0,12.799,17.710,+3.464,
36.591,3300,3201.7,12.774,17.710,+3.464,
36.634,3300,3201.5,12.773,17.960,+3.714,
36.660,3300,3201.6,12.774,17.960,+3.714,
36.687,3300,3146.5,12.554,17.960,+3.714,
36.713,3300,3205.9,12.791,18.104,+3.858,
36.746,3300,3208.6,12.802,18.104,+3.858,
36.771,3300,3199.0,12.764,18.104,+3.858,
36.797,3300,3155.4,12.590,18.104,+3.858,
36.840,3300,3204.4,12.785,18.246,+4.000,
36.866,3300,3156.7,12.595,18.246,+4.000,
36.893,3300,3214.3,12.824,18.246,+4.000,
36.919,3300,3209.3,12.804,17.446,+3.200,
36.947,3300,3214.9,12.827,17.446,+3.200,
36.972,3300,3162.3,12.617,17.446,+3.200,
36.998,3300,3211.9,12.815,17.446,+3.200,
37.025,3300,3215.7,12.830,17.485,+3.239,
37.058,3300,3213.1,12.820,17.485,+3.239,
37.085,3300,3149.5,12.566,17.485,+3.239,
37.112,3300,3205.5,12.790,17.485,+3.239,
37.159,3300,3203.3,12.781,18.040,+3.794,
37.184,3300,3194.0,12.743,18.040,+3.794,
37.210,3300,3149.6,12.566,18.040,+3.794,
37.237,3300,3200.4,12.769,18.194,+3.948,
37.270,3300,3201.0,12.771,18.194,+3.948,
37.296,3300,3200.4,12.769,18.194,+3.948,
37.323,3300,3205.6,12.790,18.194,+3.948,
37.370,3300,3206.0,12.791,18.246,+4.000,
37.395,3300,3207.8,12.798,18.246,+4.000,
37.422,3300,3214.5,12.825,18.246,+4.000,
37.448,3300,3210.1,12.808,17.446,+3.200,
37.481,3300,3160.3,12.609,17.446,+3.200,
37.508,3300,3216.9,12.835,17.446,+3.200,
37.534,3300,3215.7,12.830,17.446,+3.200,
37.587,3300,3214.6,12.826,17.474,+3.228,
37.611,3300,3204.2,12.784,17.474,+3.228,
37.638,3300,3210.0,12.807,17.474,+3.228,
37.685,3300,3204.1,12.784,17.911,+3.665,
37.712,3300,3194.9,12.747,17.911,+3.665,
37.738,3300,3149.9,12.568,17.911,+3.665,
37.791,3300,3196.8,12.755,18.246,+4.000,
37.815,3300,3200.6,12.770,18.246,+4.000,
37.842,3300,3201.2,12.772,18.246,+4.000,
37.884,3300,3209.2,12.804,18.246,+4.000,
37.911,3300,3154.2,12.585,18.246,+4.000,
37.937,3300,3210.8,12.811,18.246,+4.000,
37.964,3300,3213.4,12.821,17.446,+3.200,
38.002,3300,3219.0,12.843,17.446,+3.200,
38.027,3300,3212.5,12.817,17.446,+3.200,
38.053,3300,3213.6,12.822,17.446,+3.200,
38.099,3300,3212.3,12.816,17.573,+3.328,
38.125,3300,3150.9,12.571,17.573,+3.328,
38.152,3300,3204.9,12.787,17.573,+3.328,
38.194,3300,3200.2,12.768,18.094,+3.848,
38.219,3300,3199.9,12.767,18.094,+3.848,
38.245,3300,3200.4,12.769,18.094,+3.848,
38.272,3300,3147.5,12.558,18.246,+4.000,
38.305,3300,3200.8,12.771,18.246,+4.000,
38.332,3300,3209.0,12.803,18.246,+4.000,
38.358,3300,3205.0,12.787,18.246,+4.000,
38.406,3300,3208.9,12.803,18.246,+4.000,
38.430,3300,3217.0,12.835,18.246,+4.000,
38.457,3300,3213.3,12.820,18.246,+4.000,
38.483,3300,3165.5,12.630,18.246,+4.000,
38.516,3300,3167.4,12.637,18.246,+4.000,
38.543,3300,3225.8,12.870,18.246,+4.000,
38.569,3300,3219.4,12.845,18.246,+4.000,
38.622,3300,3174.9,12.667,18.246,+4.000,
38.646,3300,3229.8,12.886,18.246,+4.000,
38.673,3300,3229.9,12.887,18.246,+4.000,
38.725,3300,3236.1,12.912,18.246,+4.000,
38.752,3300,3231.4,12.893,18.246,+4.000,
38.778,3300,3182.2,12.696,18.246,+4.000,
38.820,3300,3184.1,12.704,17.446,+3.200,
38.845,3300,3234.8,12.906,17.446,+3.200,
38.871,3300,3238.3,12.920,17.446,+3.200,
38.898,3300,3174.9,12.667,18.246,+4.000,
38.936,3300,3229.5,12.885,18.246,+4.000,
38.963,3300,3220.2,12.848,18.246,+4.000,
38.989,3300,3178.4,12.681,18.246,+4.000,
39.024,3300,3172.9,12.659,17.446,+3.200,
39.049,3300,3227.9,12.879,17.446,+3.200,
39.075,3300,3223.8,12.863,17.446,+3.200,
39.102,3300,3175.5,12.670,18.246,+4.000,
39.135,3300,3223.8,12.862,18.246,+4.000,
39.162,3300,3216.6,12.834,18.246,+4.000,
39.188,3300,3168.7,12.643,18.246,+4.000,
39.236,3300,3223.2,12.860,17.592,+3.346,
39.260,3300,3218.3,12.840,17.592,+3.346,
39.287,3300,3169.6,12.646,17.592,+3.346,
39.314,3300,3223.1,12.859,17.616,+3.370,
39.347,3300,3220.8,12.850,17.616,+3.370,
39.373,3300,3208.5,12.801,17.616,+3.370,
39.400,3300,3215.6,12.830,17.616,+3.370,
39.447,3300,3160.2,12.609,18.246,+4.000,
39.472,3300,3203.2,12.780,18.246,+4.000,
39.498,3300,3209.6,12.806,18.246,+4.000,
39.525,3300,3206.6,12.794,17.483,+3.237,
39.558,3300,3156.3,12.593,17.483,+3.237,
39.584,3300,3210.2,12.808,17.483,+3.237,
39.611,3300,3211.5,12.813,17.483,+3.237,
39.658,3300,3202.1,12.776,17.523,+3.277,
39.683,3300,3204.9,12.787,17.523,+3.277,
39.709,3300,3149.8,12.567,17.523,+3.277,
39.736,3300,3191.4,12.733,18.179,+3.933,
39.769,3300,3191.1,12.732,18.179,+3.933,
39.795,3300,3200.1,12.768,18.179,+3.933,
39.822,3300,3195.4,12.749,18.179,+3.933,
39.869,3300,3197.0,12.756,18.246,+4.000,
39.894,3300,3205.3,12.788,18.246,+4.000,
39.920,3300,3203.0,12.779,18.246,+4.000,
39.947,3300,3208.7,12.802,17.446,+3.200,
39.975,3300,3213.0,12.819,17.446,+3.200,
40.001,3300,3204.9,12.787,17.446,+3.200,
40.028,3300,3158.9,12.603,17.446,+3.200,
40.075,3300,3209.1,12.804,17.734,+3.488,
40.100,3300,3195.9,12.751,17.734,+3.488,
40.126,3300,3203.7,12.782,17.734,+3.488,
40.153,3300,3146.1,12.552,18.246,+4.000,
40.191,3300,3201.3,12.772,18.246,+4.000,
40.218,3300,3197.3,12.757,18.246,+4.000,
40.244,3300,3202.6,12.778,18.246,+4.000,
40.285,3300,3202.4,12.777,17.446,+3.200,
40.309,3300,3207.2,12.796,17.446,+3.200,
40.336,3300,3206.0,12.791,17.446,+3.200,
40.362,3300,3202.3,12.777,17.724,+3.478,
40.395,3300,3200.1,12.768,17.724,+3.478,
40.422,3300,3154.1,12.584,17.724,+3.478,
40.448,3300,3144.0,12.544,17.724,+3.478,
40.496,3300,3143.7,12.543,18.004,+3.758,
40.520,3300,3202.4,12.777,18.004,+3.758,
40.547,3300,3194.8,12.747,18.004,+3.758,
40.573,3300,3149.1,12.565,18.246,+4.000,
40.606,3300,3148.6,12.562,18.246,+4.000,
40.633,3300,3138.5,12.522,18.246,+4.000,
40.659,3300,3103.7,12.383,18.246,+4.000,
40.707,3300,2821.6,11.258,18.246,+4.000,shot:3196:48
40.729,3300,2726.6,10.879,18.246,+4.000,
40.754,3300,2668.3,10.646,18.246,+4.000,
40.780,3300,2733.6,10.907,18.246,+4.000,
40.813,3300,2715.9,10.836,18.246,+4.000,
40.840,3300,2779.3,11.089,18.246,+4.000,
40.866,3300,2802.9,11.183,18.246,+4.000,
40.914,3300,2834.2,11.308,18.246,+4.000,
40.945,3300,2855.2,11.392,18.246,+4.000,
40.972,3300,2872.9,11.463,18.246,+4.000,
41.019,3300,2855.1,11.391,17.446,+3.200,
41.046,3300,2916.8,11.638,17.446,+3.200,
41.072,3300,2928.0,11.682,17.446,+3.200,
41.120,3300,2898.5,11.565,18.246,+4.000,
41.151,3300,2956.3,11.795,18.246,+4.000,
41.178,3300,2921.6,11.657,18.246,+4.000,
41.220,3300,2983.5,11.904,17.446,+3.200,
41.247,3300,2998.0,11.961,17.446,+3.200,
41.273,3300,3000.6,11.972,17.446,+3.200,
41.300,3300,3010.2,12.010,17.339,+3.093,
41.333,3300,3018.6,12.044,17.339,+3.093,
41.357,3300,3018.8,12.044,17.339,+3.093,
41.384,3300,2976.7,11.877,17.339,+3.093,
41.437,3300,2982.0,11.897,17.498,+3.252,
41.463,3300,3033.7,12.104,17.498,+3.252,
41.490,3300,3042.4,12.138,17.498,+3.252,
41.537,3300,3044.4,12.147,17.701,+3.455,
41.562,3300,3052.7,12.180,17.701,+3.455,
41.588,3300,3052.9,12.181,17.701,+3.455,
41.615,3300,3011.9,12.017,18.246,+4.000,
41.648,3300,3068.5,12.243,18.246,+4.000,
41.674,3300,3071.7,12.255,18.246,+4.000,
41.701,3300,3078.3,12.282,18.246,+4.000,
41.749,3300,3093.7,12.343,18.246,+4.000,
41.773,3300,3096.3,12.354,18.246,+4.000,
41.800,3300,3107.7,12.399,18.246,+4.000,
41.826,3300,3108.7,12.403,17.446,+3.200,
41.859,3300,3117.4,12.438,17.446,+3.200,
41.886,3300,3128.0,12.480,17.446,+3.200,
41.912,3300,3124.3,12.465,17.446,+3.200,
41.960,3300,3128.3,12.481,17.360,+3.115,
41.984,3300,3082.4,12.298,17.360,+3.115,
42.011,3300,3076.2,12.273,17.360,+3.115,
42.028,3300,3127.1,12.477,17.360,+3.115,label:short
42.069,3300,3082.5,12.299,17.767,+3.522,
42.095,3300,3078.1,12.281,17.767,+3.522,
42.122,3300,3084.7,12.307,17.767,+3.522,
42.148,3300,3080.8,12.292,18.246,+4.000,
42.182,3300,3133.5,12.502,18.246,+4.000,
42.206,3300,3092.4,12.338,18.246,+4.000,
42.233,3300,3092.1,12.337,18.246,+4.000,
42.280,3300,3152.4,12.577,18.246,+4.000,
42.307,3300,3109.8,12.408,18.246,+4.000,
42.333,3300,3108.9,12.404,18.246,+4.000,
42.385,3300,3167.0,12.636,17.446,+3.200,
42.409,3300,3123.2,12.461,17.446,+3.200,
42.436,3300,3172.3,12.657,17.446,+3.200,
42.483,3300,3117.5,12.438,17.517,+3.271,
42.510,3300,3170.2,12.649,17.517,+3.271,
42.537,3300,3169.4,12.646,17.517,+3.271,
42.584,3300,3165.1,12.628,17.879,+3.633,
42.608,3300,3170.6,12.650,17.879,+3.633,
42.635,3300,3165.6,12.630,17.879,+3.633,
42.662,3300,3170.7,12.650,18.144,+3.898,
42.700,3300,3167.9,12.639,18.144,+3.898,
42.726,3300,3177.7,12.678,18.144,+3.898,
42.753,3300,3128.3,12.481,18.144,+3.898,
42.793,3300,3132.2,12.497,18.246,+4.000,
42.818,3300,3181.7,12.695,18.246,+4.000,
42.844,3300,3188.5,12.722,18.246,+4.000,
42.871,3300,3192.5,12.737,18.114,+3.869,
42.904,3300,3145.8,12.551,18.114,+3.869,
42.931,3300,3144.3,12.545,18.114,+3.869,
42.957,3300,3202.1,12.776,18.114,+3.869,
43.010,3300,3205.7,12.790,18.084,+3.838,
43.034,3300,3156.0,12.592,18.084,+3.838,
43.061,3300,3206.4,12.793,18.084,+3.838,
43.113,3300,3208.6,12.802,18.217,+3.971,
43.140,3300,3162.8,12.619,18.217,+3.971,
43.167,3300,3216.7,12.834,18.217,+3.971,
43.219,3300,3221.7,12.854,18.071,+3.825,
43.244,3300,3216.9,12.835,18.071,+3.825,
43.270,3300,3224.8,12.866,18.071,+3.825,
43.313,3300,3223.6,12.861,18.125,+3.879,
43.339,3300,3173.9,12.663,18.125,+3.879,
43.366,3300,3230.1,12.888,18.125,+3.879,
43.392,3300,3224.0,12.863,18.246,+4.000,
43.426,3300,3225.4,12.869,18.246,+4.000,
43.450,3300,3234.5,12.905,18.246,+4.000,
43.477,3300,3229.4,12.885,18.246,+4.000,
43.529,3300,3239.3,12.924,18.246,+4.000,
43.556,3300,3233.5,12.901,18.246,+4.000,
43.582,3300,3188.8,12.723,18.246,+4.000,
43.635,3300,3239.8,12.926,17.446,+3.200,
43.660,3300,3188.4,12.721,17.446,+3.200,
43.686,3300,3234.9,12.907,17.446,+3.200,
43.739,3300,3227.4,12.877,17.656,+3.410,
43.765,3300,3179.3,12.685,17.656,+3.410,
43.792,3300,3233.0,12.899,17.656,+3.410,
43.839,3300,3222.5,12.857,17.835,+3.589,
43.864,3300,3169.7,12.647,17.835,+3.589,
43.890,3300,3225.7,12.870,17.835,+3.589,
43.917,3300,3216.1,12.832,18.246,+4.000,
43.954,3300,3219.1,12.844,18.246,+4.000,
43.981,3300,3218.5,12.841,18.246,+4.000,
44.007,3300,3224.6,12.866,18.246,+4.000,
44.047,3300,3221.2,12.852,18.246,+4.000,
44.072,3300,3229.0,12.883,18.246,+4.000,
44.098,3300,3225.3,12.868,18.246,+4.000,
44.125,3300,3229.7,12.886,18.236,+3.990,
44.158,3300,3233.2,12.900,18.236,+3.990,
44.185,3300,3181.9,12.695,18.236,+3.990,
44.211,3300,3231.6,12.893,18.236,+3.990,
44.259,3300,3236.7,12.914,18.246,+4.000,
44.283,3300,3242.4,12.937,18.246,+4.000,
44.310,3300,3237.9,12.919,18.246,+4.000,
44.336,3300,3192.1,12.736,18.246,+4.000,
44.375,3300,3240.7,12.930,18.246,+4.000,
44.401,3300,3195.2,12.748,18.246,+4.000,
44.428,3300,3247.2,12.956,18.246,+4.000,
44.473,3300,3244.4,12.944,17.446,+3.200,
44.498,3300,3251.8,12.974,17.446,+3.200,
44.524,3300,3242.3,12.936,17.446,+3.200,
44.572,3300,3182.6,12.698,18.246,+4.000,
44.598,3300,3240.8,12.930,18.246,+4.000,
44.625,3300,3237.1,12.915,18.246,+4.000,
44.672,3300,3185.5,12.709,18.246,+4.000,
44.696,3300,3239.5,12.925,18.246,+4.000,
44.723,3300,3239.3,12.924,18.246,+4.000,
44.749,3300,3238.8,12.922,17.446,+3.200,
44.783,3300,3237.1,12.916,17.446,+3.200,
44.809,3300,3244.8,12.946,17.446,+3.200,
44.836,3300,3183.6,12.702,17.446,+3.200,
44.883,3300,3226.8,12.874,17.563,+3.317,
44.908,3300,3234.0,12.903,17.563,+3.317,
44.934,3300,3169.7,12.646,17.563,+3.317,
44.961,3300,3222.4,12.857,18.049,+3.803,
44.989,3300,3225.5,12.869,18.049,+3.803,
45.015,3300,3215.2,12.828,18.049,+3.803,
45.042,3300,3218.9,12.843,18.049,+3.803,
45.089,3300,3170.7,12.650,18.246,+4.000,
45.114,3300,3217.8,12.839,18.246,+4.000,
45.140,3300,3221.8,12.855,18.246,+4.000,
45.167,3300,3171.6,12.654,18.246,+4.000,
45.205,3300,3224.4,12.865,18.246,+4.000,
45.231,3300,3227.0,12.875,18.246,+4.000,
45.258,3300,3173.3,12.661,18.246,+4.000,
45.298,3300,3233.2,12.900,17.446,+3.200,
45.323,3300,3229.7,12.886,17.446,+3.200,
45.349,3300,3234.4,12.905,17.446,+3.200,
45.376,3300,3224.6,12.866,17.715,+3.469,
45.409,3300,3221.4,12.853,17.715,+3.469,
45.436,3300,3169.1,12.644,17.715,+3.469,
45.462,3300,3222.5,12.857,17.715,+3.469,
45.515,3300,3220.8,12.850,17.955,+3.709,
45.539,3300,3159.3,12.605,17.955,+3.709,
45.566,3300,3215.4,12.829,17.955,+3.709,
45.608,3300,3214.8,12.827,18.246,+4.000,
45.635,3300,3212.6,12.818,18.246,+4.000,
45.661,3300,3218.2,12.840,18.246,+4.000,
45.688,3300,3161.2,12.612,18.246,+4.000,
45.711,3300,3219.5,12.845,18.246,+4.000,
45.735,3300,3212.8,12.819,18.246,+4.000,
45.762,3300,3219.6,12.846,18.246,+4.000,
45.788,3300,3217.1,12.836,17.446,+3.200,
45.821,3300,3168.2,12.640,17.446,+3.200,
45.848,3300,3218.7,12.842,17.446,+3.200,
45.874,3300,3220.7,12.850,17.446,+3.200,
45.916,3300,3204.1,12.784,17.578,+3.332,
45.941,3300,3208.2,12.800,17.578,+3.332,
45.967,3300,3176.2,12.673,17.578,+3.332,
45.994,3300,2959.2,11.807,18.246,+4.000,
46.022,3300,2783.1,11.104,18.246,+4.000,shot:3209:49
46.044,3300,2718.3,10.846,18.246,+4.000,
46.071,3300,2666.6,10.639,18.246,+4.000,
46.097,3300,2688.9,10.728,18.246,+4.000,
46.136,3300,2724.3,10.869,18.246,+4.000,
46.160,3300,2743.9,10.948,18.246,+4.000,
46.187,3300,2768.7,11.047,18.246,+4.000,
46.227,3300,2800.9,11.175,18.246,+4.000,
46.253,3300,2819.0,11.247,18.246,+4.000,
46.280,3300,2839.1,11.327,18.246,+4.000,
46.333,3300,2873.9,11.466,17.446,+3.200,
46.357,3300,2843.2,11.344,17.446,+3.200,
46.384,3300,2853.1,11.383,17.446,+3.200,
46.436,3300,2920.2,11.651,17.093,+2.847,
46.463,3300,2932.1,11.698,17.093,+2.847,
46.489,3300,2888.7,11.525,17.093,+2.847,
46.536,3300,2950.3,11.771,17.172,+2.926,
46.561,3300,2905.0,11.590,17.172,+2.926,
46.587,3300,2960.6,11.812,17.172,+2.926,
46.614,3300,2964.4,11.828,17.357,+3.111,
46.642,3300,2924.6,11.668,17.357,+3.111,
46.668,3300,2974.0,11.866,17.357,+3.111,
46.695,3300,2984.5,11.908,17.357,+3.111,
46.742,3300,2988.5,11.924,17.522,+3.276,
46.767,3300,3000.3,11.971,17.522,+3.276,
46.793,3300,2953.0,11.782,17.522,+3.276,
46.820,3300,3011.6,12.016,17.615,+3.369,
46.848,3300,3013.0,12.021,17.615,+3.369,
46.874,3300,3024.0,12.065,17.615,+3.369,
46.901,3300,2977.5,11.880,17.615,+3.369,
46.948,3300,2988.0,11.921,17.771,+3.525,
46.973,3300,2995.2,11.950,17.771,+3.525,
46.999,3300,3049.2,12.166,17.771,+3.525,
47.026,3300,3055.7,12.192,17.761,+3.515,
47.059,3300,3060.1,12.209,17.761,+3.515,
47.085,3300,3066.5,12.235,17.761,+3.515,
47.112,3300,3074.4,12.266,17.761,+3.515,
47.149,3300,3082.7,12.299,17.738,+3.492,
47.174,3300,3081.5,12.295,17.738,+3.492,
47.200,3300,3092.2,12.337,17.738,+3.492,
47.227,3300,3089.3,12.326,17.738,+3.492,
47.267,3300,3099.4,12.366,17.844,+3.598,
47.294,3300,3101.0,12.373,17.844,+3.598,
47.320,3300,3109.5,12.406,17.844,+3.598,
47.368,3300,3112.8,12.419,17.853,+3.607,
47.392,3300,3117.9,12.440,17.853,+3.607,
47.419,3300,3121.8,12.456,17.853,+3.607,
47.445,3300,3123.6,12.463,17.985,+3.739,
47.473,3300,3081.0,12.293,17.985,+3.739,
47.500,3300,3128.1,12.481,17.985,+3.739,
47.526,3300,3137.7,12.519,17.985,+3.739,
47.579,3300,3142.9,12.540,18.036,+3.790,
47.603,3300,3144.0,12.544,18.036,+3.790,
47.630,3300,3097.8,12.360,18.036,+3.790,
47.672,3300,3154.0,12.584,18.246,+4.000,
47.699,3300,3156.8,12.595,18.246,+4.000,
47.725,3300,3165.4,12.629,18.246,+4.000,
47.752,3300,3162.3,12.617,17.446,+3.200,
47.785,3300,3167.0,12.636,17.446,+3.200,
47.809,3300,3125.8,12.471,17.446,+3.200,
47.836,3300,3169.6,12.646,17.446,+3.200,
47.889,3300,3171.8,12.655,17.471,+3.225,
47.915,3300,3169.3,12.645,17.471,+3.225,
47.942,3300,3173.3,12.661,17.471,+3.225,
47.989,3300,3168.3,12.641,17.784,+3.538,label:in
48.012,3300,3118.9,12.444,17.784,+3.538,
48.038,3300,3116.1,12.433,17.784,+3.538,
48.065,3300,3167.0,12.636,18.129,+3.883,
48.093,3300,3123.3,12.462,18.129,+3.883,
48.120,3300,3170.5,12.650,18.129,+3.883,
48.146,3300,3176.3,12.673,18.129,+3.883,
48.194,3300,3184.8,12.707,18.178,+3.932,
48.218,3300,3181.1,12.692,18.178,+3.932,
48.245,3300,3189.0,12.724,18.178,+3.932,
48.271,3300,3138.2,12.521,18.246,+4.000,
48.304,3300,3141.9,12.536,18.246,+4.000,
48.331,3300,3194.7,12.746,18.246,+4.000,
48.358,3300,3203.2,12.780,18.246,+4.000,
48.405,3300,3203.8,12.783,18.246,+4.000,
48.430,3300,3205.7,12.790,18.246,+4.000,
48.456,3300,3213.5,12.821,18.246,+4.000,
48.483,3300,3208.0,12.799,17.446,+3.200,
48.516,3300,3161.9,12.615,17.446,+3.200,
48.543,3300,3217.6,12.838,17.446,+3.200,
48.569,3300,3213.3,12.821,17.446,+3.200,
48.622,3300,3215.2,12.828,17.443,+3.198,
48.646,3300,3203.7,12.782,17.443,+3.198,
48.673,3300,3210.7,12.810,17.443,+3.198,
48.720,3300,3204.9,12.787,17.856,+3.610,
48.747,3300,3195.1,12.748,17.856,+3.610,
48.778,3300,3143.7,12.543,17.856,+3.610,
48.821,3300,3149.3,12.565,18.246,+4.000,
48.845,3300,3194.1,12.744,18.246,+4.000,
48.872,3300,3202.8,12.779,18.246,+4.000,
48.898,3300,3199.2,12.764,18.246,+4.000,
48.927,3300,3203.6,12.782,18.246,+4.000,
48.953,3300,3158.3,12.601,18.246,+4.000,
48.980,3300,3207.4,12.797,18.246,+4.000,
49.027,3300,3209.3,12.804,18.196,+3.950,
49.052,3300,3164.7,12.627,18.196,+3.950,
49.078,3300,3215.5,12.829,18.196,+3.950,
49.105,3300,3219.2,12.844,18.186,+3.940,
49.133,3300,3222.6,12.857,18.186,+3.940,
49.159,3300,3217.0,12.835,18.186,+3.940,
49.186,3300,3170.9,12.651,18.186,+3.940,
49.233,3300,3226.4,12.873,18.246,+4.000,
49.258,3300,3221.5,12.853,18.246,+4.000,
49.284,3300,3178.3,12.681,18.246,+4.000,
49.311,3300,3229.0,12.883,18.246,+4.000,
49.349,3300,3234.8,12.906,18.246,+4.000,
49.376,3300,3231.8,12.894,18.246,+4.000,
49.402,3300,3231.5,12.893,18.246,+4.000,
49.443,3300,3184.5,12.706,18.231,+3.985,
49.467,3300,3234.0,12.903,18.231,+3.985,
49.494,3300,3239.7,12.926,18.231,+3.985,
49.520,3300,3183.9,12.703,18.246,+4.000,
49.554,3300,3237.7,12.918,18.246,+4.000,
49.580,3300,3243.2,12.940,18.246,+4.000,
49.606,3300,3192.8,12.739,18.246,+4.000,
49.649,3300,3239.5,12.925,17.446,+3.200,
49.673,3300,3245.3,12.948,17.446,+3.200,
49.700,3300,3184.1,12.704,17.446,+3.200,
49.726,3300,3243.0,12.939,17.643,+3.397,
49.754,3300,3237.4,12.917,17.643,+3.397,
49.781,3300,3226.9,12.875,17.643,+3.397,
49.807,3300,3180.3,12.689,17.643,+3.397,
49.850,3300,3170.3,12.649,18.149,+3.903,
49.874,3300,3223.4,12.861,18.149,+3.903,
49.901,3300,3172.5,12.658,18.149,+3.903,
49.927,3300,3217.8,12.839,18.246,+4.000,
49.955,3300,3224.1,12.864,18.246,+4.000,
49.982,3300,3225.8,12.870,18.246,+4.000,
50.009,3300,3225.8,12.870,18.246,+4.000,
50.056,3300,3178.0,12.680,18.246,+4.000,
50.080,3300,3232.2,12.896,18.246,+4.000,
50.107,3300,3232.7,12.898,18.246,+4.000,
50.133,3300,3236.8,12.914,17.446,+3.200,
50.172,3300,3235.4,12.909,17.446,+3.200,
50.198,3300,3188.4,12.721,17.446,+3.200,
50.225,3300,3231.4,12.893,17.446,+3.200,
50.265,3300,3237.9,12.919,17.661,+3.415,
50.290,3300,3172.1,12.656,17.661,+3.415,
50.316,3300,3228.4,12.881,17.661,+3.415,
50.343,3300,3225.3,12.868,17.960,+3.714,
50.376,3300,3221.9,12.855,17.960,+3.714,
50.402,3300,3165.7,12.630,17.960,+3.714,
50.429,3300,3225.8,12.870,17.960,+3.714,
50.476,3300,3225.1,12.868,18.166,+3.920,
50.501,3300,3165.9,12.631,18.166,+3.920,
50.527,3300,3224.9,12.867,18.166,+3.920,
50.554,3300,3221.1,12.852,18.246,+4.000,
50.587,3300,3222.6,12.857,18.246,+4.000,
50.614,3300,3224.9,12.867,18.246,+4.000,
50.640,3300,3230.3,12.888,18.246,+4.000,
50.688,3300,3233.9,12.903,18.124,+3.878,
50.712,3300,3233.9,12.903,18.124,+3.878,
50.739,3300,3239.0,12.923,18.124,+3.878,
50.765,3300,3182.1,12.696,18.246,+4.000,
50.793,3300,3186.3,12.713,18.246,+4.000,
50.820,3300,3230.8,12.890,18.246,+4.000,
50.846,3300,3072.8,12.260,18.246,+4.000,
50.888,3300,2784.9,11.111,18.246,+4.000,shot:3216:37
50.911,3300,2667.8,10.644,18.246,+4.000,
50.935,3300,2662.7,10.624,18.246,+4.000,
50.962,3300,2688.9,10.728,18.246,+4.000,
51.002,3300,2723.5,10.866,18.246,+4.000,
51.029,3300,2700.9,10.776,18.246,+4.000,
51.055,3300,2769.0,11.048,18.246,+4.000,
51.102,3300,2803.4,11.185,18.246,+4.000,
51.127,3300,2822.6,11.261,18.246,+4.000,
51.154,3300,2840.6,11.333,18.246,+4.000,
51.185,3300,2864.1,11.427,17.446,+3.200,
51.218,3300,2885.3,11.512,17.446,+3.200,
51.245,3300,2898.2,11.563,17.446,+3.200,
51.271,3300,2864.9,11.430,17.446,+3.200,
51.324,3300,2929.2,11.687,17.098,+2.852,
51.348,3300,2938.3,11.723,17.098,+2.852,
51.375,3300,2943.3,11.743,17.098,+2.852,
51.422,3300,2956.0,11.794,17.259,+3.013,
51.449,3300,2960.1,11.810,17.259,+3.013,
51.475,3300,2966.8,11.837,17.259,+3.013,
51.528,3300,2978.5,11.884,17.454,+3.208,
51.552,3300,2930.4,11.692,17.454,+3.208,
51.579,3300,2990.3,11.931,17.454,+3.208,
51.626,3300,2998.0,11.962,17.575,+3.329,
51.653,3300,3006.9,11.997,17.575,+3.329,
51.679,3300,3011.1,12.014,17.575,+3.329,
51.716,3300,3020.8,12.052,17.694,+3.448,
51.741,3300,3025.7,12.072,17.694,+3.448,
51.767,3300,3030.3,12.091,17.694,+3.448,
51.794,3300,3036.9,12.117,17.694,+3.448,
51.834,3300,3044.4,12.147,17.702,+3.456,
51.861,3300,3054.2,12.186,17.702,+3.456,
51.887,3300,3057.4,12.198,17.702,+3.456,
51.935,3300,3066.3,12.234,18.246,+4.000,
51.959,3300,3074.6,12.267,18.246,+4.000,
51.986,3300,3078.2,12.281,18.246,+4.000,
52.012,3300,3039.3,12.126,18.232,+3.986,
52.045,3300,3098.0,12.361,18.232,+3.986,
52.072,3300,3104.2,12.385,18.232,+3.986,
52.098,3300,3115.8,12.431,18.232,+3.986,
52.141,3300,3069.3,12.246,17.432,+3.186,
52.165,3300,3129.3,12.485,17.432,+3.186,
52.192,3300,3125.5,12.470,17.432,+3.186,
52.218,3300,3133.6,12.502,17.457,+3.211,
52.251,3300,3085.6,12.311,17.457,+3.211,
52.278,3300,3128.7,12.483,17.457,+3.211,
52.304,3300,3085.5,12.310,17.457,+3.211,
52.352,3300,3139.5,12.526,18.246,+4.000,
52.377,3300,3135.9,12.512,18.246,+4.000,
52.403,3300,3094.6,12.347,18.246,+4.000,
52.430,3300,3142.1,12.537,17.446,+3.200,
52.463,3300,3147.7,12.559,17.446,+3.200,
52.489,3300,3105.2,12.389,17.446,+3.200,
52.516,3300,3105.1,12.389,17.446,+3.200,
52.558,3300,3157.4,12.597,18.246,+4.000,
52.583,3300,3107.1,12.397,18.246,+4.000,
52.609,3300,3108.8,12.404,18.246,+4.000,
52.636,3300,3114.6,12.427,18.246,+4.000,label:long
52.690,3300,3174.6,12.666,18.246,+4.000,
52.716,3300,3174.7,12.667,18.246,+4.000,
52.743,3300,3128.7,12.483,18.246,+4.000,
52.781,3300,3132.2,12.497,18.246,+4.000,
52.805,3300,3191.6,12.734,18.246,+4.000,
52.832,3300,3190.7,12.730,18.246,+4.000,
52.872,3300,3201.2,12.772,17.446,+3.200,
52.899,3300,3149.1,12.564,17.446,+3.200,
52.923,3300,3201.7,12.774,17.446,+3.200,
52.950,3300,3200.0,12.767,17.500,+3.254,
52.983,3300,3199.5,12.766,17.500,+3.254,
53.007,3300,3198.6,12.762,17.500,+3.254,
53.034,3300,3198.3,12.761,17.500,+3.254,
53.081,3300,3196.7,12.754,17.756,+3.510,
53.108,3300,3189.3,12.725,17.756,+3.510,
53.135,3300,3194.6,12.746,17.756,+3.510,
53.182,3300,3191.5,12.734,18.074,+3.828,
53.207,3300,3140.0,12.528,18.074,+3.828,
53.233,3300,3195.7,12.750,18.074,+3.828,
53.260,3300,3190.6,12.730,18.246,+4.000,
53.293,3300,3195.0,12.748,18.246,+4.000,
53.319,3300,3204.0,12.784,18.246,+4.000,
53.346,3300,3153.4,12.581,18.246,+4.000,
53.394,3300,3206.1,12.792,18.061,+3.815,
53.418,3300,3214.0,12.823,18.061,+3.815,
53.445,3300,3211.4,12.813,18.061,+3.815,
53.471,3300,3213.5,12.821,18.143,+3.897,
53.504,3300,3215.1,12.828,18.143,+3.897,
53.531,3300,3223.0,12.859,18.143,+3.897,
53.558,3300,3166.1,12.632,18.143,+3.897,
53.605,3300,3222.1,12.855,18.089,+3.843,
53.629,3300,3229.4,12.885,18.089,+3.843,
53.656,3300,3172.7,12.658,18.089,+3.843,
53.683,3300,3229.6,12.885,18.115,+3.869,
53.716,3300,3230.9,12.891,18.115,+3.869,
53.742,3300,3231.4,12.893,18.115,+3.869,
53.769,3300,3228.7,12.882,18.115,+3.869,
53.821,3300,3231.5,12.893,18.246,+4.000,
53.846,3300,3235.4,12.909,18.246,+4.000,
53.872,3300,3236.4,12.913,18.246,+4.000,
53.920,3300,3235.4,12.909,18.163,+3.917,
53.946,3300,3237.6,12.917,18.163,+3.917,
53.973,3300,3242.8,12.938,18.163,+3.917,
54.020,3300,3240.7,12.930,18.207,+3.961,
54.045,3300,3240.1,12.927,18.207,+3.961,
54.071,3300,3247.2,12.956,18.207,+3.961,
54.098,3300,3188.4,12.721,18.246,+4.000,
54.126,3300,3243.7,12.942,18.246,+4.000,
54.152,3300,3249.9,12.967,18.246,+4.000,
54.179,3300,3242.8,12.938,18.246,+4.000,
54.221,3300,3198.1,12.760,17.446,+3.200,
54.245,3300,3245.4,12.948,17.446,+3.200,
54.272,3300,3192.0,12.735,17.446,+3.200,
54.299,3300,3246.6,12.953,17.594,+3.348,
54.332,3300,3241.9,12.935,17.594,+3.348,
54.358,3300,3229.8,12.886,17.594,+3.348,
54.385,3300,3233.7,12.902,17.594,+3.348,
54.432,3300,3232.5,12.897,18.117,+3.871,
54.457,3300,3220.3,12.848,18.117,+3.871,
54.483,3300,3226.9,12.875,18.117,+3.871,
54.510,3300,3225.3,12.868,18.246,+4.000,
54.543,3300,3226.2,12.872,18.246,+4.000,
54.570,3300,3171.7,12.655,18.246,+4.000,
54.596,3300,3230.6,12.889,18.246,+4.000,
54.644,3300,3234.9,12.907,18.246,+4.000,
54.668,3300,3177.4,12.677,18.246,+4.000,
54.695,3300,3236.7,12.914,18.246,+4.000,
54.721,3300,3233.4,12.901,18.246,+4.000,
54.754,3300,3184.6,12.706,18.246,+4.000,
54.781,3300,3238.7,12.922,18.246,+4.000,
54.807,3300,3244.7,12.946,18.246,+4.000,
54.855,3300,3194.6,12.746,18.246,+4.000,
54.879,3300,3245.9,12.951,18.246,+4.000,
54.906,3300,3200.2,12.768,18.246,+4.000,
54.932,3300,3246.7,12.954,17.446,+3.200,
54.965,3300,3249.2,12.964,17.446,+3.200,
54.992,3300,3198.8,12.763,17.446,+3.200,
55.018,3300,3253.5,12.981,17.446,+3.200,
55.066,3300,3245.8,12.950,17.423,+3.177,
55.090,3300,3241.6,12.933,17.423,+3.177,
55.117,3300,3241.8,12.934,17.423,+3.177,
55.143,3300,3179.8,12.687,18.223,+3.977,
55.176,3300,3174.9,12.667,18.223,+3.977,
55.203,3300,3233.1,12.899,18.223,+3.977,
55.229,3300,3231.0,12.891,18.223,+3.977,
55.277,3300,3179.6,12.686,18.246,+4.000,
55.301,3300,3234.2,12.904,18.246,+4.000,
55.328,3300,3236.0,12.911,18.246,+4.000,
55.354,3300,3233.5,12.901,17.446,+3.200,
55.387,3300,3236.2,12.912,17.446,+3.200,
55.414,3300,3242.7,12.938,17.446,+3.200,
55.440,3300,3184.3,12.705,17.446,+3.200,
55.483,3300,3233.5,12.901,17.469,+3.223,
55.507,3300,3231.9,12.895,17.469,+3.223,
55.534,3300,3173.7,12.662,17.469,+3.223,
55.560,3300,3231.0,12.891,17.756,+3.510,
55.594,3300,3111.8,12.416,17.756,+3.510,
55.620,3300,2919.5,11.648,17.756,+3.510,shot:3223:29
55.645,3300,2721.1,10.857,17.756,+3.510,
55.692,3300,2641.2,10.538,18.246,+4.000,
55.716,3300,2664.4,10.631,18.246,+4.000,
55.743,3300,2685.4,10.714,18.246,+4.000,
55.769,3300,2708.6,10.807,18.246,+4.000,
55.797,3300,2733.2,10.905,18.246,+4.000,
55.824,3300,2756.3,10.997,18.246,+4.000,
55.848,3300,2776.6,11.078,18.246,+4.000,
55.875,3300,2797.1,11.160,17.482,+3.236,
55.908,3300,2821.0,11.255,17.482,+3.236,
55.932,3300,2790.6,11.134,17.482,+3.236,
55.959,3300,2806.6,11.198,17.482,+3.236,
56.006,3300,2826.6,11.278,17.049,+2.803,
56.033,3300,2885.8,11.514,17.049,+2.803,
56.059,3300,2891.9,11.538,17.049,+2.803,
56.102,3300,2904.2,11.587,17.171,+2.925,
56.126,3300,2865.7,11.434,17.171,+2.925,
56.153,3300,2915.3,11.632,17.171,+2.925,
56.179,3300,2925.3,11.671,17.350,+3.104,
56.212,3300,2935.6,11.713,17.350,+3.104,
56.239,3300,2939.4,11.728,17.350,+3.104,
56.265,3300,2947.6,11.760,17.350,+3.104,
56.318,3300,2961.2,11.815,17.473,+3.227,
56.342,3300,2969.6,11.848,17.473,+3.227,
56.369,3300,2926.0,11.674,17.473,+3.227,
56.421,3300,2985.6,11.912,17.596,+3.350,
56.448,3300,2997.6,11.960,17.596,+3.350,
56.474,3300,2998.5,11.964,17.596,+3.350,
56.522,3300,3012.4,12.019,17.633,+3.387,
56.547,3300,3017.7,12.040,17.633,+3.387,
56.573,3300,3026.1,12.074,17.633,+3.387,
56.600,3300,3030.0,12.089,17.714,+3.468,
56.633,3300,3037.6,12.120,17.714,+3.468,
56.659,3300,2998.0,11.962,17.714,+3.468,
56.686,3300,3050.2,12.170,17.714,+3.468,
56.733,3300,3059.9,12.209,17.690,+3.445,
56.758,3300,3066.8,12.236,17.690,+3.445,
56.784,3300,3069.5,12.247,17.690,+3.445,
56.811,3300,3080.4,12.290,17.633,+3.387,
56.849,3300,3035.5,12.111,17.633,+3.387,
56.880,3300,3040.5,12.131,17.633,+3.387,
56.907,3300,3089.8,12.328,17.633,+3.387,
56.942,3300,3096.7,12.355,17.780,+3.535,
56.967,3300,3102.5,12.379,17.780,+3.535,
56.993,3300,3104.6,12.387,17.780,+3.535,
57.020,3300,3060.0,12.209,18.246,+4.000,
57.053,3300,3117.3,12.438,18.246,+4.000,
57.079,3300,3118.7,12.443,18.246,+4.000,
57.106,3300,3124.7,12.467,18.246,+4.000,
57.153,3300,3137.2,12.517,17.446,+3.200,
57.178,3300,3135.0,12.508,17.446,+3.200,
57.204,3300,3143.9,12.544,17.446,+3.200,
57.231,3300,3140.3,12.529,17.529,+3.283,
57.269,3300,3145.9,12.552,17.529,+3.283,
57.295,3300,3139.6,12.526,17.529,+3.283,
57.322,3300,3146.8,12.555,17.529,+3.283,
57.362,3300,3141.3,12.533,17.748,+3.502,
57.387,3300,3150.3,12.569,17.748,+3.502,
57.413,3300,3145.2,12.549,17.748,+3.502,
57.440,3300,3152.7,12.579,17.887,+3.641,
57.473,3300,3155.9,12.592,17.887,+3.641,
57.500,3300,3152.7,12.579,17.887,+3.641,
57.526,3300,3160.8,12.611,17.887,+3.641,
57.574,3300,3165.7,12.631,18.096,+3.850,
57.598,3300,3162.0,12.616,18.096,+3.850,
57.625,3300,3170.5,12.650,18.096,+3.850,
57.651,3300,3121.8,12.456,18.246,+4.000,
57.684,3300,3125.3,12.469,18.246,+4.000,
57.711,3300,3179.7,12.686,18.246,+4.000,
57.737,3300,3188.2,12.720,18.246,+4.000,
57.790,3300,3197.0,12.755,17.446,+3.200,
57.814,3300,3191.8,12.735,17.446,+3.200,
57.841,3300,3146.5,12.554,17.446,+3.200,
57.888,3300,3200.1,12.768,17.560,+3.314,
57.915,3300,3190.7,12.730,17.560,+3.314,
57.942,3300,3194.1,12.744,17.560,+3.314,
57.971,3300,3144.3,12.545,18.246,+4.000,label:in
58.010,3300,3189.0,12.724,18.246,+4.000,
58.034,3300,3192.6,12.738,18.246,+4.000,
58.061,3300,3193.2,12.740,18.246,+4.000,
58.096,3300,3196.1,12.752,18.246,+4.000,
58.122,3300,3153.2,12.581,18.246,+4.000,
58.149,3300,3206.7,12.794,18.246,+4.000,
58.176,3300,3209.0,12.803,17.446,+3.200,
58.204,3300,3216.3,12.832,17.446,+3.200,
58.228,3300,3158.0,12.600,17.446,+3.200,
58.255,3300,3213.6,12.822,17.446,+3.200,
58.281,3300,3211.6,12.814,17.570,+3.325,
58.315,3300,3208.8,12.803,17.570,+3.325,
58.341,3300,3205.6,12.790,17.570,+3.325,
58.368,3300,3158.0,12.600,17.570,+3.325,
58.415,3300,3205.0,12.787,17.898,+3.652,
58.440,3300,3199.9,12.767,17.898,+3.652,
58.466,3300,3206.1,12.792,17.898,+3.652,
58.493,3300,3147.9,12.560,18.246,+4.000,
58.521,3300,3152.7,12.579,18.246,+4.000,
58.547,3300,3209.7,12.806,18.246,+4.000,
58.574,3300,3205.5,12.789,18.246,+4.000,
58.621,3300,3211.5,12.813,17.446,+3.200,
58.646,3300,3218.6,12.842,17.446,+3.200,
58.672,3300,3210.1,12.808,17.446,+3.200,
58.699,3300,3217.5,12.837,17.427,+3.181,
58.737,3300,3155.3,12.589,17.427,+3.181,
58.764,3300,3212.3,12.817,17.427,+3.181,
58.790,3300,3203.1,12.780,17.427,+3.181,
58.826,3300,3203.5,12.781,17.911,+3.665,
58.850,3300,3202.0,12.775,17.911,+3.665,
58.882,3300,3152.7,12.579,17.911,+3.665,
58.908,3300,3202.3,12.776,18.120,+3.874,
58.941,3300,3202.6,12.778,18.120,+3.874,
58.968,3300,3204.0,12.783,18.120,+3.874,
58.994,3300,3158.8,12.603,18.120,+3.874,
59.042,3300,3159.0,12.604,18.246,+4.000,
59.066,3300,3210.5,12.809,18.246,+4.000,
59.093,3300,3218.8,12.842,18.246,+4.000,
59.119,3300,3162.6,12.618,18.246,+4.000,
59.153,3300,3219.5,12.845,18.246,+4.000,
59.179,3300,3223.1,12.860,18.246,+4.000,
59.206,3300,3227.1,12.876,18.246,+4.000,
59.253,3300,3231.3,12.893,18.158,+3.912,
59.278,3300,3232.8,12.898,18.158,+3.912,
59.304,3300,3183.5,12.702,18.158,+3.912,
59.331,3300,3231.9,12.895,17.358,+3.112,
59.364,3300,3233.8,12.902,17.358,+3.112,
59.391,3300,3188.3,12.721,17.358,+3.112,
59.417,3300,3234.2,12.904,17.358,+3.112,
59.465,3300,3227.3,12.876,17.400,+3.154,
59.489,3300,3179.5,12.686,17.400,+3.154,
59.516,3300,3222.7,12.858,17.400,+3.154,
59.542,3300,3218.1,12.840,17.925,+3.679,
59.575,3300,3213.3,12.821,17.925,+3.679,
59.602,3300,3167.2,12.637,17.925,+3.679,
59.628,3300,3211.6,12.814,17.925,+3.679,
59.676,3300,3208.4,12.801,18.188,+3.942,
59.700,3300,3217.7,12.838,18.188,+3.942,
59.727,3300,3160.2,12.609,18.188,+3.942,
59.753,3300,3217.5,12.837,18.246,+4.000,
59.786,3300,3220.6,12.850,18.246,+4.000,
59.813,3300,3224.0,12.863,18.246,+4.000,
59.839,3300,3170.3,12.649,18.246,+4.000,
59.887,3300,3228.4,12.881,18.219,+3.973,
59.911,3300,3233.0,12.899,18.219,+3.973,
59.938,3300,3230.5,12.889,18.219,+3.973,
59.965,3300,3238.1,12.919,18.106,+3.860,
59.993,3300,3238.8,12.922,18.106,+3.860,
60.019,3300,3184.5,12.706,18.106,+3.860,
60.046,3300,3243.8,12.942,18.106,+3.860,
60.093,3300,3244.4,12.945,18.175,+3.929,
60.118,3300,3237.5,12.917,18.175,+3.929,
60.144,3300,3246.1,12.951,18.175,+3.929,
60.171,3300,3190.8,12.731,18.246,+4.000,
60.204,3300,3245.3,12.948,18.246,+4.000,
60.230,3300,3244.7,12.946,18.246,+4.000,
60.257,3300,3197.9,12.759,18.246,+4.000,
60.304,3300,3251.9,12.975,17.446,+3.200,
60.329,3300,3249.8,12.966,17.446,+3.200,
60.355,3300,3254.5,12.985,17.446,+3.200,
60.382,3300,3242.3,12.936,17.707,+3.461,
60.415,3300,3189.2,12.724,17.707,+3.461,
60.442,3300,3239.4,12.925,17.707,+3.461,
60.468,3300,3242.9,12.939,17.707,+3.461,
60.510,3300,3230.7,12.890,18.246,+4.000,
60.535,3300,3240.6,12.930,18.246,+4.000,
60.561,3300,3234.5,12.905,18.246,+4.000,
60.588,3300,3187.0,12.715,18.246,+4.000,
60.626,3300,3240.6,12.930,18.246,+4.000,
60.653,3300,3243.7,12.942,18.246,+4.000,
60.679,3300,3249.3,12.964,18.246,+4.000,
60.720,3300,3249.4,12.965,17.446,+3.200,
60.744,3300,3197.8,12.758,17.446,+3.200,
60.771,3300,3244.6,12.945,17.446,+3.200,
60.797,3300,3251.0,12.971,17.425,+3.179,
60.830,3300,3196.4,12.753,17.425,+3.179,
60.857,3300,3237.2,12.916,17.425,+3.179,
60.883,3300,3235.8,12.910,17.425,+3.179,
60.936,3300,3173.3,12.661,18.225,+3.979,
60.960,3300,3231.6,12.893,18.225,+3.979,
60.987,3300,3225.5,12.869,18.225,+3.979,
61.034,3300,3175.3,12.669,18.246,+4.000,
61.061,3300,3233.2,12.900,18.246,+4.000,
61.087,3300,3235.2,12.908,18.246,+4.000,
61.129,3300,3237.5,12.917,18.241,+3.995,
61.154,3300,3243.3,12.940,18.241,+3.995,
61.180,3300,3238.8,12.922,18.241,+3.995,
61.207,3300,3246.9,12.955,17.441,+3.195,
61.240,3300,3247.1,12.955,17.441,+3.195,
61.267,3300,3244.3,12.944,17.441,+3.195,
61.293,3300,3163.7,12.622,17.441,+3.195,
61.341,3300,2895.9,11.554,18.241,+3.995,shot:3232:31
61.363,3300,2767.2,11.041,18.241,+3.995,
61.388,3300,2668.2,10.646,18.241,+3.995,
61.414,3300,2684.2,10.709,18.246,+4.000,
61.442,3300,2671.5,10.659,18.246,+4.000,
61.469,3300,2737.0,10.920,18.246,+4.000,
61.495,3300,2759.0,11.008,18.246,+4.000,
61.543,3300,2749.5,10.970,17.469,+3.223,
61.569,3300,2769.8,11.051,17.469,+3.223,
61.594,3300,2830.3,11.292,17.469,+3.223,
61.620,3300,2841.7,11.338,17.062,+2.816,
61.653,3300,2858.1,11.403,17.062,+2.816,
61.680,3300,2824.3,11.269,17.062,+2.816,
61.706,3300,2833.7,11.306,17.062,+2.816,
61.749,3300,2892.0,11.538,17.010,+2.765,
61.775,3300,2902.9,11.582,17.010,+2.765,
61.800,3300,2859.3,11.408,17.010,+2.765,
61.826,3300,2914.9,11.630,17.196,+2.950,
61.859,3300,2874.1,11.467,17.196,+2.950,
61.886,3300,2929.1,11.687,17.196,+2.950,
61.912,3300,2932.6,11.700,17.196,+2.950,
61.955,3300,2947.4,11.760,17.405,+3.159,
61.981,3300,2950.6,11.772,17.405,+3.159,
62.006,3300,2911.0,11.615,17.405,+3.159,
62.032,3300,2964.8,11.829,17.588,+3.342,
62.065,3300,2974.3,11.867,17.588,+3.342,
62.092,3300,2931.0,11.694,17.588,+3.342,
62.118,3300,2988.9,11.925,17.588,+3.342,
62.155,3300,2996.1,11.954,17.676,+3.431,
62.182,3300,3002.1,11.978,17.676,+3.431,
62.206,3300,3012.5,12.019,17.676,+3.431,
62.233,3300,3016.8,12.036,17.676,+3.431,
62.268,3300,3023.7,12.064,18.246,+4.000,
62.295,3300,2984.0,11.906,18.246,+4.000,
62.321,3300,3039.7,12.128,18.246,+4.000,
62.348,3300,3049.4,12.166,17.446,+3.200,
62.381,3300,3062.1,12.217,17.446,+3.200,
62.405,3300,3063.5,12.223,17.446,+3.200,
62.432,3300,3073.4,12.262,17.446,+3.200,
62.484,3300,3032.1,12.098,17.394,+3.148,
62.511,3300,3080.2,12.289,17.394,+3.148,
62.537,3300,3083.7,12.304,17.394,+3.148,
62.580,3300,3086.1,12.313,17.639,+3.393,
62.611,3300,3088.0,12.321,17.639,+3.393,
62.638,3300,3096.9,12.356,17.639,+3.393,
62.685,3300,3103.7,12.383,17.779,+3.533,
62.712,3300,3050.8,12.172,17.779,+3.533,
62.738,3300,3061.7,12.215,17.779,+3.533,
62.791,3300,3117.8,12.439,18.246,+4.000,
62.815,3300,3115.7,12.431,18.246,+4.000,
62.842,3300,3126.6,12.475,18.246,+4.000,
62.894,3300,3136.1,12.512,17.446,+3.200,
62.921,3300,3141.0,12.532,17.446,+3.200,
62.947,3300,3141.2,12.533,17.446,+3.200,
63.000,3300,3140.8,12.531,17.571,+3.325,
63.024,3300,3148.2,12.561,17.571,+3.325,
63.051,3300,3140.8,12.531,17.571,+3.325,
63.098,3300,3145.0,12.548,17.783,+3.537,
63.125,3300,3151.6,12.574,17.783,+3.537,
63.151,3300,3145.5,12.550,17.783,+3.537,
63.199,3300,3153.1,12.580,17.954,+3.708,
63.230,3300,3158.1,12.600,17.954,+3.708,
63.257,3300,3160.0,12.608,17.954,+3.708,
63.304,3300,3164.0,12.624,17.931,+3.685,
63.331,3300,3169.9,12.647,17.931,+3.685,
63.357,3300,3171.6,12.654,17.931,+3.685,
63.400,3300,3173.2,12.661,17.986,+3.741,
63.431,3300,3177.7,12.679,17.986,+3.741,
63.458,3300,3129.8,12.488,17.986,+3.741,
63.505,3300,3132.4,12.498,18.246,+4.000,
63.532,3300,3134.1,12.505,18.246,+4.000,
63.558,3300,3193.7,12.742,18.246,+4.000,
63.606,3300,3198.5,12.762,17.446,+3.200,
63.637,3300,3197.7,12.758,17.446,+3.200,
63.664,3300,3147.8,12.559,17.446,+3.200,
63.711,3300,3151.4,12.574,18.246,+4.000,
63.738,3300,3201.3,12.773,18.246,+4.000,
63.764,3300,3199.7,12.766,18.246,+4.000,
63.812,3300,3204.6,12.786,17.446,+3.200,
63.843,3300,3156.9,12.595,17.446,+3.200,
63.870,3300,3206.0,12.791,17.446,+3.200,
63.917,3300,3202.6,12.778,17.428,+3.182,
63.944,3300,3202.4,12.777,17.428,+3.182,
63.970,3300,3199.9,12.767,17.428,+3.182,
64.018,3300,3195.2,12.748,18.228,+3.982,
64.049,3300,3142.8,12.539,18.228,+3.982,
64.076,3300,3200.1,12.768,18.228,+3.982,
64.118,3300,3200.7,12.770,17.486,+3.241,
64.145,3300,3200.2,12.768,17.486,+3.241,
64.171,3300,3205.3,12.789,17.486,+3.241,
64.198,3300,3145.3,12.549,18.246,+4.000,
64.226,3300,3201.4,12.773,18.246,+4.000,
64.250,3300,3200.7,12.770,18.246,+4.000,
64.277,3300,3198.4,12.761,18.246,+4.000,
64.303,3300,3206.2,12.792,17.446,+3.200,
64.336,3300,3208.4,12.801,17.446,+3.200,
64.363,3300,3152.0,12.576,17.446,+3.200,
64.389,3300,3205.4,12.789,17.446,+3.200,
64.437,3300,3207.3,12.796,17.722,+3.476,
64.462,3300,3197.5,12.757,17.722,+3.476,
64.488,3300,3151.8,12.575,17.722,+3.476,
64.515,3300,3200.1,12.768,17.962,+3.716,
64.548,3300,3199.9,12.767,17.962,+3.716,
64.574,3300,3197.5,12.757,17.962,+3.716,
64.601,3300,3204.1,12.784,17.962,+3.716,
64.625,3300,3146.1,12.552,18.246,+4.000,
64.659,3300,3200.6,12.770,18.246,+4.000,
64.676,3300,3201.5,12.773,18.246,+4.000,label:in
64.698,3300,3156.4,12.593,18.246,+4.000,
64.725,3300,3207.6,12.798,18.246,+4.000,
64.765,3300,3217.1,12.836,17.446,+3.200,
64.792,3300,3211.1,12.812,17.446,+3.200,
64.818,3300,3163.3,12.621,17.446,+3.200,
64.871,3300,3209.9,12.807,17.616,+3.370,
64.895,3300,3208.9,12.803,17.616,+3.370,
64.922,3300,3150.4,12.569,17.616,+3.370,
64.964,3300,3158.8,12.603,17.981,+3.736,
64.991,3300,3202.6,12.778,17.981,+3.736,
65.017,3300,3206.3,12.793,17.981,+3.736,
65.044,3300,3206.0,12.791,18.114,+3.868,
65.077,3300,3207.2,12.796,18.114,+3.868,
65.102,3300,3206.9,12.795,18.114,+3.868,
65.128,3300,3213.8,12.823,18.114,+3.868,
65.170,3300,3210.7,12.810,18.088,+3.842,
65.197,3300,3218.2,12.840,18.088,+3.842,
65.224,3300,3164.6,12.626,18.088,+3.842,
65.250,3300,3217.5,12.837,18.217,+3.971,
65.283,3300,3219.9,12.847,18.217,+3.971,
65.308,3300,3173.3,12.661,18.217,+3.971,
65.334,3300,3220.8,12.850,18.217,+3.971,
65.382,3300,3226.4,12.873,18.225,+3.979,
65.408,3300,3181.8,12.695,18.225,+3.979,
65.435,3300,3230.1,12.888,18.225,+3.979,
65.482,3300,3231.1,12.892,18.170,+3.924,
65.507,3300,3187.3,12.717,18.170,+3.924,
65.533,3300,3237.2,12.916,18.170,+3.924,
65.560,3300,3240.3,12.928,18.163,+3.917,
65.598,3300,3238.7,12.922,18.163,+3.917,
65.625,3300,3242.9,12.939,18.163,+3.917,
65.651,3300,3193.3,12.741,18.163,+3.917,
65.692,3300,3243.6,12.941,18.242,+3.997,
65.716,3300,3248.3,12.960,18.242,+3.997,
65.743,3300,3244.9,12.947,18.242,+3.997,
65.769,3300,3253.3,12.980,18.112,+3.866,
65.803,3300,3201.6,12.774,18.112,+3.866,
65.829,3300,3254.2,12.984,18.112,+3.866,
65.856,3300,3251.9,12.974,18.112,+3.866,
65.903,3300,3252.2,12.976,18.246,+4.000,
65.927,3300,3255.5,12.989,18.246,+4.000,
65.954,3300,3251.4,12.972,18.246,+4.000,
65.980,3300,3259.4,13.004,18.162,+3.917,
66.014,3300,3260.2,13.008,18.162,+3.917,
66.040,3300,3257.3,12.996,18.162,+3.917,
66.067,3300,3255.5,12.989,18.162,+3.917,
66.109,3300,3211.5,12.813,18.246,+4.000,
66.133,3300,3255.5,12.989,18.246,+4.000,
66.160,3300,3209.6,12.806,18.246,+4.000,
66.186,3300,3261.7,13.013,17.446,+3.200,
66.219,3300,3258.5,13.001,17.446,+3.200,
66.246,3300,3202.1,12.776,17.446,+3.200,
66.272,3300,3261.4,13.012,17.446,+3.200,
66.320,3300,3253.7,12.982,17.645,+3.399,
66.344,3300,3242.3,12.936,17.645,+3.399,
66.371,3300,3250.0,12.967,17.645,+3.399,
66.398,3300,3185.8,12.711,18.246,+4.000,
66.436,3300,3242.1,12.935,18.246,+4.000,
66.462,3300,3236.8,12.914,18.246,+4.000,
66.489,3300,3236.9,12.915,18.246,+4.000,
66.529,3300,3238.0,12.919,17.446,+3.200,
66.554,3300,3185.8,12.711,17.446,+3.200,
66.580,3300,3239.1,12.923,17.446,+3.200,
66.607,3300,3229.9,12.887,17.819,+3.573,
66.640,3300,3224.2,12.864,17.819,+3.573,
66.666,3300,3179.7,12.687,17.819,+3.573,
66.693,3300,3227.0,12.875,17.819,+3.573,
66.740,3300,3222.4,12.857,17.966,+3.721,
66.765,3300,3175.8,12.671,17.966,+3.721,shot:3247:26
66.787,3300,3219.8,12.847,17.966,+3.721,
66.814,3300,3176.0,12.672,18.246,+4.000,
66.847,3300,3176.5,12.674,18.246,+4.000,
66.873,3300,3225.4,12.869,18.246,+4.000,
66.900,3300,3225.7,12.870,18.246,+4.000,
66.947,3300,3179.5,12.686,18.246,+4.000,
66.972,3300,3234.2,12.904,18.246,+4.000,
66.998,3300,3233.5,12.901,18.246,+4.000,
67.025,3300,3189.0,12.723,18.157,+3.912,
67.058,3300,3242.0,12.935,18.157,+3.912,
67.084,3300,3237.8,12.918,18.157,+3.912,
67.111,3300,3189.1,12.724,18.157,+3.912,
67.158,3300,3244.1,12.943,17.357,+3.112,
67.183,3300,3238.3,12.920,17.357,+3.112,
67.209,3300,3237.7,12.918,17.357,+3.112,
67.236,3300,3238.5,12.921,17.478,+3.232,
67.269,3300,3235.2,12.908,17.478,+3.232,
67.295,3300,3169.2,12.645,17.478,+3.232,
67.322,3300,3226.2,12.872,17.478,+3.232,
67.369,3300,3223.4,12.861,18.010,+3.764,
67.394,3300,3210.7,12.810,18.010,+3.764,
67.421,3300,3216.8,12.835,18.010,+3.764,
67.447,3300,3215.3,12.828,18.246,+4.000,
67.480,3300,3215.2,12.828,18.246,+4.000,
67.507,3300,3214.1,12.824,18.246,+4.000,
67.533,3300,3169.9,12.647,18.246,+4.000,
67.580,3300,3224.5,12.865,18.246,+4.000,
67.605,3300,3223.3,12.860,18.246,+4.000,
67.631,3300,3178.0,12.680,18.246,+4.000,
67.658,3300,3226.6,12.874,18.246,+4.000,
67.691,3300,3230.0,12.887,18.246,+4.000,
67.718,3300,3181.1,12.692,18.246,+4.000,
67.744,3300,3172.7,12.659,18.246,+4.000,
67.791,3300,2951.7,11.777,18.246,+4.000,shot:3221:31
67.814,3300,2818.5,11.245,18.246,+4.000,
67.839,3300,2712.7,10.823,18.246,+4.000,
67.865,3300,2668.9,10.649,18.246,+4.000,
67.893,3300,2740.6,10.934,18.246,+4.000,
67.920,3300,2717.3,10.842,18.246,+4.000,
67.946,3300,2780.7,11.095,18.246,+4.000,
67.994,3300,2817.9,11.243,17.704,+3.458,
68.020,3300,2836.6,11.318,17.704,+3.458,
68.045,3300,2807.4,11.201,17.704,+3.458,
68.071,3300,2821.4,11.257,17.251,+3.006,
68.099,3300,2881.2,11.495,17.251,+3.006,
68.126,3300,2846.3,11.356,17.251,+3.006,
68.152,3300,2855.3,11.392,17.251,+3.006,
68.200,3300,2917.2,11.639,16.451,+2.206,
68.226,3300,2924.0,11.666,16.451,+2.206,
68.251,3300,2930.0,11.690,16.451,+2.206,
68.277,3300,2929.6,11.688,16.780,+2.534,
68.316,3300,2936.8,11.717,16.780,+2.534,
68.342,3300,2941.3,11.735,16.780,+2.534,
68.369,3300,2893.9,11.546,16.780,+2.534,
68.404,3300,2945.4,11.752,17.199,+2.953,
68.430,3300,2952.9,11.781,17.199,+2.953,
68.455,3300,2955.0,11.790,17.199,+2.953,
68.481,3300,2963.3,11.823,17.491,+3.245,
68.514,3300,2969.7,11.848,17.491,+3.245,
68.541,3300,2973.0,11.862,17.491,+3.245,
68.567,3300,2981.0,11.894,17.491,+3.245,
68.615,3300,2990.1,11.930,17.664,+3.418,
68.646,3300,2998.6,11.964,17.664,+3.418,
68.673,3300,2958.4,11.804,17.664,+3.418,
68.715,3300,2968.6,11.844,17.737,+3.491,
68.742,3300,3022.4,12.059,17.737,+3.491,
68.768,3300,3030.6,12.091,17.737,+3.491,
68.795,3300,2988.9,11.925,18.246,+4.000,
68.828,3300,3044.4,12.147,18.246,+4.000,
68.853,3300,3055.0,12.189,18.246,+4.000,
68.879,3300,3009.7,12.008,18.246,+4.000,
68.927,3300,3075.3,12.270,18.219,+3.973,
68.953,3300,3087.1,12.317,18.219,+3.973,
68.980,3300,3089.9,12.328,18.219,+3.973,
69.027,3300,3105.3,12.390,18.180,+3.934,
69.059,3300,3116.4,12.434,18.180,+3.934,
69.085,3300,3121.0,12.452,18.180,+3.934,
69.128,3300,3130.8,12.491,17.380,+3.134,
69.154,3300,3133.5,12.502,17.380,+3.134,
69.181,3300,3134.0,12.504,17.380,+3.134,
69.207,3300,3141.5,12.534,17.402,+3.156,label:in
69.246,3300,3138.7,12.523,17.402,+3.156,
69.270,3300,3135.7,12.511,17.402,+3.156,
69.297,3300,3137.5,12.518,17.402,+3.156,
69.337,3300,3085.0,12.309,17.724,+3.478,
69.364,3300,3138.0,12.520,17.724,+3.478,
69.390,3300,3141.0,12.532,17.724,+3.478,
69.433,3300,3143.1,12.540,17.977,+3.731,
69.459,3300,3147.3,12.557,17.977,+3.731,
69.484,3300,3096.6,12.355,17.977,+3.731,
69.510,3300,3154.1,12.584,18.070,+3.824,
69.538,3300,3153.7,12.583,18.070,+3.824,
69.565,3300,3110.4,12.410,18.070,+3.824,
69.591,3300,3111.3,12.414,18.070,+3.824,
69.639,3300,3118.0,12.440,18.031,+3.785,
69.665,3300,3124.2,12.465,18.031,+3.785,
69.690,3300,3174.3,12.665,18.031,+3.785,
69.716,3300,3178.3,12.681,18.092,+3.846,
69.749,3300,3182.8,12.699,18.092,+3.846,
69.776,3300,3185.6,12.710,18.092,+3.846,
69.802,3300,3185.6,12.710,18.092,+3.846,
69.855,3300,3192.2,12.736,18.246,+4.000,
69.880,3300,3199.2,12.764,18.246,+4.000,
69.906,3300,3198.9,12.763,18.246,+4.000,
69.954,3300,3152.5,12.578,18.206,+3.960,
69.980,3300,3210.2,12.808,18.206,+3.960,
70.007,3300,3213.4,12.821,18.206,+3.960,
70.054,3300,3214.1,12.824,17.406,+3.160,
70.086,3300,3161.3,12.613,17.406,+3.160,
70.112,3300,3217.1,12.836,17.406,+3.160,
70.155,3300,3212.8,12.819,17.672,+3.427,
70.181,3300,3209.0,12.803,17.672,+3.427,
70.208,3300,3162.8,12.619,17.672,+3.427,
70.234,3300,3204.5,12.786,18.040,+3.794,
70.268,3300,3203.7,12.782,18.040,+3.794,
70.292,3300,3210.2,12.808,18.040,+3.794,
70.319,3300,3154.4,12.585,18.040,+3.794,
70.366,3300,3154.5,12.586,18.092,+3.846,
70.393,3300,3210.5,12.810,18.092,+3.846,
70.419,3300,3211.7,12.814,18.092,+3.846,
70.462,3300,3212.8,12.818,18.246,+4.000,
70.493,3300,3215.1,12.828,18.246,+4.000,
70.520,3300,3223.5,12.861,18.246,+4.000,
70.562,3300,3219.1,12.844,17.446,+3.200,
70.589,3300,3175.1,12.668,17.446,+3.200,
70.615,3300,3222.4,12.857,17.446,+3.200,
70.642,3300,3218.5,12.841,17.687,+3.441,
70.680,3300,3214.3,12.824,17.687,+3.441,
70.705,3300,3217.9,12.839,17.687,+3.441,
70.731,3300,3214.8,12.826,17.687,+3.441,
70.772,3300,3212.2,12.816,18.092,+3.846,
70.798,3300,3213.0,12.819,18.092,+3.846,
70.825,3300,3156.4,12.593,18.092,+3.846,
70.872,3300,3215.1,12.828,18.205,+3.959,
70.899,3300,3218.9,12.843,18.205,+3.959,
70.923,3300,3163.2,12.621,18.205,+3.959,
70.950,3300,3223.7,12.862,18.099,+3.853,
70.983,3300,3225.1,12.868,18.099,+3.853,
71.010,3300,3172.8,12.659,18.099,+3.853,
71.036,3300,3225.1,12.868,18.099,+3.853,
71.078,3300,3232.8,12.898,18.246,+4.000,
71.105,3300,3226.1,12.872,18.246,+4.000,
71.130,3300,3235.7,12.910,18.246,+4.000,
71.156,3300,3231.4,12.893,18.207,+3.961,
71.184,3300,3235.0,12.907,18.207,+3.961,
71.211,3300,3188.9,12.723,18.207,+3.961,
71.237,3300,3236.1,12.911,18.207,+3.961,
71.285,3300,3237.8,12.918,18.145,+3.899,
71.311,3300,3192.6,12.738,18.145,+3.899,
71.336,3300,3242.0,12.935,18.145,+3.899,
71.362,3300,3191.1,12.732,18.246,+4.000,
71.396,3300,3244.2,12.944,18.246,+4.000,
71.422,3300,3251.2,12.972,18.246,+4.000,
71.449,3300,3193.9,12.743,18.246,+4.000,
71.496,3300,3245.5,12.949,17.446,+3.200,
71.528,3300,3193.8,12.743,17.446,+3.200,
71.554,3300,3251.7,12.974,17.446,+3.200,
71.602,3300,3244.2,12.944,17.596,+3.351,
71.628,3300,3181.7,12.694,17.596,+3.351,
71.655,3300,3236.1,12.911,17.596,+3.351,
71.697,3300,3230.4,12.889,18.063,+3.817,
71.728,3300,3227.1,12.876,18.063,+3.817,
71.755,3300,3227.1,12.876,18.063,+3.817,
71.802,3300,3230.4,12.889,18.246,+4.000,
71.829,3300,3232.4,12.897,18.246,+4.000,
71.855,3300,3177.8,12.679,18.246,+4.000,
71.903,3300,3234.7,12.906,18.229,+3.983,
71.934,3300,3184.5,12.706,18.229,+3.983,
71.961,3300,3243.4,12.941,18.229,+3.983,
72.014,3300,3244.8,12.946,18.185,+3.939,
72.040,3300,3243.7,12.942,18.185,+3.939,
72.067,3300,3242.9,12.939,18.185,+3.939,
72.114,3300,3192.3,12.737,18.246,+4.000,
72.138,3300,3246.4,12.952,18.246,+4.000,
72.165,3300,3247.9,12.958,18.246,+4.000,
72.191,3300,3253.9,12.983,17.446,+3.200,
72.225,3300,3256.7,12.994,17.446,+3.200,
72.251,3300,3247.1,12.955,17.446,+3.200,
72.278,3300,3249.4,12.964,17.446,+3.200,
72.325,3300,3252.8,12.978,17.771,+3.525,
72.350,3300,3242.3,12.936,17.771,+3.525,
72.376,3300,3240.3,12.928,17.771,+3.525,
72.403,3300,3190.4,12.729,18.246,+4.000,
72.436,3300,3240.6,12.929,18.246,+4.000,
72.462,3300,3235.3,12.908,18.246,+4.000,
72.489,3300,3241.3,12.932,18.246,+4.000,
72.536,3300,3242.0,12.935,17.476,+3.230,
72.561,3300,3236.4,12.912,17.476,+3.230,
72.587,3300,3188.1,12.720,17.476,+3.230,
72.614,3300,3240.3,12.928,17.496,+3.250,
72.647,3300,3236.7,12.914,17.496,+3.250,
72.669,3300,3235.0,12.907,17.496,+3.250,
72.695,3300,3176.7,12.675,17.496,+3.250,
72.737,3300,3169.2,12.645,17.827,+3.581,
72.762,3300,3224.8,12.866,17.827,+3.581,
72.788,3300,3216.1,12.832,17.827,+3.581,
72.815,3300,3170.3,12.649,18.246,+4.000,
72.843,3300,3167.3,12.637,18.246,+4.000,
72.869,3300,3217.0,12.835,18.246,+4.000,shot:3239:26
72.894,3300,3225.5,12.869,18.246,+4.000,
72.921,3300,3169.8,12.647,18.246,+4.000,
72.954,3300,3225.0,12.867,18.246,+4.000,
72.978,3300,3209.3,12.804,18.246,+4.000,
73.005,3300,3032.8,12.100,18.246,+4.000,
73.047,3300,2745.1,10.953,18.246,+4.000,
73.074,3300,2592.4,10.343,18.246,+4.000,
73.100,3300,2649.2,10.570,18.246,+4.000,
73.127,3300,2676.3,10.678,18.246,+4.000,
73.165,3300,2712.8,10.824,18.246,+4.000,
73.189,3300,2736.1,10.917,18.246,+4.000,
73.216,3300,2759.7,11.011,18.246,+4.000,
73.256,3300,2793.8,11.147,18.246,+4.000,
73.283,3300,2815.0,11.231,18.246,+4.000,
73.309,3300,2833.5,11.305,18.246,+4.000,
73.362,3300,2871.5,11.457,17.446,+3.200,
73.386,3300,2884.9,11.510,17.446,+3.200,
73.413,3300,2853.6,11.385,17.446,+3.200,
73.460,3300,2915.1,11.631,17.003,+2.757,
73.487,3300,2927.7,11.681,17.003,+2.757,
73.513,3300,2886.3,11.516,17.003,+2.757,
73.561,3300,2946.3,11.755,17.169,+2.923,
73.592,3300,2953.8,11.785,17.169,+2.923,
73.619,3300,2956.5,11.796,17.169,+2.923,
73.661,3300,2966.7,11.836,17.349,+3.103,
73.688,3300,2973.2,11.863,17.349,+3.103,shot:2983:94
73.712,3300,2975.7,11.873,17.349,+3.103,
73.739,3300,2987.0,11.917,17.462,+3.216,
73.772,3300,2994.9,11.949,17.462,+3.216,
73.796,3300,2996.8,11.957,17.462,+3.216,
73.823,3300,3005.4,11.991,17.462,+3.216,
73.865,3300,3013.1,12.022,17.566,+3.320,
73.892,3300,3022.2,12.058,17.566,+3.320,
73.918,3300,3023.8,12.065,17.566,+3.320,
73.945,3300,3032.0,12.097,17.675,+3.429,
73.978,3300,3036.3,12.114,17.675,+3.429,
74.002,3300,3044.7,12.148,17.675,+3.429,
74.029,3300,3046.3,12.154,17.675,+3.429,
74.081,3300,3058.1,12.201,17.764,+3.518,
74.108,3300,3064.0,12.225,17.764,+3.518,
74.134,3300,3070.2,12.249,17.764,+3.518,
74.182,3300,3075.7,12.271,18.246,+4.000,
74.206,3300,3088.5,12.323,18.246,+4.000,
74.233,3300,3089.0,12.324,18.246,+4.000,
74.259,3300,3101.0,12.372,17.446,+3.200,
74.287,3300,3106.9,12.396,17.446,+3.200,
74.314,3300,3113.9,12.424,17.446,+3.200,
74.340,3300,3116.3,12.433,17.446,+3.200,
74.388,3300,3119.4,12.446,17.386,+3.141,
74.412,3300,3125.6,12.471,17.386,+3.141,
74.439,3300,3121.0,12.452,17.386,+3.141,
74.465,3300,3124.3,12.465,17.688,+3.442,
74.503,3300,3071.6,12.255,17.688,+3.442,
74.535,3300,3123.3,12.461,17.688,+3.442,
74.562,3300,3131.1,12.493,17.688,+3.442,
74.602,3300,3131.6,12.495,17.964,+3.718,
74.626,3300,3083.5,12.303,17.964,+3.718,
74.653,3300,3086.5,12.314,17.964,+3.718,
74.684,3300,3142.3,12.537,17.988,+3.742,
74.718,3300,3098.3,12.362,17.988,+3.742,
74.744,3300,3100.4,12.370,17.988,+3.742,
74.771,3300,3154.0,12.584,17.988,+3.742,
74.813,3300,3111.5,12.414,18.056,+3.810,
74.838,3300,3162.1,12.616,18.056,+3.810,
74.864,3300,3171.0,12.652,18.056,+3.810,
74.891,3300,3168.1,12.640,18.027,+3.782,
74.919,3300,3174.9,12.667,18.027,+3.782,
74.946,3300,3179.8,12.687,18.027,+3.782,
74.972,3300,3179.9,12.687,18.027,+3.782,
74.990,3300,3129.1,12.485,18.027,+3.782,label:in
75.012,3300,3186.6,12.714,17.885,+3.639,
75.050,3300,3192.6,12.738,17.885,+3.639,
75.075,3300,3138.5,12.522,17.885,+3.639,
75.101,3300,3192.1,12.736,17.885,+3.639,
75.147,3300,3196.9,12.755,17.892,+3.646,
75.173,3300,3192.7,12.738,17.892,+3.646,
75.200,3300,3200.7,12.770,17.892,+3.646,
75.247,3300,3152.1,12.576,18.246,+4.000,
75.272,3300,3197.2,12.756,18.246,+4.000,
75.298,3300,3207.1,12.796,18.246,+4.000,
75.325,3300,3154.4,12.586,18.246,+4.000,
75.358,3300,3159.0,12.604,18.246,+4.000,
75.385,3300,3212.3,12.816,18.246,+4.000,
75.411,3300,3221.1,12.852,18.246,+4.000,
75.459,3300,3221.3,12.852,17.446,+3.200,
75.483,3300,3217.9,12.839,17.446,+3.200,
75.510,3300,3223.6,12.862,17.446,+3.200,
75.536,3300,3214.0,12.823,17.738,+3.492,
75.564,3300,3218.2,12.840,17.738,+3.492,
75.591,3300,3164.4,12.626,17.738,+3.492,
75.617,3300,3208.8,12.802,17.738,+3.492,
75.670,3300,3210.3,12.808,18.005,+3.760,
75.694,3300,3163.7,12.623,18.005,+3.760,
75.721,3300,3213.7,12.822,18.005,+3.760,
75.768,3300,3211.3,12.813,18.036,+3.790,
75.795,3300,3214.8,12.827,18.036,+3.790,
75.821,3300,3166.4,12.633,18.036,+3.790,
75.874,3300,3221.4,12.853,18.128,+3.882,
75.898,3300,3215.6,12.830,18.128,+3.882,
75.925,3300,3221.2,12.852,18.128,+3.882,
75.972,3300,3226.2,12.872,18.246,+4.000,
75.999,3300,3221.3,12.853,18.246,+4.000,
76.026,3300,3173.4,12.661,18.246,+4.000,
76.073,3300,3229.9,12.887,18.246,+4.000,
76.105,3300,3182.1,12.696,18.246,+4.000,
76.132,3300,3234.2,12.904,18.246,+4.000,
76.174,3300,3236.3,12.912,18.100,+3.855,
76.201,3300,3189.5,12.726,18.100,+3.855,
76.227,3300,3237.6,12.917,18.100,+3.855,
76.254,3300,3241.3,12.932,18.140,+3.894,
76.282,3300,3245.1,12.947,18.140,+3.894,
76.306,3300,3238.9,12.923,18.140,+3.894,
76.333,3300,3251.6,12.973,18.140,+3.894,
76.360,3300,3190.3,12.729,18.246,+4.000,
76.393,3300,3245.4,12.949,18.246,+4.000,
76.419,3300,3244.1,12.944,18.246,+4.000,
76.446,3300,3196.6,12.754,18.246,+4.000,
76.488,3300,3245.1,12.947,17.446,+3.200,
76.513,3300,3198.8,12.762,17.446,+3.200,
76.539,3300,3245.5,12.949,17.446,+3.200,
76.566,3300,3241.8,12.934,17.705,+3.459,
76.594,3300,3246.6,12.953,17.705,+3.459,
76.620,3300,3185.5,12.709,17.705,+3.459,
76.647,3300,3235.6,12.909,17.705,+3.459,
76.694,3300,3235.7,12.910,18.078,+3.833,
76.719,3300,3233.3,12.900,18.078,+3.833,
76.746,3300,3230.6,12.890,18.078,+3.833,
76.772,3300,3185.6,12.710,18.246,+4.000,
76.805,3300,3183.7,12.703,18.246,+4.000,
76.832,3300,3234.3,12.904,18.246,+4.000,
76.858,3300,3237.6,12.917,18.246,+4.000,
76.901,3300,3188.6,12.722,18.246,+4.000,
76.925,3300,3238.2,12.920,18.246,+4.000,
76.952,3300,3243.5,12.941,18.246,+4.000,
76.978,3300,3241.3,12.932,17.446,+3.200,
77.011,3300,3241.4,12.933,17.446,+3.200,
77.038,3300,3244.5,12.945,17.446,+3.200,
77.065,3300,3242.5,12.937,17.446,+3.200,
77.112,3300,3234.6,12.906,17.525,+3.279,
77.137,3300,3181.8,12.695,17.525,+3.279,
77.163,3300,3232.3,12.896,17.525,+3.279,
77.190,3300,3221.5,12.853,18.113,+3.868,
77.223,3300,3218.2,12.840,18.113,+3.868,
77.249,3300,3171.8,12.655,18.113,+3.868,
77.276,3300,3223.2,12.860,18.113,+3.868,
77.323,3300,3220.7,12.850,18.167,+3.921,
77.348,3300,3174.5,12.666,18.167,+3.921,
77.375,3300,3226.7,12.874,18.167,+3.921,
77.401,3300,3226.6,12.873,18.246,+4.000,
77.434,3300,3174.6,12.666,18.246,+4.000,
77.461,3300,3235.6,12.909,18.246,+4.000,
77.487,3300,3231.4,12.893,18.246,+4.000,
77.530,3300,3236.1,12.911,18.246,+4.000,
77.554,3300,3239.0,12.923,18.246,+4.000,
77.581,3300,3236.8,12.914,18.246,+4.000,
77.607,3300,3192.0,12.735,18.246,+4.000,
77.645,3300,3240.4,12.929,18.246,+4.000,
77.672,3300,3246.8,12.954,18.246,+4.000,
77.698,3300,3244.0,12.943,18.246,+4.000,
77.744,3300,3246.7,12.954,17.446,+3.200,
77.768,3300,3250.4,12.968,17.446,+3.200,
77.795,3300,3241.3,12.932,17.446,+3.200,
77.842,3300,3239.4,12.924,17.656,+3.410,
77.869,3300,3243.0,12.939,17.656,+3.410,
77.895,3300,3230.0,12.887,17.656,+3.410,
77.938,3300,3230.7,12.890,17.979,+3.733,
77.962,3300,3173.7,12.662,17.979,+3.733,
77.989,3300,3223.6,12.862,17.979,+3.733,
78.015,3300,3229.3,12.884,18.161,+3.915,
78.048,3300,3177.3,12.677,18.161,+3.915,
78.075,3300,3224.4,12.865,18.161,+3.915,
78.101,3300,3227.8,12.878,18.161,+3.915,
78.149,3300,3232.2,12.896,18.246,+4.000,
78.173,3300,3229.3,12.884,18.246,+4.000,
78.200,3300,3232.8,12.898,18.246,+4.000,
78.226,3300,3184.5,12.705,18.246,+4.000,
78.254,3300,3180.1,12.688,18.246,+4.000,
78.281,3300,3237.0,12.915,18.246,+4.000,
78.308,3300,3239.0,12.923,18.246,+4.000,
78.360,3300,3243.2,12.940,18.246,+4.000,
78.385,3300,3238.3,12.920,18.246,+4.000,
78.411,3300,3238.6,12.921,18.246,+4.000,
78.452,3300,3241.4,12.932,17.446,+3.200,
78.478,3300,3244.5,12.945,17.446,+3.200,
78.505,3300,3242.2,12.936,17.446,+3.200,
78.531,3300,3231.4,12.893,17.816,+3.570,
78.569,3300,3231.8,12.894,17.816,+3.570,
78.594,3300,3229.1,12.884,17.816,+3.570,
78.620,3300,3233.0,12.899,17.816,+3.570,
78.655,3300,3231.3,12.892,18.108,+3.862,
78.682,3300,3224.9,12.867,18.108,+3.862,
78.708,3300,3224.7,12.866,18.108,+3.862,
78.735,3300,3232.8,12.898,18.074,+3.828,
78.773,3300,3229.9,12.887,18.074,+3.828,
78.798,3300,3231.0,12.891,18.074,+3.828,
78.824,3300,3229.9,12.887,18.074,+3.828,
78.859,3300,3195.2,12.748,18.194,+3.948,
78.886,3300,3027.3,12.079,18.194,+3.948,
78.912,3300,2807.0,11.200,18.194,+3.948,shot:3225:38
78.937,3300,2727.5,10.882,18.246,+4.000,
78.970,3300,2691.3,10.738,18.246,+4.000,
79.002,3300,2722.5,10.862,18.246,+4.000,
79.028,3300,2699.5,10.771,18.246,+4.000,
79.068,3300,2774.9,11.071,18.246,+4.000,
79.095,3300,2796.6,11.158,18.246,+4.000,
79.122,3300,2816.4,11.237,18.246,+4.000,
79.169,3300,2850.0,11.371,18.246,+4.000,
79.191,3300,2819.3,11.249,18.246,+4.000,
79.215,3300,2880.0,11.491,18.246,+4.000,
79.242,3300,2896.9,11.558,17.446,+3.200,
79.275,3300,2914.6,11.629,17.446,+3.200,
79.302,3300,2930.0,11.690,17.446,+3.200,
79.328,3300,2890.0,11.531,17.446,+3.200,
79.381,3300,2953.2,11.783,17.216,+2.970,
79.405,3300,2964.2,11.827,17.216,+2.970,
79.432,3300,2966.8,11.837,17.216,+2.970,
79.479,3300,2980.0,11.889,17.350,+3.105,
79.506,3300,2980.4,11.891,17.350,+3.105,
79.532,3300,2990.6,11.932,17.350,+3.105,
79.579,3300,2948.7,11.765,18.150,+3.905,
79.611,3300,3005.1,11.990,18.150,+3.905,
79.638,3300,3019.2,12.046,18.150,+3.905,
79.685,3300,3032.9,12.101,18.157,+3.912,
79.711,3300,2994.9,11.949,18.157,+3.912,
79.738,3300,3051.8,12.176,18.157,+3.912,
79.785,3300,3015.0,12.029,17.357,+3.112,
79.817,3300,3023.0,12.061,17.357,+3.112,
79.843,3300,3079.8,12.288,17.357,+3.112,
79.886,3300,3032.5,12.099,17.316,+3.070,
79.912,3300,3037.7,12.120,17.316,+3.070,
79.939,3300,3084.7,12.308,17.316,+3.070,
79.965,3300,3091.3,12.334,17.587,+3.341,
79.993,3300,3035.9,12.113,17.587,+3.341,
80.018,3300,3044.6,12.147,17.587,+3.341,
80.044,3300,3089.2,12.325,17.587,+3.341,
80.071,3300,3096.9,12.356,17.881,+3.635,
80.104,3300,3101.7,12.375,17.881,+3.635,
80.131,3300,3099.8,12.367,17.881,+3.635,
80.157,3300,3055.3,12.190,17.881,+3.635,
80.205,3300,3117.2,12.437,18.246,+4.000,
80.229,3300,3116.1,12.433,18.246,+4.000,
80.256,3300,3126.1,12.473,18.246,+4.000,
80.282,3300,3125.4,12.470,17.446,+3.200,
80.315,3300,3132.8,12.499,17.446,+3.200,
80.342,3300,3142.5,12.538,17.446,+3.200,
80.369,3300,3141.6,12.534,17.446,+3.200,
80.411,3300,3145.9,12.552,17.370,+3.125,
80.435,3300,3142.1,12.536,17.370,+3.125,
80.462,3300,3145.8,12.551,17.370,+3.125,
80.480,3300,3093.2,12.342,17.370,+3.125,label:in
80.502,3300,3140.8,12.531,17.766,+3.521,
80.536,3300,3143.3,12.541,17.766,+3.521,
80.562,3300,3144.5,12.546,17.766,+3.521,
80.589,3300,3147.3,12.557,17.766,+3.521,
80.636,3300,3095.5,12.351,17.892,+3.647,
80.661,3300,3153.4,12.582,17.892,+3.647,
80.687,3300,3151.3,12.573,17.892,+3.647,
80.714,3300,3155.6,12.590,18.060,+3.814,
80.747,3300,3159.4,12.605,18.060,+3.814,
80.773,3300,3163.2,12.621,18.060,+3.814,
80.800,3300,3163.3,12.621,18.060,+3.814,
80.847,3300,3172.4,12.657,18.152,+3.906,
80.872,3300,3172.9,12.659,18.152,+3.906,
80.899,3300,3127.2,12.477,18.152,+3.906,
80.925,3300,3187.0,12.716,17.928,+3.683,
80.958,3300,3136.2,12.513,17.928,+3.683,
80.985,3300,3187.0,12.716,17.928,+3.683,
81.011,3300,3193.9,12.743,17.928,+3.683,
81.054,3300,3191.9,12.735,18.038,+3.792,
81.078,3300,3198.2,12.760,18.038,+3.792,
81.105,3300,3143.9,12.543,18.038,+3.792,
81.131,3300,3195.4,12.749,18.186,+3.940,
81.165,3300,3197.6,12.758,18.186,+3.940,
81.191,3300,3206.1,12.792,18.186,+3.940,
81.218,3300,3200.7,12.770,18.186,+3.940,
81.270,3300,3157.8,12.599,18.246,+4.000,
81.295,3300,3211.2,12.812,18.246,+4.000,
81.321,3300,3162.6,12.618,18.246,+4.000,
81.374,3300,3221.1,12.852,17.446,+3.200,
81.401,3300,3213.9,12.823,17.446,+3.200,
81.427,3300,3218.1,12.839,17.446,+3.200,
81.480,3300,3209.0,12.803,17.644,+3.398,
81.504,3300,3214.8,12.827,17.644,+3.398,
81.531,3300,3204.1,12.784,17.644,+3.398,
81.573,3300,3159.4,12.605,18.246,+4.000,
81.600,3300,3208.7,12.802,18.246,+4.000,
81.626,3300,3206.7,12.794,18.246,+4.000,
81.653,3300,3215.0,12.827,17.446,+3.200,
81.686,3300,3216.5,12.833,17.446,+3.200,
81.711,3300,3210.1,12.808,17.446,+3.200,
81.737,3300,3216.2,12.832,17.446,+3.200,
81.785,3300,3213.6,12.822,17.672,+3.426,
81.811,3300,3203.4,12.781,17.672,+3.426,
81.838,3300,3156.7,12.595,17.672,+3.426,
81.885,3300,3211.3,12.812,18.056,+3.810,
81.910,3300,3199.4,12.765,18.056,+3.810,
81.936,3300,3156.1,12.592,18.056,+3.810,
81.963,3300,3206.4,12.793,18.175,+3.929,
81.996,3300,3210.3,12.808,18.175,+3.929,
82.023,3300,3208.6,12.802,18.175,+3.929,
82.049,3300,3214.1,12.824,18.175,+3.929,
82.097,3300,3166.5,12.634,18.246,+4.000,
82.121,3300,3217.6,12.838,18.246,+4.000,
82.148,3300,3172.9,12.659,18.246,+4.000,
82.174,3300,3222.0,12.855,17.446,+3.200,
82.208,3300,3222.7,12.858,17.446,+3.200,
82.234,3300,3228.0,12.879,17.446,+3.200,
82.261,3300,3175.0,12.668,17.446,+3.200,
82.308,3300,3220.6,12.850,17.460,+3.214,
82.333,3300,3222.0,12.855,17.460,+3.214,
82.359,3300,3166.8,12.635,17.460,+3.214,
82.386,3300,3208.1,12.800,18.052,+3.806,
82.419,3300,3206.4,12.793,18.052,+3.806,
82.446,3300,3212.1,12.816,18.052,+3.806,
82.472,3300,3206.9,12.795,18.052,+3.806,
82.519,3300,3157.2,12.597,18.246,+4.000,
82.544,3300,3216.0,12.831,18.246,+4.000,
82.570,3300,3212.7,12.818,18.246,+4.000,
82.597,3300,3165.8,12.631,18.246,+4.000,
82.630,3300,3168.2,12.640,18.246,+4.000,
82.657,3300,3227.6,12.878,18.246,+4.000,
82.683,3300,3221.1,12.852,18.246,+4.000,
82.730,3300,3175.0,12.668,18.246,+4.000,
82.755,3300,3237.2,12.916,18.246,+4.000,
82.781,3300,3231.4,12.893,18.246,+4.000,
82.808,3300,3184.8,12.707,18.246,+4.000,
82.841,3300,3237.2,12.916,18.246,+4.000,
82.868,3300,3239.4,12.925,18.246,+4.000,
82.894,3300,3186.4,12.713,18.246,+4.000,
82.947,3300,3239.8,12.926,17.446,+3.200,
82.971,3300,3193.0,12.740,17.446,+3.200,
82.998,3300,3240.5,12.929,17.446,+3.200,
83.045,3300,3230.2,12.888,17.512,+3.266,
83.072,3300,3180.7,12.691,17.512,+3.266,
83.098,3300,3233.9,12.902,17.512,+3.266,
83.140,3300,3219.8,12.847,17.864,+3.618,
83.165,3300,3174.7,12.667,17.864,+3.618,
83.192,3300,3218.6,12.842,17.864,+3.618,
83.218,3300,3222.2,12.856,18.221,+3.975,
83.251,3300,3219.8,12.846,18.221,+3.975,
83.278,3300,3170.0,12.648,18.221,+3.975,
83.304,3300,3216.7,12.834,18.221,+3.975,
83.357,3300,3222.8,12.858,18.246,+4.000,
83.382,3300,3176.2,12.673,18.246,+4.000,
83.408,3300,3229.2,12.884,18.246,+4.000,
83.455,3300,3230.9,12.891,18.128,+3.882,
83.482,3300,3181.1,12.692,18.128,+3.882,
83.508,3300,3237.7,12.918,18.128,+3.882,
83.556,3300,3237.8,12.918,18.145,+3.899,
83.580,3300,3235.8,12.910,18.145,+3.899,
83.607,3300,3243.3,12.940,18.145,+3.899,
83.633,3300,3235.9,12.910,18.246,+4.000,
83.661,3300,3188.4,12.721,18.246,+4.000,
83.688,3300,3246.8,12.954,18.246,+4.000,
83.714,3300,3239.5,12.925,18.246,+4.000,
83.757,3300,3249.8,12.966,18.246,+4.000,
83.781,3300,3246.2,12.952,18.246,+4.000,
83.808,3300,3249.0,12.963,18.246,+4.000,
83.834,3300,3255.6,12.989,17.446,+3.200,
83.862,3300,3249.1,12.963,17.446,+3.200,
83.889,3300,3250.5,12.969,17.446,+3.200,
83.915,3300,3197.2,12.756,17.446,+3.200,
83.958,3300,3186.5,12.714,17.665,+3.419,
83.982,3300,3245.1,12.947,17.665,+3.419,
84.009,3300,3180.5,12.690,17.665,+3.419,
84.035,3300,3236.4,12.913,18.057,+3.811,
84.068,3300,3231.9,12.895,18.057,+3.811,
84.095,3300,3231.7,12.894,18.057,+3.811,
84.121,3300,3224.3,12.864,18.057,+3.811,
84.164,3300,3234.2,12.904,18.246,+4.000,
84.188,3300,3228.8,12.883,18.246,+4.000,
84.215,3300,3184.1,12.704,18.246,+4.000,
84.241,3300,3236.5,12.913,18.196,+3.950,
84.280,3300,3240.4,12.928,18.196,+3.950,
84.306,3300,3239.4,12.925,18.196,+3.950,
84.333,3300,3238.6,12.921,18.196,+3.950,
84.373,3300,3194.3,12.745,18.133,+3.887,
84.398,3300,3241.4,12.933,18.133,+3.887,
84.424,3300,3247.6,12.958,18.133,+3.887,
84.451,3300,3242.5,12.937,18.246,+4.000,
84.484,3300,3242.3,12.936,18.246,+4.000,
84.510,3300,3246.0,12.951,18.246,+4.000,
84.537,3300,3250.9,12.970,18.246,+4.000,
84.584,3300,3249.0,12.963,18.143,+3.897,
84.609,3300,3196.9,12.755,18.143,+3.897,
84.635,3300,3255.0,12.987,18.143,+3.897,
84.662,3300,3247.8,12.958,18.246,+4.000,
84.695,3300,3252.2,12.976,18.246,+4.000,
84.721,3300,3254.1,12.983,18.246,+4.000,
84.748,3300,3203.4,12.781,18.246,+4.000,
84.795,3300,3256.9,12.994,18.113,+3.867,
84.820,3300,3203.7,12.782,18.113,+3.867,
84.846,3300,3261.1,13.011,18.113,+3.867,
84.873,3300,3252.5,12.977,18.246,+4.000,
84.906,3300,3200.9,12.771,18.246,+4.000,
84.932,3300,3257.5,12.997,18.246,+4.000,
84.959,3300,3207.4,12.797,18.246,+4.000,
85.006,3300,3258.3,13.000,18.128,+3.883,
85.031,3300,3259.9,13.007,18.128,+3.883,
85.057,3300,3263.6,13.021,18.128,+3.883,
85.084,3300,3255.2,12.988,18.246,+4.000,
85.117,3300,3203.3,12.780,18.246,+4.000,
85.144,3300,3259.5,13.005,18.246,+4.000,
85.170,3300,3210.0,12.807,18.246,+4.000,
85.223,3300,3263.1,13.019,18.137,+3.891,
85.247,3300,3260.3,13.008,18.137,+3.891,
85.274,3300,3263.1,13.019,18.137,+3.891,
85.326,3300,3256.5,12.993,18.246,+4.000,
85.353,3300,3264.5,13.025,18.246,+4.000,
85.379,3300,3262.6,13.017,18.246,+4.000,
85.422,3300,3261.7,13.014,17.446,+3.200,
85.446,3300,3210.7,12.810,17.446,+3.200,
85.473,3300,3255.2,12.988,17.446,+3.200,
85.499,3300,3261.5,13.013,17.643,+3.397,
85.527,3300,3202.3,12.777,17.643,+3.397,
85.554,3300,3244.1,12.943,17.643,+3.397,
85.580,3300,3249.3,12.964,17.643,+3.397,
85.622,3300,3238.6,12.921,18.246,+4.000,
85.647,3300,3242.1,12.935,18.246,+4.000,
85.674,3300,3241.6,12.934,18.246,+4.000,
85.700,3300,3185.1,12.708,18.246,+4.000,
85.733,3300,3238.5,12.921,18.246,+4.000,
85.760,3300,3246.9,12.954,18.246,+4.000,
85.786,3300,3192.8,12.739,18.246,+4.000,
85.834,3300,3245.2,12.948,17.446,+3.200,
85.858,3300,3250.1,12.967,17.446,+3.200,
85.885,3300,3243.7,12.942,17.446,+3.200,
85.911,3300,3239.9,12.927,17.780,+3.534,
85.944,3300,3235.8,12.910,17.780,+3.534,
85.971,3300,3187.6,12.718,17.780,+3.534,
85.997,3300,3229.5,12.885,17.780,+3.534,
86.044,3300,3225.3,12.868,18.097,+3.851,
86.069,3300,3180.8,12.691,18.097,+3.851,
86.095,3300,3227.2,12.876,18.097,+3.851,
86.122,3300,3230.5,12.889,18.245,+4.000,
86.155,3300,3230.9,12.891,18.245,+4.000,
86.182,3300,3182.9,12.699,18.245,+4.000,
86.208,3300,3230.5,12.889,18.245,+4.000,
86.261,3300,3185.1,12.708,18.246,+4.000,
86.285,3300,3239.9,12.927,18.246,+4.000,
86.312,3300,3191.6,12.734,18.246,+4.000,
86.359,3300,3246.2,12.952,18.130,+3.884,
86.386,3300,3244.0,12.943,18.130,+3.884,
86.412,3300,3197.4,12.757,18.130,+3.884,
86.455,3300,3245.2,12.948,18.214,+3.968,
86.479,3300,3251.5,12.973,18.214,+3.968,
86.506,3300,3249.8,12.966,18.214,+3.968,
86.532,3300,3247.8,12.958,18.246,+4.000,
86.560,3300,3253.6,12.981,18.246,+4.000,
86.587,3300,3198.1,12.760,18.246,+4.000,
86.613,3300,3249.6,12.965,18.246,+4.000,
86.661,3300,3253.2,12.980,18.246,+4.000,
86.685,3300,3255.6,12.989,18.246,+4.000,
86.712,3300,3253.1,12.979,18.246,+4.000,
86.738,3300,3259.2,13.004,18.106,+3.860,
86.771,3300,3260.5,13.009,18.106,+3.860,
86.798,3300,3204.1,12.784,18.106,+3.860,
86.824,3300,3256.0,12.991,18.106,+3.860,
86.872,3300,3258.3,13.000,18.246,+4.000,
86.896,3300,3258.3,13.000,18.246,+4.000,
86.923,3300,3255.8,12.990,18.246,+4.000,
86.949,3300,3263.3,13.020,18.144,+3.898,
86.977,3300,3260.5,13.009,18.144,+3.898,
87.004,3300,3258.5,13.001,18.144,+3.898,
87.030,3300,3263.5,13.021,18.144,+3.898,
87.078,3300,3265.4,13.028,18.246,+4.000,
87.102,3300,3258.8,13.002,18.246,+4.000,
87.129,3300,3266.0,13.031,18.246,+4.000,
87.155,3300,3209.4,12.805,18.246,+4.000,
87.188,3300,3264.7,13.025,18.246,+4.000,
87.215,3300,3262.1,13.015,18.246,+4.000,
87.241,3300,3269.9,13.046,18.246,+4.000,
87.289,3300,3267.2,13.035,17.446,+3.200,
87.314,3300,3258.6,13.001,17.446,+3.200,
87.340,3300,3211.2,12.812,17.446,+3.200,
87.365,3300,3251.9,12.975,17.844,+3.598,
87.398,3300,3247.7,12.958,17.844,+3.598,
87.424,3300,3198.5,12.761,17.844,+3.598,
87.451,3300,3248.4,12.960,17.844,+3.598,
87.493,3300,3239.0,12.923,18.036,+3.790,
87.518,3300,3192.9,12.739,18.036,+3.790,
87.544,3300,3238.1,12.919,18.036,+3.790,
87.571,3300,3241.9,12.935,18.246,+4.000,
87.604,3300,3188.8,12.723,18.246,+4.000,
87.630,3300,3244.1,12.944,18.246,+4.000,
87.657,3300,3236.6,12.913,18.246,+4.000,
87.704,3300,3187.5,12.718,18.246,+4.000,shot:3258:28
87.727,3300,3245.7,12.950,18.246,+4.000,
87.751,3300,3244.1,12.943,18.246,+4.000,
87.778,3300,3251.9,12.975,17.446,+3.200,
87.811,3300,3248.6,12.961,17.446,+3.200,
87.837,3300,3242.5,12.937,17.446,+3.200,
87.864,3300,3243.3,12.940,17.446,+3.200,
87.911,3300,3241.6,12.933,17.781,+3.535,
87.943,3300,3239.2,12.924,17.781,+3.535,
87.969,3300,3227.9,12.879,17.781,+3.535,
88.017,3300,3174.1,12.664,18.246,+4.000,
88.043,3300,3231.4,12.893,18.246,+4.000,
88.070,3300,3232.3,12.896,18.246,+4.000,
88.117,3300,3183.6,12.702,18.246,+4.000,
88.149,3300,3237.4,12.917,18.246,+4.000,
88.176,3300,3239.3,12.924,18.246,+4.000,
88.228,3300,3239.6,12.925,17.446,+3.200,
88.255,3300,3246.4,12.952,17.446,+3.200,
88.281,3300,3240.8,12.930,17.446,+3.200,
88.329,3300,3231.8,12.894,17.434,+3.188,
88.353,3300,3184.9,12.707,17.434,+3.188,
88.380,3300,3229.7,12.886,17.434,+3.188,
88.406,3300,3226.3,12.872,17.909,+3.664,
88.439,3300,3221.0,12.851,17.909,+3.664,
88.466,3300,3173.2,12.660,17.909,+3.664,
88.492,3300,3218.3,12.840,17.909,+3.664,
88.540,3300,3217.1,12.835,18.169,+3.923,
88.564,3300,3172.4,12.657,18.169,+3.923,
88.591,3300,3220.9,12.851,18.169,+3.923,
88.617,3300,3225.8,12.870,18.226,+3.980,
88.656,3300,3223.9,12.863,18.226,+3.980,
88.682,3300,3230.4,12.889,18.226,+3.980,
88.709,3300,3230.4,12.889,18.226,+3.980,
88.754,3300,3227.6,12.878,18.246,+4.000,
88.779,3300,3237.5,12.917,18.246,+4.000,
88.805,3300,3232.8,12.898,18.246,+4.000,
88.852,3300,3181.9,12.695,18.246,+4.000,
88.879,3300,3240.8,12.930,18.246,+4.000,
88.905,3300,3241.3,12.932,18.246,+4.000,
88.948,3300,3190.2,12.728,18.246,+4.000,
88.972,3300,3248.6,12.961,18.246,+4.000,
88.999,3300,3245.4,12.949,18.246,+4.000,
89.025,3300,3251.3,12.972,17.446,+3.200,
89.064,3300,3249.1,12.963,17.446,+3.200,
89.090,3300,3255.6,12.989,17.446,+3.200,
89.117,3300,3249.1,12.963,17.446,+3.200,
89.162,3300,3187.7,12.718,17.692,+3.446,
89.186,3300,3248.8,12.962,17.692,+3.446,
89.213,3300,3238.1,12.920,17.692,+3.446,
89.260,3300,3183.3,12.701,18.246,+4.000,
89.287,3300,3240.5,12.929,18.246,+4.000,
89.313,3300,3188.6,12.722,18.246,+4.000,
89.361,3300,3244.5,12.945,17.446,+3.200,
89.386,3300,3243.9,12.943,17.446,+3.200,
89.412,3300,3243.5,12.941,17.446,+3.200,
89.439,3300,3235.1,12.908,17.772,+3.526,
89.472,3300,3230.7,12.890,17.772,+3.526,
89.498,3300,3187.0,12.716,17.772,+3.526,
89.525,3300,3232.3,12.896,17.772,+3.526,
89.572,3300,3226.1,12.872,17.901,+3.655,
89.597,3300,3179.7,12.686,17.901,+3.655,
89.623,3300,3227.8,12.878,17.901,+3.655,
89.650,3300,3226.9,12.875,18.212,+3.966,
89.678,3300,3232.2,12.896,18.212,+3.966,
89.704,3300,3177.5,12.678,18.212,+3.966,
89.731,3300,3228.8,12.882,18.212,+3.966,
89.773,3300,3237.2,12.916,18.246,+4.000,
89.798,3300,3179.3,12.685,18.246,+4.000,
89.824,3300,3240.2,12.928,18.246,+4.000,
89.851,3300,3235.3,12.908,18.231,+3.985,
89.879,3300,3236.1,12.912,18.231,+3.985,
89.905,3300,3181.3,12.693,18.231,+3.985,
89.932,3300,3117.8,12.440,18.231,+3.985,
89.979,3300,2877.2,11.480,18.246,+4.000,shot:3227:40
90.002,3300,2754.5,10.990,18.246,+4.000,
90.026,3300,2803.5,11.185,18.246,+4.000,
90.053,3300,2830.2,11.292,18.246,+4.000,
90.086,3300,2850.7,11.374,18.246,+4.000,
90.112,3300,2821.5,11.257,18.246,+4.000,
90.139,3300,2837.6,11.322,18.246,+4.000,
90.181,3300,2912.6,11.621,17.758,+3.512,
90.208,3300,2923.5,11.664,17.758,+3.512,
90.232,3300,2937.7,11.721,17.758,+3.512,
90.259,3300,2947.1,11.758,17.425,+3.179,
90.292,3300,2960.1,11.810,17.425,+3.179,
90.319,3300,2968.9,11.846,17.425,+3.179,
90.345,3300,2979.0,11.886,17.425,+3.179,
90.398,3300,2991.5,11.936,17.341,+3.095,
90.422,3300,2993.4,11.943,17.341,+3.095,
90.449,3300,3003.8,11.984,17.341,+3.095,
90.496,3300,3011.9,12.017,17.426,+3.180,
90.523,3300,3017.0,12.037,17.426,+3.180,
90.549,3300,2973.4,11.863,17.426,+3.180,
90.592,3300,2982.2,11.898,17.572,+3.326,
90.623,3300,3039.8,12.128,17.572,+3.326,
90.650,3300,3038.4,12.123,17.572,+3.326,
90.697,3300,3049.8,12.168,17.752,+3.506,
90.724,3300,3055.8,12.192,17.752,+3.506,
90.750,3300,3010.6,12.012,17.752,+3.506,
90.797,3300,3072.0,12.257,17.843,+3.597,
90.829,3300,3027.0,12.077,17.843,+3.597,
90.856,3300,3079.9,12.288,17.843,+3.597,
90.908,3300,3089.2,12.325,17.888,+3.642,
90.934,3300,3099.7,12.367,17.888,+3.642,
90.961,3300,3049.5,12.167,17.888,+3.642,
91.013,3300,3111.0,12.412,18.246,+4.000,
91.038,3300,3119.3,12.445,18.246,+4.000,
91.065,3300,3121.7,12.455,18.246,+4.000,
91.112,3300,3128.5,12.482,17.446,+3.200,
91.138,3300,3138.3,12.521,17.446,+3.200,
91.165,3300,3136.7,12.515,17.446,+3.200,
91.212,3300,3136.0,12.512,17.510,+3.264,
91.244,3300,3137.8,12.519,17.510,+3.264,
91.271,3300,3144.5,12.546,17.510,+3.264,
91.318,3300,3142.9,12.540,17.735,+3.489,
91.345,3300,3139.8,12.527,17.735,+3.489,
91.371,3300,3148.1,12.561,17.735,+3.489,
91.419,3300,3095.8,12.352,17.976,+3.730,
91.451,3300,3148.6,12.562,17.976,+3.730,
91.477,3300,3153.9,12.584,17.976,+3.730,
91.519,3300,3107.2,12.397,18.128,+3.883,
91.546,3300,3159.9,12.607,18.128,+3.883,
91.573,3300,3166.6,12.634,18.128,+3.883,
91.599,3300,3165.6,12.630,18.179,+3.934,
91.627,3300,3174.0,12.664,18.179,+3.934,
91.652,3300,3173.0,12.660,18.179,+3.934,
91.678,3300,3180.1,12.688,18.179,+3.934,
91.705,3300,3182.4,12.697,18.078,+3.832,
91.733,3300,3181.9,12.695,18.078,+3.832,
91.759,3300,3141.1,12.532,18.078,+3.832,
91.786,3300,3140.4,12.530,18.078,+3.832,
91.838,3300,3201.8,12.775,17.971,+3.725,
91.863,3300,3198.7,12.762,17.971,+3.725,
91.889,3300,3152.5,12.578,17.971,+3.725,
91.942,3300,3207.0,12.795,18.066,+3.820,
91.969,3300,3207.0,12.795,18.066,+3.820,
91.995,3300,3206.6,12.794,18.066,+3.820,
92.048,3300,3156.9,12.595,18.246,+4.000,
92.072,3300,3215.4,12.829,18.246,+4.000,
92.099,3300,3213.3,12.820,18.246,+4.000,
92.146,3300,3164.7,12.627,18.246,+4.000,
92.173,3300,3223.0,12.859,18.246,+4.000,
92.199,3300,3224.3,12.864,18.246,+4.000,
92.247,3300,3176.3,12.673,18.246,+4.000,
92.278,3300,3228.9,12.883,18.246,+4.000,
92.305,3300,3235.0,12.907,18.246,+4.000,
92.353,3300,3236.9,12.915,17.446,+3.200,
92.379,3300,3233.6,12.902,17.446,+3.200,
92.406,3300,3177.5,12.678,17.446,+3.200,
92.453,3300,3229.8,12.886,17.667,+3.421,
92.485,3300,3230.1,12.888,17.667,+3.421,
92.511,3300,3172.5,12.658,17.667,+3.421,
92.559,3300,3220.0,12.847,17.817,+3.571,
92.585,3300,3218.6,12.841,17.817,+3.571,
92.612,3300,3221.0,12.851,17.817,+3.571,
92.659,3300,3165.1,12.628,18.246,+4.000,
92.691,3300,3219.3,12.844,18.246,+4.000,
92.718,3300,3219.4,12.845,18.246,+4.000,
92.765,3300,3172.7,12.658,18.246,+4.000,
92.792,3300,3228.2,12.880,18.246,+4.000,
92.818,3300,3223.9,12.863,18.246,+4.000,
92.861,3300,3234.9,12.906,18.246,+4.000,
92.892,3300,3236.8,12.914,18.246,+4.000,
92.919,3300,3233.3,12.900,18.246,+4.000,
92.971,3300,3243.4,12.941,18.246,+4.000,
92.998,3300,3238.3,12.920,18.246,+4.000,
93.024,3300,3195.8,12.751,18.246,+4.000,
93.072,3300,3250.2,12.968,17.446,+3.200,
93.096,3300,3189.4,12.725,17.446,+3.200,
93.114,3300,3240.1,12.927,17.446,+3.200,label:short
93.136,3300,3195.0,12.747,17.446,+3.200,
93.177,3300,3232.8,12.898,17.632,+3.386,
93.203,3300,3240.5,12.929,17.632,+3.386,
93.230,3300,3176.9,12.675,17.632,+3.386,
93.277,3300,3224.2,12.864,17.877,+3.631,
93.302,3300,3229.9,12.887,17.877,+3.631,
93.328,3300,3172.1,12.656,17.877,+3.631,
93.355,3300,3223.4,12.861,18.243,+3.997,
93.394,3300,3221.2,12.852,18.243,+3.997,
93.420,3300,3225.1,12.868,18.243,+3.997,
93.447,3300,3231.3,12.892,18.243,+3.997,
93.487,3300,3228.7,12.882,18.246,+4.000,
93.512,3300,3232.7,12.898,18.246,+4.000,
93.538,3300,3227.9,12.879,18.246,+4.000,
93.565,3300,3185.3,12.709,18.246,+4.000,
93.598,3300,3236.2,12.912,18.246,+4.000,
93.624,3300,3237.4,12.917,18.246,+4.000,
93.651,3300,3182.9,12.699,18.246,+4.000,
93.698,3300,3238.7,12.922,17.446,+3.200,
93.723,3300,3238.1,12.919,17.446,+3.200,
93.750,3300,3232.5,12.897,17.446,+3.200,
93.776,3300,3239.9,12.927,17.509,+3.263,
93.804,3300,3231.4,12.893,17.509,+3.263,
93.831,3300,3229.9,12.887,17.509,+3.263,
93.857,3300,3230.7,12.890,17.509,+3.263,
93.910,3300,3223.7,12.862,17.931,+3.685,
93.934,3300,3163.4,12.621,17.931,+3.685,
93.961,3300,3215.8,12.830,17.931,+3.685,
94.008,3300,3216.4,12.833,18.246,+4.000,
94.035,3300,3216.0,12.831,18.246,+4.000,
94.061,3300,3163.1,12.620,18.246,+4.000,
94.109,3300,3220.2,12.848,18.246,+4.000,
94.141,3300,3224.7,12.866,18.246,+4.000,
94.167,3300,3175.4,12.669,18.246,+4.000,
94.215,3300,3229.7,12.886,18.081,+3.835,
94.241,3300,3228.7,12.882,18.081,+3.835,
94.268,3300,3183.6,12.702,18.081,+3.835,
94.315,3300,3235.4,12.909,18.187,+3.941,
94.347,3300,3183.1,12.700,18.187,+3.941,
94.373,3300,3229.8,12.886,18.187,+3.941,
94.421,3300,3234.5,12.905,18.246,+4.000,
94.447,3300,3188.7,12.723,18.246,+4.000,
94.474,3300,3236.0,12.911,18.246,+4.000,
94.521,3300,3239.1,12.923,18.181,+3.935,
94.553,3300,3240.1,12.927,18.181,+3.935,
94.580,3300,3249.3,12.964,18.181,+3.935,
94.627,3300,3200.6,12.770,18.246,+4.000,
94.654,3300,3244.7,12.946,18.246,+4.000,
94.680,3300,3196.0,12.751,18.246,+4.000,
94.728,3300,3250.4,12.968,17.446,+3.200,
94.759,3300,3199.4,12.765,17.446,+3.200,
94.786,3300,3245.0,12.947,17.446,+3.200,
94.833,3300,3234.8,12.906,17.544,+3.298,
94.860,3300,3186.0,12.712,17.544,+3.298,
94.886,3300,3238.1,12.920,17.544,+3.298,
94.934,3300,3227.1,12.876,17.832,+3.586,
94.966,3300,3173.4,12.661,17.832,+3.586,
94.992,3300,3225.6,12.870,17.832,+3.586,
95.040,3300,3225.7,12.870,18.246,+4.000,
95.066,3300,3174.7,12.666,18.246,+4.000,
95.093,3300,3221.4,12.853,18.246,+4.000,
95.145,3300,3226.3,12.872,18.246,+4.000,
95.170,3300,3229.3,12.884,18.246,+4.000,
95.196,3300,3229.8,12.886,18.246,+4.000,
95.244,3300,3232.3,12.896,18.125,+3.879,
95.270,3300,3235.5,12.909,18.125,+3.879,
95.297,3300,3240.5,12.929,18.125,+3.879,
95.344,3300,3190.9,12.731,18.246,+4.000,
95.376,3300,3242.8,12.938,18.246,+4.000,
95.402,3300,3190.6,12.730,18.246,+4.000,
95.450,3300,3245.3,12.948,17.446,+3.200,
95.477,3300,3200.0,12.767,17.446,+3.200,
95.503,3300,3244.2,12.944,17.446,+3.200,
95.546,3300,3247.3,12.956,17.573,+3.328,
95.578,3300,3190.5,12.729,17.573,+3.328,
95.604,3300,3234.3,12.904,17.573,+3.328,
95.647,3300,3232.4,12.897,17.866,+3.620,
95.673,3300,3183.0,12.700,17.866,+3.620,
95.700,3300,3223.5,12.861,17.866,+3.620,
95.726,3300,3230.3,12.888,18.121,+3.875,
95.759,3300,3226.5,12.873,18.121,+3.875,
95.784,3300,3173.7,12.662,18.121,+3.875,
95.810,3300,3225.2,12.868,18.121,+3.875,
95.853,3300,3231.9,12.895,18.246,+4.000,
95.879,3300,3226.7,12.874,18.246,+4.000,
95.906,3300,3235.1,12.907,18.246,+4.000,
95.932,3300,3236.0,12.911,18.148,+3.902,
95.966,3300,3238.1,12.919,18.148,+3.902,
95.990,3300,3238.7,12.922,18.148,+3.902,
96.017,3300,3244.8,12.946,18.148,+3.902,
96.064,3300,3192.3,12.737,18.246,+4.000,
96.091,3300,3156.3,12.593,18.246,+4.000,
96.117,3300,3041.7,12.136,18.246,+4.000,
96.165,3300,2763.5,11.026,18.246,+4.000,shot:3222:45
96.187,3300,2710.0,10.812,18.246,+4.000,
96.211,3300,2729.1,10.888,18.246,+4.000,
96.238,3300,2755.0,10.992,18.246,+4.000,
96.271,3300,2782.3,11.101,18.246,+4.000,
96.298,3300,2801.8,11.179,18.246,+4.000,
96.324,3300,2823.3,11.264,18.246,+4.000,
96.372,3300,2855.9,11.395,18.246,+4.000,
96.403,3300,2878.7,11.485,18.246,+4.000,
96.430,3300,2847.2,11.360,18.246,+4.000,
96.477,3300,2924.2,11.667,17.446,+3.200,
96.504,3300,2933.7,11.705,17.446,+3.200,
96.530,3300,2901.0,11.575,17.446,+3.200,
96.573,3300,2961.3,11.815,17.117,+2.871,
96.604,3300,2970.4,11.851,17.117,+2.871,
96.631,3300,2975.1,11.870,17.117,+2.871,
96.678,3300,2983.1,11.902,17.260,+3.014,
96.705,3300,2989.7,11.929,17.260,+3.014,
96.731,3300,2992.3,11.939,17.260,+3.014,
96.774,3300,2953.5,11.784,18.060,+3.814,
96.805,3300,3006.9,11.997,18.060,+3.814,
96.832,3300,3020.0,12.049,18.060,+3.814,
96.884,3300,3038.7,12.124,17.260,+3.014,
96.911,3300,3043.2,12.142,17.260,+3.014,
96.937,3300,3049.8,12.168,17.260,+3.014,
96.990,3300,3007.9,12.001,17.216,+2.970,
97.014,3300,3006.6,11.996,17.216,+2.970,
97.041,3300,3061.7,12.216,17.216,+2.970,
97.088,3300,3014.9,12.029,17.515,+3.269,
97.115,3300,3063.9,12.225,17.515,+3.269,
97.141,3300,3071.5,12.255,17.515,+3.269,
97.189,3300,3072.9,12.260,17.700,+3.454,
97.220,3300,3075.7,12.272,17.700,+3.454,
97.247,3300,3086.3,12.314,17.700,+3.454,
97.294,3300,3043.0,12.141,17.851,+3.605,
97.321,3300,3095.2,12.349,17.851,+3.605,
97.347,3300,3105.0,12.388,17.851,+3.605,
97.390,3300,3055.2,12.190,17.885,+3.639,
97.421,3300,3111.6,12.415,17.885,+3.639,
97.448,3300,3067.0,12.237,17.885,+3.639,
97.495,3300,3124.3,12.465,17.881,+3.635,
97.522,3300,3129.0,12.484,17.881,+3.635,
97.548,3300,3133.4,12.502,17.881,+3.635,
97.596,3300,3139.3,12.525,18.246,+4.000,
97.628,3300,3141.9,12.536,18.246,+4.000,
97.654,3300,3153.1,12.580,18.246,+4.000,
97.702,3300,3162.9,12.619,17.446,+3.200,
97.728,3300,3159.1,12.604,17.446,+3.200,
97.755,3300,3167.2,12.637,17.446,+3.200,
97.807,3300,3165.9,12.631,18.246,+4.000,
97.832,3300,3116.1,12.433,18.246,+4.000,
97.842,3300,3167.1,12.636,18.246,+4.000,label:in
97.864,3300,3121.1,12.453,18.246,+4.000,
97.905,3300,3180.9,12.691,18.246,+4.000,
97.931,3300,3131.1,12.493,18.246,+4.000,
97.958,3300,3184.4,12.705,18.246,+4.000,
98.000,3300,3194.4,12.745,17.446,+3.200,
98.032,3300,3193.7,12.742,17.446,+3.200,
98.059,3300,3192.4,12.737,17.446,+3.200,
98.106,3300,3191.9,12.735,18.246,+4.000,
98.133,3300,3141.3,12.533,18.246,+4.000,
98.159,3300,3188.3,12.721,18.246,+4.000,
98.202,3300,3200.0,12.767,17.446,+3.200,
98.233,3300,3202.6,12.778,17.446,+3.200,
98.260,3300,3195.6,12.750,17.446,+3.200,
98.307,3300,3142.7,12.539,18.246,+4.000,
98.334,3300,3202.3,12.776,18.246,+4.000,
98.360,3300,3197.1,12.756,18.246,+4.000,
98.408,3300,3201.4,12.773,17.446,+3.200,
98.440,3300,3151.5,12.574,17.446,+3.200,
98.466,3300,3208.3,12.801,17.446,+3.200,
98.514,3300,3208.2,12.800,17.537,+3.291,
98.540,3300,3197.1,12.756,17.537,+3.291,
98.567,3300,3204.2,12.784,17.537,+3.291,
98.614,3300,3150.3,12.569,18.246,+4.000,
98.646,3300,3202.0,12.775,18.246,+4.000,
98.672,3300,3197.2,12.756,18.246,+4.000,
98.715,3300,3207.8,12.799,17.446,+3.200,
98.741,3300,3203.8,12.783,17.446,+3.200,
98.768,3300,3154.4,12.585,17.446,+3.200,
98.794,3300,3209.2,12.804,17.445,+3.200,
98.828,3300,3206.4,12.793,17.445,+3.200,
98.852,3300,3199.3,12.765,17.445,+3.200,
98.879,3300,3202.7,12.778,17.445,+3.200,
98.926,3300,3194.1,12.744,18.245,+4.000,
98.953,3300,3140.3,12.529,18.245,+4.000,
98.979,3300,3199.5,12.765,18.245,+4.000,
99.032,3300,3198.6,12.762,17.445,+3.200,
99.056,3300,3198.8,12.763,17.445,+3.200,
99.083,3300,3148.4,12.562,17.445,+3.200,
99.125,3300,3149.9,12.568,17.699,+3.453,
99.151,3300,3194.1,12.744,17.699,+3.453,
99.178,3300,3201.8,12.774,17.699,+3.453,
99.204,3300,3195.1,12.748,17.927,+3.681,
99.243,3300,3199.9,12.767,17.927,+3.681,
99.267,3300,3194.4,12.745,17.927,+3.681,
99.294,3300,3201.4,12.773,17.927,+3.681,
99.334,3300,3195.5,12.750,18.054,+3.808,
99.361,3300,3204.1,12.784,18.054,+3.808,
99.387,3300,3150.8,12.571,18.054,+3.808,
99.440,3300,3211.6,12.814,18.088,+3.842,
99.472,3300,3208.7,12.802,18.088,+3.842,
99.498,3300,3155.6,12.590,18.088,+3.842,
99.533,3300,3158.0,12.600,18.173,+3.927,
99.560,3300,3215.5,12.829,18.173,+3.927,
99.587,3300,3218.3,12.840,18.173,+3.927,
99.613,3300,3163.5,12.622,18.246,+4.000,
99.646,3300,3167.5,12.638,18.246,+4.000,
99.678,3300,3223.6,12.861,18.246,+4.000,
99.704,3300,3178.4,12.681,18.246,+4.000,
99.745,3300,3226.6,12.874,17.446,+3.200,
99.771,3300,3233.9,12.903,17.446,+3.200,
99.798,3300,3226.5,12.873,17.446,+3.200,
99.845,3300,3169.5,12.646,18.246,+4.000,
99.872,3300,3226.2,12.872,18.246,+4.000,
99.896,3300,3222.4,12.857,18.246,+4.000,
99.923,3300,3174.1,12.664,18.246,+4.000,
99.956,3300,3226.5,12.873,18.246,+4.000,
99.982,3300,3233.3,12.900,18.246,+4.000,
100.009,3300,3177.4,12.677,18.246,+4.000,
100.056,3300,3232.8,12.898,17.446,+3.200,
100.088,3300,3235.2,12.908,17.446,+3.200,
100.114,3300,3187.0,12.716,17.446,+3.200,
100.157,3300,3173.5,12.662,17.617,+3.371,
100.183,3300,3230.3,12.888,17.617,+3.371,
100.210,3300,3224.3,12.864,17.617,+3.371,
100.236,3300,3168.8,12.643,18.246,+4.000,
100.269,3300,3221.6,12.854,18.246,+4.000,
100.299,3300,3221.8,12.855,18.246,+4.000,
100.325,3300,3171.6,12.654,18.246,+4.000,
100.366,3300,3224.0,12.863,17.446,+3.200,
100.392,3300,3227.1,12.875,17.446,+3.200,
100.419,3300,3219.6,12.846,17.446,+3.200,
100.466,3300,3167.1,12.636,18.246,+4.000,
100.493,3300,3224.3,12.864,18.246,+4.000,
100.517,3300,3216.3,12.832,18.246,+4.000,
100.544,3300,3173.1,12.660,18.246,+4.000,
100.577,3300,3225.4,12.869,18.246,+4.000,
100.603,3300,3228.1,12.880,18.246,+4.000,
100.630,3300,3174.3,12.665,18.246,+4.000,
100.677,3300,3231.0,12.891,17.446,+3.200,
100.709,3300,3233.6,12.901,17.446,+3.200,
100.736,3300,3178.4,12.681,17.446,+3.200,
100.783,3300,3225.2,12.868,17.494,+3.248,
100.809,3300,3222.6,12.858,17.494,+3.248,
100.836,3300,3221.8,12.854,17.494,+3.248,
100.878,3300,3209.6,12.806,18.246,+4.000,
100.910,3300,3209.8,12.806,18.246,+4.000,
100.936,3300,3217.4,12.837,18.246,+4.000,
100.984,3300,3222.1,12.856,17.452,+3.206,
101.010,3300,3164.3,12.625,17.452,+3.206,
101.037,3300,3218.0,12.839,17.452,+3.206,
101.084,3300,3219.3,12.845,17.684,+3.438,
101.116,3300,3215.9,12.831,17.684,+3.438,
101.142,3300,3178.1,12.680,17.684,+3.438,
101.190,3300,2788.8,11.127,18.246,+4.000,
101.216,3300,2642.5,10.543,18.246,+4.000,shot:3211:68
101.239,3300,2566.3,10.239,18.246,+4.000,
101.265,3300,2630.5,10.495,18.246,+4.000,
101.293,3300,2661.9,10.621,18.246,+4.000,
101.318,3300,2684.4,10.710,18.246,+4.000,
101.344,3300,2709.0,10.809,18.246,+4.000,
101.371,3300,2734.6,10.910,17.446,+3.200,
101.404,3300,2762.1,11.020,17.446,+3.200,
101.431,3300,2782.7,11.103,17.446,+3.200,
101.457,3300,2801.6,11.178,17.446,+3.200,
101.499,3300,2825.8,11.275,16.862,+2.616,
101.524,3300,2834.4,11.309,16.862,+2.616,
101.550,3300,2845.5,11.353,16.862,+2.616,
101.577,3300,2855.1,11.391,16.901,+2.655,
101.615,3300,2819.9,11.251,16.901,+2.655,
101.642,3300,2872.6,11.461,16.901,+2.655,
101.668,3300,2880.4,11.492,16.901,+2.655,
101.708,3300,2889.8,11.530,17.701,+3.455,
101.733,3300,2850.8,11.374,17.701,+3.455,
101.759,3300,2909.1,11.607,17.701,+3.455,
101.786,3300,2917.1,11.639,16.901,+2.655,
101.819,3300,2932.5,11.700,16.901,+2.655,
101.846,3300,2943.9,11.746,16.901,+2.655,
101.872,3300,2948.5,11.764,16.901,+2.655,
101.919,3300,2960.7,11.813,16.880,+2.634,
101.944,3300,2961.0,11.814,16.880,+2.634,
101.970,3300,2966.6,11.836,16.880,+2.634,
101.997,3300,2967.7,11.840,17.249,+3.003,
102.020,3300,2972.2,11.859,17.249,+3.003,
102.046,3300,2977.2,11.878,17.249,+3.003,
102.073,3300,2931.1,11.695,17.249,+3.003,
102.099,3300,2988.0,11.921,17.467,+3.222,
102.127,3300,2990.5,11.932,17.467,+3.222,
102.152,3300,2997.5,11.959,17.467,+3.222,
102.178,3300,2951.4,11.775,17.467,+3.222,
102.205,3300,3009.2,12.006,17.623,+3.377,
102.233,3300,3012.7,12.020,17.623,+3.377,
102.259,3300,3019.8,12.048,17.623,+3.377,
102.286,3300,2975.2,11.871,17.623,+3.377,
102.334,3300,2986.2,11.914,17.731,+3.485,
102.358,3300,2994.3,11.947,17.731,+3.485,
102.385,3300,3047.2,12.158,17.731,+3.485,
102.411,3300,3057.1,12.197,17.690,+3.444,
102.444,3300,3014.2,12.026,17.690,+3.444,
102.471,3300,3064.8,12.228,17.690,+3.444,
102.497,3300,3075.5,12.271,17.690,+3.444,
102.545,3300,3078.6,12.283,17.752,+3.506,
102.569,3300,3085.3,12.310,17.752,+3.506,
102.596,3300,3086.4,12.314,17.752,+3.506,
102.622,3300,3091.4,12.334,17.869,+3.623,
102.656,3300,3096.7,12.355,17.869,+3.623,
102.682,3300,3051.4,12.174,17.869,+3.623,
102.709,3300,3054.8,12.188,17.869,+3.623,
102.756,3300,3116.1,12.433,18.246,+4.000,
102.781,3300,3115.3,12.429,18.246,+4.000,
102.807,3300,3126.1,12.473,18.246,+4.000,
102.834,3300,3128.9,12.484,17.446,+3.200,
102.867,3300,3133.5,12.502,17.446,+3.200,
102.893,3300,3139.2,12.525,17.446,+3.200,
102.920,3300,3146.1,12.552,17.446,+3.200,
102.962,3300,3092.3,12.338,17.382,+3.136,
102.987,3300,3143.1,12.540,17.382,+3.136,
103.013,3300,3140.1,12.529,17.382,+3.136,
103.040,3300,3146.0,12.552,17.717,+3.471,
103.073,3300,3147.6,12.558,17.717,+3.471,
103.100,3300,3140.1,12.528,17.717,+3.471,
103.126,3300,3149.5,12.566,17.717,+3.471,
103.174,3300,3099.8,12.368,17.994,+3.748,
103.198,3300,3149.8,12.567,17.994,+3.748,
103.225,3300,3158.1,12.600,17.994,+3.748,
103.252,3300,3154.6,12.586,18.141,+3.895,
103.290,3300,3163.1,12.620,18.141,+3.895,
103.316,3300,3163.2,12.620,18.141,+3.895,
103.343,3300,3171.9,12.655,18.141,+3.895,
103.383,3300,3173.4,12.661,18.246,+4.000,
103.406,3300,3175.9,12.671,18.246,+4.000,label:long
103.429,3300,3133.6,12.503,18.246,+4.000,
103.455,3300,3188.0,12.720,17.446,+3.200,
103.489,3300,3190.5,12.730,17.446,+3.200,
103.515,3300,3191.1,12.732,17.446,+3.200,
103.542,3300,3196.4,12.753,17.446,+3.200,
103.584,3300,3186.5,12.714,17.473,+3.228,
103.608,3300,3194.2,12.744,17.473,+3.228,
103.635,3300,3134.8,12.507,17.473,+3.228,
103.662,3300,3188.3,12.721,17.870,+3.624,
103.695,3300,3186.2,12.713,17.870,+3.624,
103.721,3300,3185.4,12.709,17.870,+3.624,
103.748,3300,3186.2,12.712,17.870,+3.624,
103.795,3300,3187.9,12.719,18.233,+3.987,
103.820,3300,3138.1,12.521,18.233,+3.987,
103.847,3300,3189.8,12.727,18.233,+3.987,
103.873,3300,3198.4,12.761,18.108,+3.863,
103.906,3300,3202.0,12.775,18.108,+3.863,
103.933,3300,3198.9,12.763,18.108,+3.863,
103.959,3300,3156.8,12.595,18.108,+3.863,
104.012,3300,3209.8,12.807,18.153,+3.907,
104.036,3300,3212.5,12.817,18.153,+3.907,
104.063,3300,3159.6,12.606,18.153,+3.907,
104.110,3300,3216.1,12.831,18.149,+3.903,
104.137,3300,3222.0,12.855,18.149,+3.903,
104.163,3300,3219.0,12.843,18.149,+3.903,
104.211,3300,3171.3,12.653,18.246,+4.000,
104.235,3300,3231.5,12.893,18.246,+4.000,
104.262,3300,3226.2,12.872,18.246,+4.000,
104.288,3300,3233.1,12.900,17.446,+3.200,
104.322,3300,3234.2,12.904,17.446,+3.200,
104.348,3300,3230.6,12.890,17.446,+3.200,
104.375,3300,3174.7,12.666,17.446,+3.200,
104.422,3300,3224.5,12.865,17.765,+3.519,
104.447,3300,3224.1,12.864,17.765,+3.519,
104.473,3300,3166.3,12.633,17.765,+3.519,
104.500,3300,3224.3,12.864,17.925,+3.679,
104.533,3300,3222.7,12.858,17.925,+3.679,
104.560,3300,3215.8,12.831,17.925,+3.679,
104.586,3300,3166.5,12.634,17.925,+3.679,
104.633,3300,3218.7,12.842,18.246,+4.000,
104.658,3300,3218.3,12.840,18.246,+4.000,
104.685,3300,3169.4,12.645,18.246,+4.000,
104.711,3300,3226.2,12.872,18.173,+3.927,
104.744,3300,3230.9,12.891,18.173,+3.927,
104.771,3300,3178.2,12.680,18.173,+3.927,
104.795,3300,3233.9,12.903,18.173,+3.927,
104.848,3300,3233.9,12.903,18.195,+3.949,
104.873,3300,3235.2,12.908,18.195,+3.949,
104.899,3300,3235.8,12.910,18.195,+3.949,
104.947,3300,3188.6,12.722,18.246,+4.000,
104.973,3300,3245.9,12.951,18.246,+4.000,
105.000,3300,3240.2,12.928,18.246,+4.000,
105.047,3300,3242.5,12.937,17.446,+3.200,
105.072,3300,3249.7,12.966,17.446,+3.200,
105.098,3300,3243.2,12.940,17.446,+3.200,
105.125,3300,3245.2,12.948,17.578,+3.332,
105.153,3300,3243.3,12.940,17.578,+3.332,
105.179,3300,3180.7,12.690,17.578,+3.332,
105.206,3300,3233.5,12.901,17.578,+3.332,
105.248,3300,3230.3,12.888,18.006,+3.760,
105.273,3300,3230.5,12.889,18.006,+3.760,
105.299,3300,3231.9,12.895,18.006,+3.760,
105.326,3300,3223.7,12.862,18.246,+4.000,
105.359,3300,3224.4,12.865,18.246,+4.000,
105.386,3300,3179.8,12.687,18.246,+4.000,
105.412,3300,3231.3,12.892,18.246,+4.000,
105.460,3300,3233.4,12.901,18.168,+3.923,
105.484,3300,3236.8,12.914,18.168,+3.923,
105.511,3300,3238.1,12.919,18.168,+3.923,
105.537,3300,3184.0,12.704,18.246,+4.000,
105.570,3300,3239.1,12.924,18.246,+4.000,
105.597,3300,3246.4,12.952,18.246,+4.000,
105.623,3300,3192.6,12.738,18.246,+4.000,
105.666,3300,3194.1,12.744,17.446,+3.200,
105.690,3300,3245.6,12.949,17.446,+3.200,
105.717,3300,3187.3,12.717,17.446,+3.200,
105.744,3300,3246.4,12.952,17.602,+3.357,
105.777,3300,3245.4,12.949,17.602,+3.357,
105.803,3300,3181.0,12.692,17.602,+3.357,
105.830,3300,3230.0,12.887,17.602,+3.357,
105.872,3300,3230.6,12.889,18.175,+3.929,
105.897,3300,3224.3,12.864,18.175,+3.929,
105.923,3300,3229.9,12.887,18.175,+3.929,
105.950,3300,3225.6,12.870,18.246,+4.000,
105.983,3300,3229.3,12.884,18.246,+4.000,
106.009,3300,3178.3,12.681,18.246,+4.000,
106.036,3300,3236.3,12.912,18.246,+4.000,
106.078,3300,3231.6,12.894,18.164,+3.919,
106.103,3300,3188.3,12.721,18.164,+3.919,
106.129,3300,3236.0,12.911,18.164,+3.919,
106.156,3300,3239.1,12.923,18.226,+3.981,
106.189,3300,3241.3,12.932,18.226,+3.981,
106.216,3300,3245.4,12.949,18.226,+3.981,
106.242,3300,3239.9,12.927,18.226,+3.981,
106.290,3300,3190.2,12.728,18.246,+4.000,
106.314,3300,3249.6,12.965,18.246,+4.000,
106.341,3300,3193.5,12.741,18.246,+4.000,
106.367,3300,3248.3,12.960,17.446,+3.200,
106.395,3300,3252.5,12.977,17.446,+3.200,
106.422,3300,3244.3,12.944,17.446,+3.200,
106.448,3300,3247.9,12.959,17.446,+3.200,
106.496,3300,3246.1,12.951,17.672,+3.426,
106.520,3300,3183.3,12.701,17.672,+3.426,
106.547,3300,3238.5,12.921,17.672,+3.426,
106.573,3300,3233.9,12.903,17.981,+3.736,
106.611,3300,3181.7,12.694,17.981,+3.736,
106.638,3300,3231.1,12.892,17.981,+3.736,
106.664,3300,3229.1,12.883,17.981,+3.736,
106.699,3300,3225.8,12.870,18.113,+3.867,
106.729,3300,3229.1,12.884,18.113,+3.867,
106.756,3300,3233.6,12.901,18.113,+3.867,
106.780,3300,3175.3,12.669,18.246,+4.000,
106.808,3300,3182.7,12.698,18.246,+4.000,
106.835,3300,3231.5,12.893,18.246,+4.000,
106.861,3300,3230.9,12.891,18.246,+4.000,
106.909,3300,3182.9,12.699,18.246,+4.000,
106.933,3300,3237.9,12.919,18.246,+4.000,
106.960,3300,3183.9,12.703,18.246,+4.000,
106.986,3300,3243.6,12.941,17.446,+3.200,
107.019,3300,3246.0,12.951,17.446,+3.200,
107.046,3300,3237.6,12.917,17.446,+3.200,
107.072,3300,3236.9,12.915,17.446,+3.200,
107.115,3300,3236.8,12.914,17.801,+3.555,
107.139,3300,3232.4,12.897,17.801,+3.555,
107.166,3300,3184.8,12.707,17.801,+3.555,
107.192,3300,3223.4,12.861,18.138,+3.892,
107.220,3300,3226.6,12.874,18.138,+3.892,
107.247,3300,3231.8,12.894,18.138,+3.892,
107.273,3300,3172.3,12.657,18.138,+3.892,
107.326,3300,3230.7,12.890,18.163,+3.917,
107.351,3300,3179.2,12.685,18.163,+3.917,
107.377,3300,3235.6,12.909,18.163,+3.917,
107.419,3300,3233.3,12.900,18.118,+3.872,
107.446,3300,3188.0,12.719,18.118,+3.872,
107.472,3300,3239.1,12.924,18.118,+3.872,
107.499,3300,3238.4,12.921,18.226,+3.980,
107.532,3300,3240.9,12.930,18.226,+3.980,
107.557,3300,3246.3,12.952,18.226,+3.980,
107.583,3300,3240.5,12.929,18.226,+3.980,
107.631,3300,3191.7,12.734,18.246,+4.000,
107.657,3300,3251.2,12.972,18.246,+4.000,
107.684,3300,3195.6,12.750,18.246,+4.000,
107.731,3300,3247.0,12.955,17.446,+3.200,
107.763,3300,3246.3,12.952,17.446,+3.200,
107.789,3300,3249.4,12.965,17.446,+3.200,
107.832,3300,3240.7,12.930,17.753,+3.507,
107.858,3300,3238.6,12.921,17.753,+3.507,
107.885,3300,3183.1,12.700,17.753,+3.507,
107.911,3300,3156.4,12.594,18.246,+4.000,
107.944,3300,2965.0,11.830,18.246,+4.000,
107.969,3300,2840.9,11.335,18.246,+4.000,shot:3219:37
107.991,3300,2728.0,10.884,18.246,+4.000,
108.018,3300,2778.5,11.086,18.246,+4.000,
108.051,3300,2806.5,11.197,18.246,+4.000,
108.078,3300,2825.7,11.274,18.246,+4.000,
108.104,3300,2845.6,11.354,18.246,+4.000,
108.151,3300,2875.1,11.471,17.547,+3.301,
108.176,3300,2889.6,11.529,17.547,+3.301,
108.202,3300,2855.9,11.395,17.547,+3.301,
108.229,3300,2914.4,11.628,17.184,+2.938,
108.262,3300,2877.6,11.481,17.184,+2.938,
108.289,3300,2937.8,11.721,17.184,+2.938,
108.315,3300,2940.5,11.732,17.184,+2.938,
108.363,3300,2953.8,11.785,17.305,+3.059,
108.387,3300,2909.0,11.606,17.305,+3.059,
108.414,3300,2967.4,11.840,17.305,+3.059,
108.440,3300,2968.1,11.842,17.487,+3.241,
108.474,3300,2927.7,11.681,17.487,+3.241,
108.500,3300,2983.9,11.905,17.487,+3.241,
108.526,3300,2988.9,11.925,17.487,+3.241,
108.569,3300,2998.5,11.964,17.631,+3.385,
108.593,3300,3006.0,11.993,17.631,+3.385,
108.620,3300,2961.3,11.815,17.631,+3.385,
108.646,3300,3019.6,12.048,17.634,+3.388,
108.679,3300,2979.5,11.888,17.634,+3.388,
108.706,3300,3028.7,12.084,17.634,+3.388,
108.732,3300,3039.5,12.127,17.634,+3.388,
108.780,3300,3048.7,12.164,18.246,+4.000,
108.804,3300,3053.0,12.181,18.246,+4.000,
108.831,3300,3011.7,12.016,18.246,+4.000,
108.857,3300,3067.3,12.238,17.446,+3.200,
108.891,3300,3076.9,12.276,17.446,+3.200,
108.917,3300,3084.2,12.305,17.446,+3.200,
108.944,3300,3037.0,12.117,17.446,+3.200,
108.996,3300,3092.3,12.338,18.246,+4.000,
109.021,3300,3099.4,12.366,18.246,+4.000,
109.047,3300,3101.0,12.372,18.246,+4.000,
109.100,3300,3112.3,12.418,17.446,+3.200,
109.126,3300,3121.8,12.455,17.446,+3.200,
109.153,3300,3122.1,12.457,17.446,+3.200,
109.200,3300,3124.3,12.466,17.387,+3.142,
109.225,3300,3077.4,12.278,17.387,+3.142,
109.252,3300,3072.6,12.259,17.387,+3.142,
109.278,3300,3080.1,12.289,18.187,+3.942,
109.311,3300,3133.0,12.500,18.187,+3.942,
109.338,3300,3128.2,12.481,18.187,+3.942,
109.365,3300,3140.0,12.528,18.187,+3.942,
109.389,3300,3088.3,12.322,18.246,+4.000,
109.422,3300,3143.3,12.541,18.246,+4.000,
109.447,3300,3105.0,12.388,18.246,+4.000,
109.473,3300,3156.6,12.594,18.246,+4.000,
109.521,3300,3110.1,12.409,17.446,+3.200,
109.547,3300,3173.0,12.660,17.446,+3.200,
109.574,3300,3170.5,12.650,17.446,+3.200,
109.621,3300,3168.5,12.642,17.369,+3.123,
109.646,3300,3177.7,12.678,17.369,+3.123,
109.672,3300,3171.1,12.652,17.369,+3.123,
109.699,3300,3179.1,12.684,17.552,+3.306,
109.727,3300,3174.3,12.665,17.552,+3.306,
109.754,3300,3172.6,12.658,17.552,+3.306,
109.780,3300,3128.0,12.480,17.552,+3.306,
109.823,3300,3171.2,12.653,18.246,+4.000,
109.847,3300,3132.5,12.498,18.246,+4.000,
109.874,3300,3180.6,12.690,18.246,+4.000,
109.900,3300,3186.7,12.715,17.446,+3.200,
109.928,3300,3193.5,12.742,17.446,+3.200,
109.948,3300,3197.7,12.758,17.446,+3.200,label:short
109.970,3300,3140.4,12.529,17.446,+3.200,
109.997,3300,3199.6,12.766,17.446,+3.200,
110.037,3300,3191.8,12.735,17.486,+3.240,
110.062,3300,3199.8,12.767,17.486,+3.240,
110.088,3300,3189.9,12.727,17.486,+3.240,
110.114,3300,3146.7,12.555,18.246,+4.000,
110.148,3300,3144.4,12.546,18.246,+4.000,
110.174,3300,3197.3,12.757,18.246,+4.000,
110.201,3300,3196.5,12.753,18.246,+4.000,
110.248,3300,3204.8,12.787,17.454,+3.208,
110.273,3300,3154.5,12.586,17.454,+3.208,
110.299,3300,3208.1,12.800,17.454,+3.208,
110.326,3300,3212.0,12.815,17.322,+3.076,
110.364,3300,3208.7,12.802,17.322,+3.076,
110.391,3300,3155.3,12.589,17.322,+3.076,
110.417,3300,3199.8,12.767,17.322,+3.076,
110.457,3300,3205.8,12.791,17.668,+3.422,
110.482,3300,3198.3,12.761,17.668,+3.422,
110.508,3300,3152.7,12.579,17.668,+3.422,
110.535,3300,3142.7,12.539,18.246,+4.000,
110.573,3300,3204.3,12.785,18.246,+4.000,
110.600,3300,3197.0,12.756,18.246,+4.000,
110.626,3300,3208.7,12.802,18.246,+4.000,
110.666,3300,3206.6,12.794,18.246,+4.000,
110.691,3300,3215.2,12.828,18.246,+4.000,
110.717,3300,3213.7,12.822,18.246,+4.000,
110.744,3300,3222.0,12.855,17.446,+3.200,
110.777,3300,3170.1,12.648,17.446,+3.200,
110.804,3300,3227.4,12.877,17.446,+3.200,
110.830,3300,3219.3,12.844,17.446,+3.200,
110.878,3300,3219.7,12.846,18.246,+4.000,
110.902,3300,3228.2,12.880,18.246,+4.000,
110.929,3300,3219.1,12.844,18.246,+4.000,
110.956,3300,3175.8,12.671,18.246,+4.000,
110.984,3300,3180.4,12.689,18.246,+4.000,
111.010,3300,3229.4,12.885,18.246,+4.000,
111.037,3300,3238.6,12.921,18.246,+4.000,
111.084,3300,3243.8,12.942,18.246,+4.000,
111.109,3300,3238.4,12.921,18.246,+4.000,
111.135,3300,3194.8,12.747,18.246,+4.000,
111.162,3300,3248.5,12.961,17.446,+3.200,
111.190,3300,3243.8,12.942,17.446,+3.200,
111.216,3300,3198.8,12.763,17.446,+3.200,
111.243,3300,3246.1,12.951,17.446,+3.200,
111.295,3300,3245.7,12.950,17.541,+3.295,
111.320,3300,3234.4,12.905,17.541,+3.295,
111.346,3300,3242.9,12.939,17.541,+3.295,
111.389,3300,3231.3,12.892,18.246,+4.000,
111.415,3300,3232.5,12.897,18.246,+4.000,
111.442,3300,3239.3,12.924,18.246,+4.000,
111.468,3300,3232.7,12.898,17.446,+3.200,
111.507,3300,3243.5,12.941,17.446,+3.200,
111.531,3300,3238.7,12.922,17.446,+3.200,
111.558,3300,3190.5,12.730,17.446,+3.200,
111.593,3300,3239.1,12.923,17.496,+3.250,
111.619,3300,3234.2,12.904,17.496,+3.250,
111.646,3300,3232.9,12.899,17.496,+3.250,
111.672,3300,3233.2,12.900,17.698,+3.452,
111.711,3300,3225.2,12.868,17.698,+3.452,
111.735,3300,3173.4,12.661,17.698,+3.452,
111.762,3300,3219.7,12.846,17.698,+3.452,
111.802,3300,3226.4,12.873,18.027,+3.781,
111.829,3300,3219.1,12.844,18.027,+3.781,
111.855,3300,3173.6,12.662,18.027,+3.781,
111.903,3300,3229.9,12.887,18.217,+3.971,
111.927,3300,3223.7,12.862,18.217,+3.971,
111.954,3300,3229.9,12.887,18.217,+3.971,
111.980,3300,3232.6,12.897,18.151,+3.905,
112.014,3300,3235.0,12.907,18.151,+3.905,
112.040,3300,3180.9,12.691,18.151,+3.905,
112.066,3300,3243.3,12.940,18.151,+3.905,
112.109,3300,3240.7,12.930,18.077,+3.831,
112.133,3300,3193.3,12.741,18.077,+3.831,
112.160,3300,3246.7,12.954,18.077,+3.831,
112.186,3300,3247.1,12.956,18.081,+3.835,
112.214,3300,3198.7,12.762,18.081,+3.835,
112.241,3300,3251.3,12.972,18.081,+3.835,
112.267,3300,3250.1,12.967,18.081,+3.835,
112.320,3300,3250.5,12.969,18.246,+4.000,
112.344,3300,3204.1,12.784,18.246,+4.000,
112.371,3300,3255.4,12.989,18.246,+4.000,
112.413,3300,3255.7,12.990,17.446,+3.200,
112.440,3300,3209.4,12.805,17.446,+3.200,
112.466,3300,3253.0,12.979,17.446,+3.200,
112.493,3300,3255.2,12.988,17.634,+3.389,
112.526,3300,3197.8,12.758,17.634,+3.389,
112.550,3300,3245.6,12.950,17.634,+3.389,
112.577,3300,3243.9,12.943,17.634,+3.389,
112.619,3300,3195.4,12.749,18.114,+3.868,
112.646,3300,3235.9,12.911,18.114,+3.868,
112.672,3300,3243.0,12.939,18.114,+3.868,
112.699,3300,3192.4,12.737,18.246,+4.000,
112.727,3300,3185.3,12.709,18.246,+4.000,
112.751,3300,3247.4,12.957,18.246,+4.000,
112.778,3300,3194.0,12.744,18.246,+4.000,
112.804,3300,3245.9,12.951,17.446,+3.200,
112.842,3300,3247.4,12.957,17.446,+3.200,
112.869,3300,3247.9,12.958,17.446,+3.200,
112.896,3300,3251.5,12.973,17.446,+3.200,
112.941,3300,3246.6,12.953,18.246,+4.000,
112.966,3300,3247.4,12.957,18.246,+4.000,
112.992,3300,3193.9,12.743,18.246,+4.000,
113.040,3300,3245.4,12.949,17.446,+3.200,
113.066,3300,3244.0,12.943,17.446,+3.200,
113.093,3300,3243.1,12.939,17.446,+3.200,
113.140,3300,3054.2,12.186,18.246,+4.000,
113.164,3300,2899.6,11.569,18.246,+4.000,shot:3232:33
113.187,3300,2788.0,11.124,18.246,+4.000,
113.213,3300,2678.7,10.688,18.246,+4.000,
113.242,3300,2748.4,10.966,18.246,+4.000,
113.268,3300,2723.8,10.868,18.246,+4.000,
113.295,3300,2747.4,10.962,18.246,+4.000,
113.342,3300,2828.2,11.284,17.446,+3.200,
113.367,3300,2798.5,11.165,17.446,+3.200,
113.393,3300,2864.0,11.427,17.446,+3.200,
113.420,3300,2874.2,11.468,16.970,+2.724,
113.453,3300,2842.8,11.342,16.970,+2.724,
113.479,3300,2902.7,11.581,16.970,+2.724,
113.506,3300,2910.3,11.611,16.970,+2.724,
113.557,3300,2926.6,11.677,17.770,+3.524,
113.581,3300,2931.3,11.695,17.770,+3.524,
113.608,3300,2944.7,11.749,17.770,+3.524,
113.650,3300,2958.2,11.803,16.970,+2.724,
113.677,3300,2968.1,11.842,16.970,+2.724,
113.708,3300,2973.0,11.862,16.970,+2.724,
113.751,3300,2985.8,11.913,17.048,+2.802,
113.775,3300,2937.6,11.721,17.048,+2.802,
113.802,3300,2992.2,11.938,17.048,+2.802,
113.828,3300,2944.4,11.748,17.848,+3.602,
113.856,3300,3002.2,11.978,17.848,+3.602,
113.883,3300,3003.0,11.981,17.848,+3.602,
113.909,3300,3013.6,12.024,17.848,+3.602,
113.957,3300,3023.6,12.064,17.048,+2.802,
113.981,3300,3032.8,12.100,17.048,+2.802,
114.008,3300,2986.0,11.914,17.048,+2.802,
114.034,3300,3042.0,12.137,17.108,+2.862,
114.067,3300,2996.3,11.955,17.108,+2.862,
114.094,3300,3041.4,12.135,17.108,+2.862,
114.121,3300,3050.9,12.172,17.108,+2.862,
114.163,3300,3048.1,12.161,17.473,+3.227,
114.187,3300,3058.4,12.202,17.473,+3.227,
114.214,3300,3059.5,12.207,17.473,+3.227,
114.238,3300,3014.7,12.028,17.473,+3.227,
114.284,3300,3067.2,12.237,18.246,+4.000,
114.310,3300,3078.2,12.282,18.246,+4.000,
114.337,3300,3083.0,12.300,18.246,+4.000,
114.384,3300,3097.3,12.358,17.446,+3.200,
114.409,3300,3107.5,12.398,17.446,+3.200,
114.436,3300,3109.0,12.404,17.446,+3.200,
114.462,3300,3117.6,12.439,17.277,+3.032,
114.495,3300,3121.8,12.455,17.277,+3.032,
114.522,3300,3116.8,12.435,17.277,+3.032,
114.548,3300,3124.4,12.466,17.277,+3.032,
114.596,3300,3123.8,12.464,17.556,+3.310,
114.620,3300,3073.4,12.262,17.556,+3.310,
114.647,3300,3077.5,12.279,17.556,+3.310,
114.673,3300,3073.8,12.264,18.246,+4.000,
114.706,3300,3129.0,12.484,18.246,+4.000,
114.731,3300,3084.8,12.308,18.246,+4.000,label:short
114.756,3300,3137.6,12.518,18.246,+4.000,
114.798,3300,3099.1,12.365,17.446,+3.200,
114.823,3300,3101.2,12.373,17.446,+3.200,
114.849,3300,3158.2,12.601,17.446,+3.200,
114.876,3300,3152.1,12.576,17.511,+3.265,
114.904,3300,3110.0,12.409,17.511,+3.265,
114.931,3300,3108.1,12.401,17.511,+3.265,
114.957,3300,3157.0,12.596,17.511,+3.265,
115.005,3300,3113.7,12.423,17.721,+3.475,
115.029,3300,3161.6,12.614,17.721,+3.475,
115.056,3300,3164.5,12.626,17.721,+3.475,
115.082,3300,3166.2,12.632,17.785,+3.539,
115.115,3300,3168.6,12.642,17.785,+3.539,
115.142,3300,3168.6,12.642,17.785,+3.539,
115.168,3300,3179.2,12.685,17.785,+3.539,
115.216,3300,3178.8,12.683,18.246,+4.000,
115.240,3300,3128.2,12.481,18.246,+4.000,
115.267,3300,3188.1,12.720,18.246,+4.000,
115.294,3300,3185.2,12.708,17.446,+3.200,
115.327,3300,3189.7,12.726,17.446,+3.200,
115.353,3300,3200.1,12.768,17.446,+3.200,
115.380,3300,3145.6,12.551,17.446,+3.200,
115.427,3300,3142.8,12.539,17.331,+3.085,
115.452,3300,3200.7,12.770,17.331,+3.085,
115.478,3300,3192.1,12.736,17.331,+3.085,
115.505,3300,3194.2,12.744,17.676,+3.430,
115.538,3300,3192.6,12.738,17.676,+3.430,
115.565,3300,3141.2,12.533,17.676,+3.430,
115.591,3300,3187.0,12.716,17.676,+3.430,
115.639,3300,3190.0,12.728,18.024,+3.778,
115.663,3300,3193.5,12.742,18.024,+3.778,
115.690,3300,3191.4,12.733,18.024,+3.778,
115.716,3300,3148.0,12.560,18.246,+4.000,
115.745,3300,3145.9,12.552,18.246,+4.000,
115.771,3300,3200.3,12.769,18.246,+4.000,
115.798,3300,3208.2,12.800,18.246,+4.000,
115.840,3300,3207.4,12.797,17.446,+3.200,
115.864,3300,3163.4,12.621,17.446,+3.200,
115.891,3300,3209.8,12.807,17.446,+3.200,
115.917,3300,3215.9,12.831,17.522,+3.276,
115.956,3300,3206.1,12.792,17.522,+3.276,
115.982,3300,3160.3,12.609,17.522,+3.276,
116.009,3300,3207.5,12.797,17.522,+3.276,
116.044,3300,3211.8,12.814,17.987,+3.742,
116.069,3300,3204.9,12.787,17.987,+3.742,
116.095,3300,3212.6,12.818,17.987,+3.742,
116.122,3300,3155.0,12.588,18.246,+4.000,
116.160,3300,3217.0,12.835,18.246,+4.000,
116.186,3300,3211.5,12.813,18.246,+4.000,
116.213,3300,3168.6,12.642,18.246,+4.000,
116.248,3300,3168.9,12.643,17.446,+3.200,
116.273,3300,3222.4,12.857,17.446,+3.200,
116.299,3300,3221.3,12.852,17.446,+3.200,
116.326,3300,3176.1,12.672,18.246,+4.000,
116.364,3300,3219.3,12.844,18.246,+4.000,
116.391,3300,3225.1,12.868,18.246,+4.000,
116.417,3300,3217.7,12.838,18.246,+4.000,
116.457,3300,3178.2,12.681,17.472,+3.226,
116.482,3300,3223.2,12.860,17.472,+3.226,
116.508,3300,3229.1,12.884,17.472,+3.226,
116.535,3300,3224.7,12.866,17.579,+3.333,
116.573,3300,3228.1,12.879,17.579,+3.333,
116.599,3300,3218.9,12.843,17.579,+3.333,
116.626,3300,3167.5,12.638,17.579,+3.333,
116.666,3300,3164.1,12.624,17.768,+3.522,
116.691,3300,3218.4,12.841,17.768,+3.522,
116.717,3300,3216.1,12.832,17.768,+3.522,
116.744,3300,3160.3,12.609,18.246,+4.000,
116.782,3300,3217.3,12.836,18.246,+4.000,
116.808,3300,3215.1,12.828,18.246,+4.000,
116.835,3300,3172.8,12.659,18.246,+4.000,
116.875,3300,3168.9,12.643,18.246,+4.000,
116.900,3300,3231.2,12.892,18.246,+4.000,
116.926,3300,3227.3,12.876,18.246,+4.000,
116.953,3300,3232.6,12.897,17.446,+3.200,
116.981,3300,3237.9,12.918,17.446,+3.200,
117.007,3300,3229.9,12.887,17.446,+3.200,
117.034,3300,3183.9,12.703,17.446,+3.200,
117.081,3300,3237.5,12.917,17.633,+3.387,
117.106,3300,3223.8,12.862,17.633,+3.387,
117.132,3300,3179.4,12.685,17.633,+3.387,
117.159,3300,3227.6,12.878,17.829,+3.583,
117.192,3300,3225.1,12.867,17.829,+3.583,
117.219,3300,3223.9,12.863,17.829,+3.583,
117.245,3300,3178.5,12.682,17.829,+3.583,
117.292,3300,3229.0,12.883,17.980,+3.734,
117.317,3300,3224.8,12.866,17.980,+3.734,
117.344,3300,3180.0,12.688,17.980,+3.734,
117.370,3300,3226.3,12.873,18.147,+3.901,
117.403,3300,3228.9,12.883,18.147,+3.901,
117.430,3300,3179.0,12.684,18.147,+3.901,
117.456,3300,3238.1,12.919,18.147,+3.901,
117.504,3300,3239.4,12.925,18.013,+3.767,
117.528,3300,3187.1,12.716,18.013,+3.767,
117.555,3300,3245.5,12.949,18.013,+3.767,
117.581,3300,3239.0,12.923,18.139,+3.893,
117.614,3300,3187.3,12.717,18.139,+3.893,
117.641,3300,3245.1,12.947,18.139,+3.893,
117.667,3300,3246.7,12.954,18.139,+3.893,
117.720,3300,3252.0,12.975,18.246,+4.000,
117.744,3300,3246.5,12.953,18.246,+4.000,
117.771,3300,3252.9,12.978,18.246,+4.000,
117.818,3300,3258.3,13.000,17.446,+3.200,
117.845,3300,3199.6,12.766,17.446,+3.200,
117.871,3300,3251.4,12.973,17.446,+3.200,
117.918,3300,3253.1,12.979,17.646,+3.400,
117.943,3300,3248.1,12.959,17.646,+3.400,
117.969,3300,3243.1,12.940,17.646,+3.400,
117.996,3300,3194.9,12.747,18.246,+4.000,
118.024,3300,3242.1,12.935,18.246,+4.000,
118.051,3300,3239.5,12.925,18.246,+4.000,
118.077,3300,3193.1,12.740,18.246,+4.000,
118.130,3300,3244.8,12.946,17.446,+3.200,
118.154,3300,3189.4,12.725,17.446,+3.200,
118.181,3300,3240.9,12.931,17.446,+3.200,
118.223,3300,3245.5,12.949,17.736,+3.490,
118.250,3300,3234.1,12.903,17.736,+3.490,
118.276,3300,3240.8,12.930,17.736,+3.490,
118.303,3300,3237.5,12.917,17.838,+3.592,
118.341,3300,3187.0,12.715,17.838,+3.592,
118.366,3300,3233.6,12.902,17.838,+3.592,
118.392,3300,3235.3,12.908,17.838,+3.592,
118.432,3300,3182.2,12.696,18.246,+4.000,
118.459,3300,3234.7,12.906,18.246,+4.000,
118.485,3300,3241.1,12.931,18.246,+4.000,
118.533,3300,3190.5,12.730,18.246,+4.000,
118.559,3300,3238.9,12.923,18.246,+4.000,
118.584,3300,3197.5,12.758,18.246,+4.000,
118.610,3300,3245.9,12.951,17.446,+3.200,
118.643,3300,3247.1,12.955,17.446,+3.200,
118.670,3300,3196.1,12.752,17.446,+3.200,
118.696,3300,3251.7,12.974,17.446,+3.200,
118.749,3300,3195.9,12.751,17.457,+3.211,
118.774,3300,3236.6,12.913,17.457,+3.211,
118.800,3300,3240.5,12.929,17.457,+3.211,
118.848,3300,3185.6,12.710,18.246,+4.000,
118.874,3300,3234.0,12.903,18.246,+4.000,
118.901,3300,3234.1,12.904,18.246,+4.000,
118.943,3300,3242.3,12.936,18.246,+4.000,
118.975,3300,3243.9,12.942,18.246,+4.000,
119.001,3300,3239.9,12.927,18.246,+4.000,
119.049,3300,3244.0,12.943,17.446,+3.200,
119.075,3300,3251.0,12.971,17.446,+3.200,
119.102,3300,3192.5,12.738,17.446,+3.200,
119.154,3300,3246.9,12.955,17.493,+3.247,
119.179,3300,3187.2,12.716,17.493,+3.247,
119.205,3300,3245.7,12.950,17.493,+3.247,
119.258,3300,3238.8,12.922,17.798,+3.552,
119.284,3300,3182.4,12.697,17.798,+3.552,
119.311,3300,3226.6,12.874,17.798,+3.552,
119.358,3300,3231.5,12.893,18.177,+3.931,
119.383,3300,3238.1,12.920,18.177,+3.931,
119.409,3300,3230.6,12.889,18.177,+3.931,
119.436,3300,3187.4,12.717,18.246,+4.000,
119.469,3300,3239.8,12.926,18.246,+4.000,
119.495,3300,3243.2,12.940,18.246,+4.000,
119.522,3300,3190.2,12.728,18.246,+4.000,
119.569,3300,3247.5,12.957,17.446,+3.200,
119.594,3300,3248.4,12.961,17.446,+3.200,
119.620,3300,3244.7,12.946,17.446,+3.200,
119.647,3300,3252.4,12.976,17.400,+3.154,
119.680,3300,3250.2,12.968,17.400,+3.154,
119.706,3300,3186.2,12.712,17.400,+3.154,
119.733,3300,3237.0,12.915,17.400,+3.154,
119.775,3300,3238.0,12.919,17.984,+3.738,
119.799,3300,3177.1,12.676,17.984,+3.738,
119.826,3300,3235.2,12.908,17.984,+3.738,
119.852,3300,3228.6,12.882,18.158,+3.912,
119.886,3300,3229.7,12.886,18.158,+3.912,
119.912,3300,3180.5,12.690,18.158,+3.912,
119.939,3300,3239.1,12.924,18.158,+3.912,
119.986,3300,3241.0,12.931,18.030,+3.784,
120.010,3300,3239.0,12.923,18.030,+3.784,
120.037,3300,3247.9,12.959,18.030,+3.784,
120.064,3300,3187.6,12.718,18.246,+4.000,
120.102,3300,3249.6,12.965,18.246,+4.000,
120.128,3300,3242.6,12.937,18.246,+4.000,
120.155,3300,3249.5,12.965,18.246,+4.000,
120.200,3300,3256.4,12.993,17.446,+3.200,
120.225,3300,3248.0,12.959,17.446,+3.200,
120.251,3300,3255.5,12.989,17.446,+3.200,
120.299,3300,3201.8,12.775,18.246,+4.000,
120.325,3300,3242.4,12.937,18.246,+4.000,
120.352,3300,3248.0,12.959,18.246,+4.000,
120.399,3300,3249.2,12.964,17.446,+3.200,
120.424,3300,3244.6,12.945,17.446,+3.200,
120.450,3300,3246.7,12.954,17.446,+3.200,
120.477,3300,3249.1,12.963,17.411,+3.165,
120.510,3300,3246.2,12.952,17.411,+3.165,
120.536,3300,3182.3,12.697,17.411,+3.165,
120.563,3300,3239.3,12.924,17.411,+3.165,
120.605,3300,3229.5,12.885,17.876,+3.630,
120.630,3300,3178.3,12.681,17.876,+3.630,
120.656,3300,3233.3,12.900,17.876,+3.630,
120.683,3300,3223.7,12.862,18.206,+3.960,
120.711,3300,3229.2,12.884,18.206,+3.960,
120.737,3300,3231.6,12.893,18.206,+3.960,
120.764,3300,3228.4,12.881,18.206,+3.960,
120.811,3300,3236.3,12.912,18.202,+3.956,
120.835,3300,3188.4,12.721,18.202,+3.956,
120.862,3300,3235.9,12.911,18.202,+3.956,
120.889,3300,3244.7,12.946,18.035,+3.789,
120.927,3300,3187.7,12.718,18.035,+3.789,
120.953,3300,3249.0,12.963,18.035,+3.789,
120.980,3300,3244.1,12.944,18.035,+3.789,
121.015,3300,3197.1,12.756,18.246,+4.000,
121.039,3300,3247.0,12.955,18.246,+4.000,
121.066,3300,3201.4,12.773,18.246,+4.000,
121.093,3300,3249.6,12.965,17.446,+3.200,
121.126,3300,3251.0,12.971,17.446,+3.200,
121.152,3300,3200.4,12.769,17.446,+3.200,
121.179,3300,3255.5,12.989,17.446,+3.200,
121.221,3300,3244.3,12.944,17.422,+3.176,
121.246,3300,3250.7,12.970,17.422,+3.176,
121.272,3300,3239.9,12.927,17.422,+3.176,
121.299,3300,3187.2,12.716,18.222,+3.976,
121.337,3300,3233.6,12.902,18.222,+3.976,
121.364,3300,3238.3,12.920,18.222,+3.976,
121.390,3300,3185.6,12.710,18.222,+3.976,
121.431,3300,3235.0,12.907,17.422,+3.176,
121.455,3300,3238.3,12.920,17.422,+3.176,
121.482,3300,3232.2,12.896,17.422,+3.176,
121.508,3300,3241.1,12.931,17.406,+3.160,
121.541,3300,3238.0,12.919,17.406,+3.160,
121.568,3300,3175.3,12.669,17.406,+3.160,
121.594,3300,3226.8,12.874,17.406,+3.160,
121.642,3300,3226.1,12.872,17.972,+3.726,
121.666,3300,3217.8,12.838,17.972,+3.726,
121.693,3300,3221.8,12.854,17.972,+3.726,
121.719,3300,3225.8,12.870,18.018,+3.772,
121.757,3300,3224.1,12.863,18.018,+3.772,
121.784,3300,3175.5,12.670,18.018,+3.772,
121.810,3300,3221.7,12.854,18.018,+3.772,
121.845,3300,3225.0,12.867,18.133,+3.887,
121.870,3300,3232.7,12.898,18.133,+3.887,
121.896,3300,3232.2,12.896,18.133,+3.887,
121.923,3300,3229.8,12.886,18.224,+3.978,
121.956,3300,3231.6,12.893,18.224,+3.978,
121.983,3300,3186.2,12.712,18.224,+3.978,
122.009,3300,3236.2,12.912,18.224,+3.978,
122.056,3300,3237.2,12.916,18.184,+3.938,
122.081,3300,3246.3,12.952,18.184,+3.938,
122.108,3300,3240.9,12.930,18.184,+3.938,
122.134,3300,3193.8,12.743,18.246,+4.000,
122.167,3300,3245.6,12.949,18.246,+4.000,
122.194,3300,3254.4,12.984,18.246,+4.000,
122.220,3300,3194.5,12.745,18.246,+4.000,
122.268,3300,3251.6,12.973,17.446,+3.200,
122.292,3300,3207.0,12.795,17.446,+3.200,
122.319,3300,3250.9,12.971,17.446,+3.200,
122.345,3300,3200.5,12.769,18.246,+4.000,
122.378,3300,3247.6,12.957,18.246,+4.000,
122.405,3300,3253.7,12.982,18.246,+4.000,
122.432,3300,3194.5,12.746,18.246,+4.000,
122.484,3300,3251.7,12.974,17.446,+3.200,
122.509,3300,3200.3,12.769,17.446,+3.200,
122.535,3300,3255.1,12.987,17.446,+3.200,
122.582,3300,3245.4,12.949,17.464,+3.219,
122.609,3300,3239.6,12.926,17.464,+3.219,
122.635,3300,3248.1,12.959,17.464,+3.219,
122.683,3300,3238.5,12.921,17.822,+3.576,
122.707,3300,3228.6,12.881,17.822,+3.576,
122.734,3300,3238.3,12.920,17.822,+3.576,
122.760,3300,3178.2,12.680,18.246,+4.000,
122.793,3300,3181.4,12.693,18.246,+4.000,
122.820,3300,3232.7,12.898,18.246,+4.000,
122.846,3300,3239.4,12.925,18.246,+4.000,
122.884,3300,3238.9,12.923,18.246,+4.000,
122.908,3300,3241.8,12.934,18.246,+4.000,
122.935,3300,3241.4,12.932,18.246,+4.000,
122.961,3300,3195.0,12.747,18.246,+4.000,
123.001,3300,3242.8,12.938,17.446,+3.200,
123.028,3300,3252.2,12.976,17.446,+3.200,
123.054,3300,3189.8,12.727,17.446,+3.200,
123.102,3300,3235.1,12.908,17.537,+3.292,
123.127,3300,3191.2,12.732,17.537,+3.292,
123.151,3300,3231.0,12.891,17.537,+3.292,
123.177,3300,3235.5,12.909,17.903,+3.657,
123.211,3300,3235.0,12.907,17.903,+3.657,
123.237,3300,3232.2,12.896,17.903,+3.657,
123.264,3300,3222.4,12.857,17.903,+3.657,
123.311,3300,3224.8,12.867,18.246,+4.000,
123.336,3300,3231.9,12.895,18.246,+4.000,
123.362,3300,3226.1,12.872,18.246,+4.000,
123.389,3300,3183.1,12.700,18.246,+4.000,
123.422,3300,3184.0,12.704,18.246,+4.000,
123.448,3300,3237.7,12.918,18.246,+4.000,
123.475,3300,3238.9,12.922,18.246,+4.000,
123.522,3300,3242.7,12.938,18.246,+4.000,
123.547,3300,3246.3,12.952,18.246,+4.000,
123.573,3300,3191.9,12.735,18.246,+4.000,
123.600,3300,3253.9,12.982,17.446,+3.200,
123.633,3300,3257.1,12.995,17.446,+3.200,
123.659,3300,3196.1,12.752,17.446,+3.200,
123.686,3300,3249.7,12.966,17.446,+3.200,
123.733,3300,3249.6,12.966,17.752,+3.506,
123.758,3300,3241.8,12.934,17.752,+3.506,
123.784,3300,3240.2,12.928,17.752,+3.506,
123.811,3300,3192.7,12.738,18.246,+4.000,
123.839,3300,3184.8,12.707,18.246,+4.000,
123.865,3300,3237.3,12.916,18.246,+4.000,
123.892,3300,3245.1,12.947,18.246,+4.000,
123.934,3300,3239.9,12.927,18.246,+4.000,
123.959,3300,3248.7,12.962,18.246,+4.000,
123.985,3300,3245.5,12.949,18.246,+4.000,
124.012,3300,3248.4,12.961,17.446,+3.200,
124.050,3300,3250.6,12.969,17.446,+3.200,
124.076,3300,3199.5,12.765,17.446,+3.200,
124.103,3300,3253.6,12.981,17.446,+3.200,
124.143,3300,3248.4,12.961,17.599,+3.353,
124.168,3300,3246.0,12.951,17.599,+3.353,
124.194,3300,3238.3,12.920,17.599,+3.353,
124.221,3300,3191.1,12.732,18.246,+4.000,
124.254,3300,3188.6,12.722,18.246,+4.000,
124.280,3300,3237.6,12.917,18.246,+4.000,
124.307,3300,3237.0,12.915,18.246,+4.000,
124.360,3300,3236.9,12.915,17.458,+3.212,
124.384,3300,3191.5,12.734,17.458,+3.212,
124.411,3300,3238.9,12.923,17.458,+3.212,
124.458,3300,3230.9,12.891,17.458,+3.212,
124.484,3300,3235.6,12.910,17.458,+3.212,
124.516,3300,3230.8,12.890,17.458,+3.212,
124.569,3300,3223.4,12.861,17.963,+3.717,
124.593,3300,3227.2,12.876,17.963,+3.717,
124.620,3300,3218.2,12.840,17.963,+3.717,
124.667,3300,3221.5,12.853,18.236,+3.990,
124.694,3300,3178.1,12.680,18.236,+3.990,
124.720,3300,3224.8,12.866,18.236,+3.990,
124.762,3300,3230.9,12.891,18.162,+3.916,
124.787,3300,3181.8,12.695,18.162,+3.916,
124.813,3300,3234.3,12.904,18.162,+3.916,
124.840,3300,3240.8,12.930,18.064,+3.818,
124.873,3300,3243.6,12.941,18.064,+3.818,
124.899,3300,3239.2,12.924,18.064,+3.818,
124.926,3300,3244.1,12.943,18.064,+3.818,
124.978,3300,3188.1,12.720,18.189,+3.943,
125.003,3300,3247.9,12.959,18.189,+3.943,
125.029,3300,3188.8,12.723,18.189,+3.943,
125.077,3300,3242.4,12.936,18.175,+3.929,
125.103,3300,3253.2,12.980,18.175,+3.929,
125.130,3300,3196.8,12.754,18.175,+3.929,
125.178,3300,3250.2,12.968,18.086,+3.841,
125.202,3300,3254.8,12.986,18.086,+3.841,
125.229,3300,3255.5,12.989,18.086,+3.841,
125.255,3300,3199.6,12.766,18.246,+4.000,
125.288,3300,3252.4,12.976,18.246,+4.000,
125.315,3300,3263.4,13.021,18.246,+4.000,
125.341,3300,3258.5,13.001,18.246,+4.000,
125.389,3300,3256.3,12.992,17.446,+3.200,
125.413,3300,3217.1,12.836,17.446,+3.200,
125.440,3300,3031.8,12.096,17.446,+3.200,
125.467,3300,2875.3,11.472,18.246,+4.000,
125.500,3300,2726.9,10.880,18.246,+4.000,shot:3221:52
125.522,3300,2686.0,10.717,18.246,+4.000,
125.549,3300,2753.7,10.987,18.246,+4.000,
125.596,3300,2793.4,11.145,18.246,+4.000,
125.621,3300,2813.5,11.225,18.246,+4.000,
125.647,3300,2832.5,11.301,18.246,+4.000,
125.674,3300,2852.8,11.382,17.446,+3.200,
125.702,3300,2871.9,11.458,17.446,+3.200,
125.728,3300,2890.0,11.531,17.446,+3.200,
125.755,3300,2901.2,11.575,17.446,+3.200,
125.797,3300,2872.6,11.461,17.050,+2.804,
125.821,3300,2932.5,11.700,17.050,+2.804,
125.848,3300,2889.8,11.530,17.050,+2.804,
125.874,3300,2948.7,11.765,17.008,+2.762,
125.907,3300,2955.4,11.792,17.008,+2.762,
125.934,3300,2957.3,11.799,17.008,+2.762,
125.960,3300,2916.4,11.636,17.008,+2.762,
126.008,3300,2971.9,11.857,17.281,+3.035,
126.032,3300,2979.4,11.887,17.281,+3.035,
126.059,3300,2983.7,11.905,17.281,+3.035,
126.085,3300,2991.6,11.936,17.430,+3.184,
126.119,3300,2995.8,11.953,17.430,+3.184,
126.145,3300,2955.7,11.793,17.430,+3.184,
126.172,3300,3009.2,12.006,17.430,+3.184,
126.224,3300,3021.6,12.056,17.523,+3.277,
126.249,3300,3029.9,12.089,17.523,+3.277,
126.275,3300,3032.7,12.100,17.523,+3.277,
126.323,3300,3042.4,12.139,18.246,+4.000,
126.349,3300,3002.6,11.980,18.246,+4.000,
126.376,3300,3057.7,12.200,18.246,+4.000,
126.428,3300,3075.4,12.270,17.446,+3.200,
126.453,3300,3087.0,12.316,17.446,+3.200,
126.479,3300,3087.9,12.320,17.446,+3.200,
126.532,3300,3094.5,12.346,18.246,+4.000,
126.558,3300,3104.5,12.386,18.246,+4.000,
126.585,3300,3106.1,12.393,18.246,+4.000,
126.632,3300,3066.3,12.234,17.446,+3.200,
126.657,3300,3128.9,12.484,17.446,+3.200,
126.683,3300,3127.0,12.476,17.446,+3.200,
126.710,3300,3137.0,12.516,17.315,+3.069,
126.738,3300,3133.5,12.502,17.315,+3.069,
126.764,3300,3135.2,12.509,17.315,+3.069,
126.791,3300,3136.9,12.516,17.315,+3.069,
126.843,3300,3141.2,12.533,18.115,+3.869,
126.868,3300,3137.2,12.517,18.115,+3.869,
126.894,3300,3146.1,12.552,18.115,+3.869,
126.937,3300,3148.5,12.562,18.246,+4.000,
126.963,3300,3157.8,12.599,18.246,+4.000,
126.990,3300,3159.0,12.604,18.246,+4.000,
127.016,3300,3166.7,12.635,17.446,+3.200,
127.050,3300,3171.6,12.654,17.446,+3.200,
127.074,3300,3122.3,12.457,17.446,+3.200,
127.101,3300,3174.6,12.666,17.446,+3.200,
127.153,3300,3172.3,12.657,17.563,+3.317,
127.180,3300,3180.3,12.689,17.563,+3.317,
127.206,3300,3175.3,12.669,17.563,+3.317,
127.259,3300,3178.1,12.680,17.709,+3.463,
127.283,3300,3127.5,12.478,17.709,+3.463,
127.310,3300,3183.8,12.703,17.709,+3.463,
127.358,3300,3183.1,12.700,17.818,+3.572,
127.384,3300,3181.3,12.693,17.818,+3.572,
127.411,3300,3189.1,12.724,17.818,+3.572,
127.453,3300,3185.1,12.708,17.909,+3.663,
127.478,3300,3192.6,12.738,17.909,+3.663,
127.504,3300,3137.9,12.520,17.909,+3.663,
127.531,3300,3194.7,12.746,18.043,+3.797,
127.569,3300,3194.5,12.745,18.043,+3.797,
127.595,3300,3202.9,12.779,18.043,+3.797,
127.622,3300,3149.3,12.565,18.043,+3.797,
127.657,3300,3155.6,12.590,18.157,+3.911,
127.675,3300,3211.2,12.812,18.157,+3.911,label:short
127.702,3300,3154.9,12.587,18.157,+3.911,
127.729,3300,3213.3,12.820,18.157,+3.911,
127.769,3300,3215.4,12.829,17.947,+3.701,
127.796,3300,3218.7,12.842,17.947,+3.701,
127.822,3300,3169.5,12.646,17.947,+3.701,
127.870,3300,3224.0,12.863,17.982,+3.736,
127.894,3300,3223.4,12.861,17.982,+3.736,
127.921,3300,3174.7,12.667,17.982,+3.736,
127.947,3300,3222.7,12.858,18.156,+3.910,
127.980,3300,3224.9,12.867,18.156,+3.910,
128.007,3300,3180.3,12.689,18.156,+3.910,
128.034,3300,3233.0,12.899,18.156,+3.910,
128.086,3300,3240.1,12.927,17.975,+3.729,
128.111,3300,3234.4,12.905,17.975,+3.729,
128.137,3300,3242.9,12.939,17.975,+3.729,
128.190,3300,3241.1,12.931,18.246,+4.000,
128.216,3300,3247.7,12.958,18.246,+4.000,
128.243,3300,3190.6,12.730,18.246,+4.000,
128.296,3300,3251.1,12.971,17.446,+3.200,
128.320,3300,3248.6,12.962,17.446,+3.200,
128.347,3300,3252.4,12.976,17.446,+3.200,
128.394,3300,3195.6,12.750,18.246,+4.000,
128.421,3300,3241.6,12.933,18.246,+4.000,
128.447,3300,3250.9,12.971,18.246,+4.000,
128.495,3300,3249.3,12.964,18.246,+4.000,
128.519,3300,3244.9,12.947,18.246,+4.000,
128.546,3300,3199.8,12.767,18.246,+4.000,
128.572,3300,3253.9,12.983,17.446,+3.200,
128.610,3300,3202.4,12.777,17.446,+3.200,
128.637,3300,3251.5,12.973,17.446,+3.200,
128.663,3300,3249.2,12.964,17.446,+3.200,
128.699,3300,3243.9,12.942,18.246,+4.000,
128.723,3300,3253.8,12.982,18.246,+4.000,
128.750,3300,3243.7,12.942,18.246,+4.000,
128.776,3300,3246.1,12.951,17.453,+3.208,
128.809,3300,3247.2,12.956,17.453,+3.208,
128.836,3300,3198.8,12.763,17.453,+3.208,
128.862,3300,3243.1,12.939,17.453,+3.208,
128.905,3300,3245.3,12.948,17.619,+3.373,
128.929,3300,3186.1,12.712,17.619,+3.373,
128.956,3300,3236.8,12.914,17.619,+3.373,
128.982,3300,3238.7,12.922,17.837,+3.591,
129.021,3300,3181.4,12.693,17.837,+3.591,
129.047,3300,3238.8,12.922,17.837,+3.591,
129.074,3300,3228.2,12.880,17.837,+3.591,
129.109,3300,3230.1,12.888,18.052,+3.806,
129.133,3300,3234.6,12.905,18.052,+3.806,
129.160,3300,3237.2,12.916,18.052,+3.806,
129.186,3300,3233.4,12.901,18.207,+3.961,
129.215,3300,3187.1,12.716,18.207,+3.961,
129.241,3300,3240.6,12.929,18.207,+3.961,
129.268,3300,3239.7,12.926,18.207,+3.961,
129.315,3300,3242.5,12.937,18.246,+4.000,
129.340,3300,3246.4,12.953,18.246,+4.000,
129.366,3300,3192.4,12.737,18.246,+4.000,
129.393,3300,3253.2,12.980,17.446,+3.200,
129.426,3300,3256.0,12.991,17.446,+3.200,
129.453,3300,3250.9,12.970,17.446,+3.200,
129.479,3300,3249.2,12.964,17.446,+3.200,
129.527,3300,3197.7,12.758,18.246,+4.000,
129.551,3300,3247.5,12.957,18.246,+4.000,
129.578,3300,3192.8,12.739,18.246,+4.000,
129.604,3300,3252.4,12.977,17.446,+3.200,
129.632,3300,3248.2,12.960,17.446,+3.200,
129.659,3300,3245.9,12.951,17.446,+3.200,
129.685,3300,3249.4,12.964,17.446,+3.200,
129.733,3300,3245.9,12.951,17.637,+3.391,
129.757,3300,3183.4,12.701,17.637,+3.391,
129.784,3300,3243.2,12.940,17.637,+3.391,
129.810,3300,3230.8,12.890,18.120,+3.874,
129.838,3300,3231.2,12.892,18.120,+3.874,
129.865,3300,3188.0,12.720,18.120,+3.874,
129.891,3300,3230.6,12.890,18.120,+3.874,
129.934,3300,3237.5,12.917,18.127,+3.881,
129.958,3300,3185.1,12.708,18.127,+3.881,
129.985,3300,3238.8,12.922,18.127,+3.881,
130.011,3300,3245.5,12.949,18.062,+3.816,
130.050,3300,3189.6,12.726,18.062,+3.816,
130.076,3300,3247.9,12.959,18.062,+3.816,
130.103,3300,3242.1,12.936,18.062,+3.816,
130.143,3300,3200.1,12.768,18.246,+4.000,
130.167,3300,3245.6,12.949,18.246,+4.000,
130.194,3300,3200.1,12.768,18.246,+4.000,
130.220,3300,3254.2,12.984,17.446,+3.200,
130.243,3300,3256.0,12.991,17.446,+3.200,
130.270,3300,3254.3,12.984,17.446,+3.200,
130.296,3300,3249.3,12.964,17.446,+3.200,
130.323,3300,3256.8,12.994,17.480,+3.234,
130.356,3300,3200.0,12.768,17.480,+3.234,
130.381,3300,3242.8,12.938,17.480,+3.234,
130.407,3300,3245.4,12.949,17.480,+3.234,
130.449,3300,3188.3,12.721,18.246,+4.000,
130.476,3300,3234.3,12.904,18.246,+4.000,
130.502,3300,3245.3,12.948,18.246,+4.000,
130.529,3300,3189.3,12.725,18.246,+4.000,
130.557,3300,3188.6,12.722,18.246,+4.000,
130.581,3300,3250.1,12.967,18.246,+4.000,
130.608,3300,3192.8,12.739,18.246,+4.000,
130.634,3300,3251.2,12.972,17.446,+3.200,
130.663,3300,3255.3,12.988,17.446,+3.200,
130.689,3300,3246.8,12.954,17.446,+3.200,
130.716,3300,3251.9,12.975,17.446,+3.200,
130.763,3300,3250.3,12.968,17.633,+3.387,
130.787,3300,3186.9,12.715,17.633,+3.387,
130.814,3300,3242.8,12.938,17.633,+3.387,
130.840,3300,3239.7,12.926,17.903,+3.657,
130.874,3300,3187.9,12.719,17.903,+3.657,
130.900,3300,3232.0,12.895,17.903,+3.657,
130.927,3300,3242.0,12.935,17.903,+3.657,
130.969,3300,3233.8,12.902,18.246,+4.000,
130.993,3300,3238.9,12.923,18.246,+4.000,
131.020,3300,3240.8,12.930,18.246,+4.000,
131.046,3300,3185.7,12.710,18.246,+4.000,
131.080,3300,3240.1,12.927,18.246,+4.000,
131.106,3300,3248.9,12.962,18.246,+4.000,
131.133,3300,3193.4,12.741,18.246,+4.000,
131.175,3300,3246.6,12.953,17.446,+3.200,
131.199,3300,3249.5,12.965,17.446,+3.200,
131.226,3300,3191.4,12.733,17.446,+3.200,
