t,target,rpm,mps,throttle,trim,event
0.000,0,0.0,0.000,0.000,+0.000,
0.027,0,0.0,0.000,0.000,+0.000,
0.053,0,0.0,0.000,0.000,+0.000,
0.080,0,0.0,0.000,0.000,+0.000,
0.106,0,0.0,0.000,0.000,+0.000,
0.140,0,0.0,0.000,0.000,+0.000,
0.166,0,0.0,0.000,0.000,+0.000,
0.193,0,0.0,0.000,0.000,+0.000,
0.217,0,0.0,0.000,0.000,+0.000,
0.250,0,0.0,0.000,0.000,+0.000,
0.277,0,0.0,0.000,0.000,+0.000,
0.303,0,0.0,0.000,0.000,+0.000,
0.351,0,0.0,0.000,0.000,+0.000,
0.377,0,0.0,0.000,0.000,+0.000,
0.404,0,0.0,0.000,0.000,+0.000,
0.428,0,0.0,0.000,0.000,+0.000,
0.461,0,0.0,0.000,0.000,+0.000,
0.488,0,0.0,0.000,0.000,+0.000,
0.514,0,0.0,0.000,0.000,+0.000,
0.562,0,0.0,0.000,0.000,+0.000,
0.588,0,0.0,0.000,0.000,+0.000,
0.615,0,0.0,0.000,0.000,+0.000,
0.639,0,0.0,0.000,0.000,+0.000,
0.671,0,0.0,0.000,0.000,+0.000,
0.698,0,0.0,0.000,0.000,+0.000,
0.724,0,0.0,0.000,0.000,+0.000,
0.771,0,0.0,0.000,0.000,+0.000,
0.798,0,0.0,0.000,0.000,+0.000,
0.824,0,0.0,0.000,0.000,+0.000,
0.849,0,0.0,0.000,0.000,+0.000,
0.877,0,0.0,0.000,0.000,+0.000,
0.903,0,0.0,0.000,0.000,+0.000,
0.930,0,0.0,0.000,0.000,+0.000,
0.977,0,0.0,0.000,0.000,+0.000,
1.004,0,0.0,0.000,0.000,+0.000,
1.030,0,0.0,0.000,0.000,+0.000,
1.055,0,0.0,0.000,0.000,+0.000,
1.088,0,0.0,0.000,0.000,+0.000,
1.115,0,0.0,0.000,0.000,+0.000,
1.141,0,0.0,0.000,0.000,+0.000,
1.184,0,0.0,0.000,0.000,+0.000,
1.210,0,0.0,0.000,0.000,+0.000,
1.237,0,0.0,0.000,0.000,+0.000,
1.261,0,0.0,0.000,0.000,+0.000,
1.294,0,0.0,0.000,0.000,+0.000,
1.321,0,0.0,0.000,0.000,+0.000,
1.347,0,0.0,0.000,0.000,+0.000,
1.390,0,0.0,0.000,0.000,+0.000,
1.416,0,0.0,0.000,0.000,+0.000,
1.443,0,0.0,0.000,0.000,+0.000,
1.467,0,0.0,0.000,0.000,+0.000,
1.505,0,0.0,0.000,0.000,+0.000,
1.532,0,0.0,0.000,0.000,+0.000,
1.558,0,0.0,0.000,0.000,+0.000,
1.599,0,0.0,0.000,0.000,+0.000,
1.625,0,0.0,0.000,0.000,+0.000,
1.652,0,0.0,0.000,0.000,+0.000,
1.676,0,0.0,0.000,0.000,+0.000,
1.710,0,0.0,0.000,0.000,+0.000,
1.736,0,0.0,0.000,0.000,+0.000,
1.763,0,0.0,0.000,0.000,+0.000,
1.810,0,0.0,0.000,0.000,+0.000,
1.837,0,0.0,0.000,0.000,+0.000,
1.863,0,0.0,0.000,0.000,+0.000,
1.888,0,0.0,0.000,0.000,+0.000,
1.921,0,0.0,0.000,0.000,+0.000,
1.947,0,0.0,0.000,0.000,+0.000,
1.974,0,0.0,0.000,0.000,+0.000,
2.021,0,0.0,0.000,0.000,+0.000,
2.048,0,0.0,0.000,0.000,+0.000,
2.074,0,0.0,0.000,0.000,+0.000,
2.099,0,0.0,0.000,0.000,+0.000,
2.132,0,0.0,0.000,0.000,+0.000,
2.159,0,0.0,0.000,0.000,+0.000,
2.193,3400,0.0,0.000,0.000,+0.000,
2.234,3400,0.0,0.000,15.340,+0.800,
2.260,3400,254.3,1.015,15.340,+0.800,
2.287,3400,212.3,0.847,15.340,+0.800,
2.311,3400,253.2,1.010,16.140,+1.600,
2.344,3400,321.1,1.281,16.140,+1.600,
2.371,3400,382.9,1.528,16.140,+1.600,
2.397,3400,448.5,1.789,16.140,+1.600,
2.445,3400,561.1,2.239,16.940,+2.400,
2.471,3400,622.9,2.485,16.940,+2.400,
2.503,3400,695.0,2.773,16.940,+2.400,
2.556,3400,1017.6,4.060,17.271,+2.731,
2.582,3400,1234.1,4.924,17.271,+2.731,
2.609,3400,1388.4,5.540,17.271,+2.731,
2.656,3400,1609.1,6.420,16.471,+1.931,
2.683,3400,1686.7,6.730,16.471,+1.931,
2.707,3400,1807.1,7.210,16.471,+1.931,
2.734,3400,1894.6,7.559,15.671,+1.131,
2.767,3400,1991.5,7.946,15.671,+1.131,
2.794,3400,2064.1,8.236,15.671,+1.131,
2.820,3400,2129.9,8.498,15.671,+1.131,
2.873,3400,2202.3,8.787,14.871,+0.331,
2.899,3400,2287.6,9.127,14.871,+0.331,
2.924,3400,2290.1,9.137,14.871,+0.331,
2.976,3400,2365.6,9.438,14.071,-0.469,
3.003,3400,2437.5,9.725,14.071,-0.469,
3.029,3400,2467.9,9.846,14.071,-0.469,
3.077,3400,2512.9,10.026,14.206,-0.334,
3.104,3400,2535.1,10.115,14.206,-0.334,
3.128,3400,2513.6,10.029,14.206,-0.334,
3.155,3400,2535.1,10.114,14.174,-0.366,
3.193,3400,2605.1,10.394,14.174,-0.366,
3.220,3400,2623.5,10.467,14.174,-0.366,
3.246,3400,2599.8,10.373,14.174,-0.366,
3.291,3400,2627.4,10.483,13.374,-1.166,
3.316,3400,2683.1,10.705,13.374,-1.166,
3.342,3400,2696.5,10.758,13.374,-1.166,
3.395,3400,2712.3,10.821,13.699,-0.841,
3.422,3400,2721.6,10.859,13.699,-0.841,
3.448,3400,2729.4,10.890,13.699,-0.841,
3.501,3400,2748.5,10.966,14.391,-0.149,
3.525,3400,2755.3,10.993,14.391,-0.149,
3.552,3400,2766.0,11.036,14.391,-0.149,
3.599,3400,2787.8,11.123,14.866,+0.326,
3.626,3400,2799.4,11.169,14.866,+0.326,
3.652,3400,2815.6,11.234,14.866,+0.326,
3.700,3400,2840.8,11.334,15.666,+1.126,
3.731,3400,2862.3,11.420,15.666,+1.126,
3.758,3400,2881.0,11.495,15.666,+1.126,
3.805,3400,2867.0,11.439,14.866,+0.326,
3.832,3400,2933.0,11.702,14.866,+0.326,
3.858,3400,2944.9,11.750,14.866,+0.326,
3.911,3400,2966.3,11.835,14.611,+0.071,
3.935,3400,2927.0,11.678,14.611,+0.071,
3.962,3400,2983.8,11.905,14.611,+0.071,
4.009,3400,2995.2,11.950,14.791,+0.251,
4.036,3400,2950.7,11.773,14.791,+0.251,
4.062,3400,3008.2,12.002,14.791,+0.251,
4.110,3400,3016.0,12.033,15.005,+0.465,
4.141,3400,3025.2,12.070,15.005,+0.465,
4.168,3400,2986.1,11.914,15.005,+0.465,
4.215,3400,2996.6,11.956,15.205,+0.665,
4.242,3400,3054.4,12.186,15.205,+0.665,
4.268,3400,3060.9,12.213,15.205,+0.665,
4.316,3400,3074.2,12.265,15.303,+0.763,
4.340,3400,3034.3,12.106,15.303,+0.763,
4.365,3400,3089.5,12.326,15.303,+0.763,
4.391,3400,3097.3,12.358,15.338,+0.798,
4.424,3400,3106.4,12.394,15.338,+0.798,
4.451,3400,3112.0,12.416,15.338,+0.798,
4.477,3400,3122.2,12.457,15.338,+0.798,
4.525,3400,3080.5,12.291,15.335,+0.795,
4.557,3400,3084.1,12.305,15.335,+0.795,
4.583,3400,3142.9,12.539,15.335,+0.795,
4.636,3400,3101.7,12.375,15.438,+0.898,
4.662,3400,3160.7,12.611,15.438,+0.898,
4.689,3400,3160.3,12.609,15.438,+0.898,
4.736,3400,3170.0,12.648,15.523,+0.983,
4.761,3400,3177.1,12.676,15.523,+0.983,
4.787,3400,3178.9,12.683,15.523,+0.983,
4.814,3400,3188.2,12.720,15.474,+0.934,
4.852,3400,3140.1,12.528,15.474,+0.934,
4.878,3400,3199.3,12.765,15.474,+0.934,
4.905,3400,3198.1,12.760,15.474,+0.934,
4.940,3400,3205.3,12.788,15.569,+1.029,
4.965,3400,3213.3,12.821,15.569,+1.029,
4.991,3400,3217.4,12.837,15.569,+1.029,
5.018,3400,3219.2,12.844,15.610,+1.070,
5.051,3400,3223.5,12.861,15.610,+1.070,
5.078,3400,3180.1,12.688,15.610,+1.070,
5.104,3400,3232.0,12.895,15.610,+1.070,
5.152,3400,3236.5,12.913,15.598,+1.058,
5.176,3400,3244.9,12.947,15.598,+1.058,
5.203,3400,3243.8,12.942,15.598,+1.058,
5.229,3400,3249.0,12.963,15.643,+1.103,
5.263,3400,3251.4,12.973,15.643,+1.103,
5.289,3400,3206.3,12.792,15.643,+1.103,
5.316,3400,3256.4,12.993,15.643,+1.103,
5.358,3400,3264.4,13.024,15.640,+1.100,
5.382,3400,3266.6,13.033,15.640,+1.100,
5.409,3400,3267.9,13.038,15.640,+1.100,
5.436,3400,3274.5,13.065,15.659,+1.119,
5.469,3400,3278.0,13.079,15.659,+1.119,
5.495,3400,3224.5,12.865,15.659,+1.119,
5.522,3400,3278.0,13.079,15.659,+1.119,
5.569,3400,3282.7,13.098,16.459,+1.919,
5.594,3400,3288.5,13.120,16.459,+1.919,
5.620,3400,3291.1,13.131,16.459,+1.919,
5.647,3400,3248.0,12.959,16.338,+1.798,
5.675,3400,3311.8,13.214,16.338,+1.798,
5.701,3400,3261.5,13.013,16.338,+1.798,
5.728,3400,3323.4,13.260,16.338,+1.798,
5.775,3400,3333.3,13.299,15.538,+0.998,
5.800,3400,3337.1,13.314,15.538,+0.998,
5.826,3400,3334.4,13.304,15.538,+0.998,
5.853,3400,3286.5,13.112,16.338,+1.798,
5.896,3400,3286.2,13.111,16.338,+1.798,
5.923,3400,3334.8,13.305,16.338,+1.798,
5.949,3400,3341.8,13.333,16.338,+1.798,
5.984,3400,3288.8,13.122,15.538,+0.998,
6.009,3400,3297.9,13.158,15.538,+0.998,
6.035,3400,3348.4,13.360,15.538,+0.998,
6.062,3400,3347.6,13.356,15.624,+1.084,
6.096,3400,3343.8,13.341,15.624,+1.084,
6.122,3400,3295.3,13.148,15.624,+1.084,
6.149,3400,3346.0,13.350,15.624,+1.084,
6.196,3400,3343.9,13.341,15.670,+1.130,
6.221,3400,3341.0,13.330,15.670,+1.130,
6.247,3400,3347.2,13.355,15.670,+1.130,
6.274,3400,3287.2,13.115,16.470,+1.930,
6.307,3400,3342.8,13.337,16.470,+1.930,
6.333,3400,3340.8,13.329,16.470,+1.930,
6.360,3400,3297.6,13.157,16.470,+1.930,
6.407,3400,3358.6,13.400,15.670,+1.130,
6.432,3400,3306.1,13.191,15.670,+1.130,
6.458,3400,3360.1,13.406,15.670,+1.130,
6.485,3400,3366.4,13.431,15.446,+0.906,
6.518,3400,3363.3,13.419,15.446,+0.906,
6.544,3400,3361.3,13.411,15.446,+0.906,
6.571,3400,3358.6,13.400,15.446,+0.906,
6.616,3400,3295.2,13.147,15.859,+1.319,
6.641,3400,3299.8,13.166,15.859,+1.319,
6.667,3400,3346.7,13.353,15.859,+1.319,
6.694,3400,3346.6,13.352,16.049,+1.509,
6.727,3400,3291.5,13.132,16.049,+1.509,
6.754,3400,3354.6,13.384,16.049,+1.509,
6.780,3400,3352.2,13.375,16.049,+1.509,
6.822,3400,3350.9,13.370,15.928,+1.388,
6.847,3400,3359.3,13.403,15.928,+1.388,
6.873,3400,3302.2,13.175,15.928,+1.388,
6.900,3400,3355.2,13.387,16.052,+1.512,
6.933,3400,3354.8,13.385,16.052,+1.512,
6.960,3400,3361.4,13.411,16.052,+1.512,
6.986,3400,3308.2,13.199,16.052,+1.512,
7.034,3400,3366.9,13.433,15.935,+1.395,
7.058,3400,3359.7,13.405,15.935,+1.395,
7.085,3400,3312.4,13.216,15.935,+1.395,
7.111,3400,3365.9,13.429,15.976,+1.436,
7.145,3400,3369.0,13.442,15.976,+1.436,
7.171,3400,3363.8,13.421,15.976,+1.436,
7.198,3400,3364.0,13.422,15.976,+1.436,
7.245,3400,3364.4,13.423,16.129,+1.589,
7.270,3400,3370.9,13.449,16.129,+1.589,
7.296,3400,3311.4,13.212,16.129,+1.589,
7.323,3400,3315.7,13.229,16.929,+2.389,
7.356,3400,3371.4,13.451,16.929,+2.389,
7.382,3400,3379.5,13.484,16.929,+2.389,
7.409,3400,3383.9,13.501,16.929,+2.389,
7.456,3400,3395.1,13.546,16.129,+1.589,
7.481,3400,3399.4,13.563,16.129,+1.589,
7.507,3400,3406.7,13.592,16.129,+1.589,
7.534,3400,3405.6,13.588,16.129,+1.589,
7.567,3400,3408.4,13.599,16.129,+1.589,
7.593,3400,3402.7,13.576,16.129,+1.589,
7.620,3400,3404.2,13.582,16.129,+1.589,
7.667,3400,3403.7,13.580,16.129,+1.589,
7.692,3400,3408.5,13.599,16.129,+1.589,
7.718,3400,3402.2,13.574,16.129,+1.589,
7.745,3400,3404.9,13.585,16.129,+1.589,
7.778,3400,3402.0,13.574,16.129,+1.589,
7.804,3400,3407.1,13.594,16.129,+1.589,
7.831,3400,3408.4,13.599,16.129,+1.589,
7.873,3400,3402.1,13.574,16.129,+1.589,
7.898,3400,3407.4,13.595,16.129,+1.589,
7.924,3400,3410.1,13.606,16.129,+1.589,
7.951,3400,3403.1,13.578,16.129,+1.589,
7.984,3400,3404.9,13.585,16.129,+1.589,
8.010,3400,3402.5,13.575,16.129,+1.589,
8.037,3400,3405.8,13.588,16.129,+1.589,
8.089,3400,3346.6,13.352,16.929,+2.389,
8.114,3400,3353.9,13.382,16.929,+2.389,
8.141,3400,3357.2,13.395,16.929,+2.389,
8.183,3400,3419.2,13.642,16.129,+1.589,
8.209,3400,3422.4,13.655,16.129,+1.589,
8.236,3400,3429.4,13.683,16.129,+1.589,
8.262,3400,3425.5,13.667,15.568,+1.028,
8.291,3400,3366.3,13.431,15.568,+1.028,
8.315,3400,3373.4,13.459,15.568,+1.028,
8.342,3400,3364.4,13.424,15.568,+1.028,
8.368,3400,3355.6,13.388,16.368,+1.828,
8.401,3400,3352.2,13.375,16.368,+1.828,
8.428,3400,3409.6,13.604,16.368,+1.828,
8.454,3400,3411.7,13.612,16.368,+1.828,
8.507,3400,3407.1,13.594,15.568,+1.028,
8.531,3400,3416.1,13.630,15.568,+1.028,
8.558,3400,3407.4,13.595,15.568,+1.028,
8.605,3400,3402.4,13.575,15.568,+1.028,
8.632,3400,3398.3,13.559,15.568,+1.028,
8.658,3400,3402.9,13.577,15.568,+1.028,
8.705,3400,3396.8,13.552,15.568,+1.028,
8.730,3400,3388.7,13.520,15.568,+1.028,
8.756,3400,3382.8,13.497,15.568,+1.028,
8.783,3400,3388.7,13.520,15.568,+1.028,
8.816,3400,3381.7,13.492,15.568,+1.028,
8.843,3400,3383.3,13.499,15.568,+1.028,
8.869,3400,3316.6,13.233,15.568,+1.028,
8.916,3400,3312.6,13.217,16.106,+1.566,
8.941,3400,3317.8,13.238,16.106,+1.566,
8.967,3400,3320.4,13.248,16.106,+1.566,
8.994,3400,3369.4,13.443,16.290,+1.750,
9.027,3400,3375.3,13.467,16.290,+1.750,shot:3395:25
9.050,3400,3377.8,13.477,16.290,+1.750,
9.077,3400,3381.7,13.492,16.290,+1.750,
9.124,3400,3332.2,13.295,15.678,+1.138,
9.149,3400,3380.5,13.488,15.678,+1.138,
9.175,3400,3384.8,13.505,15.678,+1.138,
9.202,3400,3383.0,13.498,15.678,+1.138,
9.235,3400,3384.7,13.504,15.678,+1.138,
9.261,3400,3375.0,13.466,15.678,+1.138,
9.288,3400,3317.9,13.238,15.678,+1.138,
9.335,3400,3367.2,13.434,16.380,+1.840,
9.360,3400,3321.3,13.251,16.380,+1.840,
9.386,3400,3316.7,13.233,16.380,+1.840,
9.413,3400,3375.0,13.466,16.292,+1.752,
9.446,3400,3377.4,13.475,16.292,+1.752,
9.472,3400,3385.9,13.509,16.292,+1.752,
9.499,3400,3392.0,13.533,16.292,+1.752,
9.546,3400,3399.1,13.562,17.092,+2.552,
9.571,3400,3398.2,13.558,17.092,+2.552,
9.597,3400,3408.2,13.598,17.092,+2.552,
9.624,3400,3415.8,13.628,16.292,+1.752,
9.652,3400,3422.4,13.655,16.292,+1.752,
9.679,3400,3424.7,13.664,16.292,+1.752,
9.705,3400,3431.8,13.692,16.292,+1.752,
9.752,3400,3379.4,13.483,15.614,+1.074,
9.777,3400,3379.2,13.482,15.614,+1.074,
9.803,3400,3373.4,13.459,15.614,+1.074,
9.830,3400,3430.6,13.687,15.557,+1.017,
9.858,3400,3376.6,13.472,15.557,+1.017,
9.884,3400,3419.4,13.643,15.557,+1.017,
9.911,3400,3416.2,13.630,15.557,+1.017,
9.958,3400,3405.3,13.587,16.169,+1.629,
9.983,3400,3413.4,13.619,16.169,+1.629,
10.009,3400,3411.8,13.613,16.169,+1.629,
10.036,3400,3406.4,13.591,16.169,+1.629,
10.069,3400,3412.6,13.616,16.169,+1.629,
10.096,3400,3409.4,13.603,16.169,+1.629,
10.122,3400,3416.0,13.629,16.169,+1.629,
10.175,3400,3417.6,13.635,16.969,+2.429,
10.200,3400,3424.4,13.663,16.969,+2.429,
10.226,3400,3429.6,13.683,16.969,+2.429,
10.274,3400,3385.9,13.509,16.169,+1.629,
10.300,3400,3383.8,13.501,16.169,+1.629,
10.327,3400,3385.5,13.508,16.169,+1.629,
10.374,3400,3442.7,13.736,16.799,+2.259,
10.399,3400,3397.9,13.557,16.799,+2.259,
10.425,3400,3399.1,13.562,16.799,+2.259,
10.452,3400,3456.4,13.790,15.999,+1.459,
10.485,3400,3462.2,13.814,15.999,+1.459,
10.511,3400,3464.4,13.823,15.999,+1.459,
10.538,3400,3469.1,13.841,15.999,+1.459,
10.590,3400,3462.8,13.816,15.712,+1.172,
10.615,3400,3412.8,13.616,15.712,+1.172,
10.641,3400,3410.4,13.607,15.712,+1.172,
10.689,3400,3462.1,13.813,16.512,+1.972,
10.715,3400,3401.0,13.569,16.512,+1.972,
10.742,3400,3397.0,13.553,16.512,+1.972,
10.784,3400,3459.3,13.802,15.712,+1.172,
10.809,3400,3460.4,13.806,15.712,+1.172,
10.835,3400,3455.8,13.788,15.712,+1.172,
10.862,3400,3460.6,13.807,15.515,+0.975,
10.895,3400,3394.9,13.545,15.515,+0.975,
10.921,3400,3399.0,13.562,15.515,+0.975,
10.948,3400,3393.5,13.539,15.515,+0.975,
10.995,3400,3441.6,13.731,15.687,+1.147,
11.020,3400,3430.0,13.685,15.687,+1.147,
11.046,3400,3432.2,13.694,15.687,+1.147,
11.073,3400,3432.3,13.694,15.922,+1.382,
11.106,3400,3427.7,13.676,15.922,+1.382,
11.133,3400,3371.3,13.451,15.922,+1.382,
11.159,3400,3416.6,13.632,15.922,+1.382,
11.207,3400,3417.8,13.636,16.086,+1.546,
11.231,3400,3421.4,13.651,16.086,+1.546,
11.258,3400,3425.6,13.668,16.086,+1.546,
11.284,3400,3420.6,13.647,16.071,+1.531,
11.317,3400,3425.0,13.665,16.071,+1.531,shot:3442:26
11.340,3400,3422.4,13.655,16.071,+1.531,
11.366,3400,3427.9,13.677,16.071,+1.531,
11.414,3400,3371.7,13.453,15.955,+1.415,
11.438,3400,3367.5,13.436,15.955,+1.415,
11.465,3400,3421.5,13.651,15.955,+1.415,
11.491,3400,3430.0,13.685,15.775,+1.235,
11.519,3400,3372.8,13.457,15.775,+1.235,
11.546,3400,3419.5,13.643,15.775,+1.235,
11.572,3400,3423.4,13.659,15.775,+1.235,
11.615,3400,3368.4,13.439,16.374,+1.834,
11.639,3400,3353.7,13.381,16.374,+1.834,
11.666,3400,3244.2,12.944,16.374,+1.834,
11.692,3400,2979.8,11.889,17.174,+2.634,
11.720,3400,2754.7,10.991,17.174,+2.634,
11.747,3400,2629.1,10.490,17.174,+2.634,
11.773,3400,2665.7,10.636,17.174,+2.634,
11.816,3400,2731.9,10.900,17.974,+3.434,
11.840,3400,2769.5,11.050,17.974,+3.434,
11.867,3400,2809.7,11.210,17.974,+3.434,
11.893,3400,2809.3,11.209,17.174,+2.634,
11.926,3400,2903.7,11.585,17.174,+2.634,
11.953,3400,2942.6,11.741,17.174,+2.634,
11.979,3400,2973.9,11.865,17.174,+2.634,
12.027,3400,3022.6,12.060,16.374,+1.834,
12.051,3400,3050.4,12.170,16.374,+1.834,
12.078,3400,3067.5,12.239,16.374,+1.834,
12.104,3400,3090.5,12.330,15.574,+1.034,
12.143,3400,3112.1,12.417,15.574,+1.034,shot:3363:474
12.165,3400,3122.9,12.460,15.574,+1.034,
12.192,3400,3133.0,12.500,15.574,+1.034,
12.239,3400,3149.1,12.564,15.157,+0.617,
12.264,3400,3148.0,12.560,15.157,+0.617,
12.290,3400,3158.7,12.603,15.157,+0.617,
12.317,3400,3157.0,12.596,15.255,+0.715,
12.350,3400,3159.1,12.604,15.255,+0.715,
12.376,3400,3164.0,12.624,15.255,+0.715,
12.403,3400,3115.9,12.432,15.255,+0.715,
12.450,3400,3167.6,12.638,16.055,+1.515,
12.475,3400,3123.1,12.461,16.055,+1.515,
12.501,3400,3180.4,12.689,16.055,+1.515,
12.528,3400,3185.0,12.708,15.255,+0.715,
12.556,3400,3196.9,12.755,15.255,+0.715,
12.582,3400,3197.3,12.757,15.255,+0.715,
12.609,3400,3203.5,12.781,15.255,+0.715,
12.656,3400,3155.7,12.591,16.055,+1.515,
12.681,3400,3205.4,12.789,16.055,+1.515,
12.707,3400,3213.2,12.820,16.055,+1.515,
12.734,3400,3218.3,12.840,15.255,+0.715,
12.767,3400,3173.6,12.662,15.255,+0.715,
12.793,3400,3226.0,12.871,15.255,+0.715,
12.820,3400,3233.9,12.903,15.255,+0.715,
12.867,3400,3184.3,12.705,15.300,+0.760,
12.891,3400,3227.4,12.877,15.300,+0.760,
12.918,3400,3235.9,12.911,15.300,+0.760,
12.944,3400,3180.6,12.690,16.100,+1.560,
12.978,3400,3233.1,12.899,16.100,+1.560,
13.004,3400,3234.2,12.904,16.100,+1.560,
13.031,3400,3195.1,12.748,16.100,+1.560,
13.083,3400,3253.5,12.981,15.300,+0.760,
13.108,3400,3258.0,12.999,15.300,+0.760,
13.134,3400,3260.0,13.007,15.300,+0.760,
13.182,3400,3261.2,13.012,16.100,+1.560,
13.208,3400,3267.4,13.036,16.100,+1.560,
13.235,3400,3211.7,12.814,16.100,+1.560,
13.277,3400,3274.7,13.065,15.300,+0.760,
13.302,3400,3280.8,13.090,15.300,+0.760,
13.329,3400,3278.9,13.082,15.300,+0.760,
13.355,3400,3283.5,13.101,15.268,+0.728,
13.388,3400,3284.1,13.103,15.268,+0.728,
13.415,3400,3222.2,12.856,15.268,+0.728,
13.441,3400,3274.7,13.065,15.268,+0.728,
13.494,3400,3271.0,13.051,16.068,+1.528,
13.518,3400,3225.0,12.867,16.068,+1.528,
13.545,3400,3278.1,13.079,16.068,+1.528,
13.592,3400,3229.3,12.884,15.268,+0.728,
13.619,3400,3283.9,13.102,15.268,+0.728,
13.631,3400,3288.2,13.119,15.268,+0.728,label:short
13.655,3400,3282.8,13.098,15.268,+0.728,
13.701,3400,3227.3,12.876,15.508,+0.968,
13.725,3400,3285.9,13.110,15.508,+0.968,
13.752,3400,3278.1,13.079,15.508,+0.968,
13.799,3400,3276.8,13.074,15.813,+1.273,
13.826,3400,3281.4,13.092,15.813,+1.273,
13.852,3400,3283.8,13.102,15.813,+1.273,
13.899,3400,3288.0,13.119,15.848,+1.308,
13.924,3400,3236.6,12.914,15.848,+1.308,
13.951,3400,3296.5,13.152,15.848,+1.308,
13.977,3400,3292.7,13.137,15.989,+1.449,
14.015,3400,3248.1,12.959,15.989,+1.449,
14.042,3400,3298.4,13.160,15.989,+1.449,
14.068,3400,3301.7,13.173,15.989,+1.449,
14.114,3400,3256.5,12.993,15.888,+1.348,
14.138,3400,3308.5,13.200,15.888,+1.348,
14.165,3400,3311.3,13.211,15.888,+1.348,
14.212,3400,3314.4,13.224,16.688,+2.148,
14.239,3400,3269.5,13.045,16.688,+2.148,
14.266,3400,3322.2,13.255,16.688,+2.148,
14.313,3400,3333.7,13.301,15.888,+1.348,
14.338,3400,3339.8,13.325,15.888,+1.348,
14.364,3400,3344.9,13.346,15.888,+1.348,
14.391,3400,3339.0,13.322,15.838,+1.298,
14.424,3400,3340.9,13.329,15.838,+1.298,
14.450,3400,3341.5,13.332,15.838,+1.298,
14.477,3400,3295.2,13.147,15.838,+1.298,
14.524,3400,3294.7,13.145,15.816,+1.276,
14.549,3400,3338.9,13.321,15.816,+1.276,
14.575,3400,3346.3,13.351,15.816,+1.276,
14.602,3400,3349.0,13.362,15.851,+1.311,
14.635,3400,3296.5,13.152,15.851,+1.311,
14.662,3400,3342.9,13.337,15.851,+1.311,
14.688,3400,3344.1,13.343,15.851,+1.311,
14.741,3400,3344.8,13.345,16.651,+2.111,
14.765,3400,3351.3,13.371,16.651,+2.111,
14.792,3400,3356.3,13.391,16.651,+2.111,
14.839,3400,3362.9,13.417,16.496,+1.956,
14.866,3400,3367.0,13.434,16.496,+1.956,
14.892,3400,3370.1,13.446,16.496,+1.956,
14.940,3400,3375.7,13.468,15.696,+1.156,
14.964,3400,3383.3,13.499,15.696,+1.156,
14.991,3400,3375.4,13.467,15.696,+1.156,
15.017,3400,3324.9,13.266,16.496,+1.956,
15.046,3400,3382.5,13.496,16.496,+1.956,
15.072,3400,3377.1,13.474,16.496,+1.956,
15.099,3400,3375.8,13.469,16.496,+1.956,
15.146,3400,3382.5,13.495,15.696,+1.156,
15.171,3400,3391.9,13.533,15.696,+1.156,
15.198,3400,3384.2,13.502,15.696,+1.156,
15.224,3400,3380.9,13.489,15.696,+1.156,
15.262,3400,3383.5,13.499,15.696,+1.156,
15.289,3400,3373.6,13.460,15.696,+1.156,
15.316,3400,3377.5,13.476,15.696,+1.156,
15.356,3400,3376.6,13.472,16.496,+1.956,
15.381,3400,3368.9,13.441,16.496,+1.956,
15.407,3400,3377.0,13.474,16.496,+1.956,
15.434,3400,3321.4,13.252,16.763,+2.223,
15.472,3400,3382.1,13.494,16.763,+2.223,
15.498,3400,3389.9,13.525,16.763,+2.223,
15.525,3400,3337.4,13.316,16.763,+2.223,
15.565,3400,3399.6,13.564,15.963,+1.423,
15.590,3400,3405.7,13.588,15.963,+1.423,
15.616,3400,3399.0,13.561,15.963,+1.423,
15.643,3400,3404.2,13.582,15.963,+1.423,
15.671,3400,3409.7,13.604,15.963,+1.423,
15.698,3400,3402.0,13.573,15.963,+1.423,
15.724,3400,3398.2,13.558,15.963,+1.423,
15.772,3400,3341.6,13.332,15.963,+1.423,
15.796,3400,3350.7,13.369,15.963,+1.423,
15.823,3400,3346.4,13.352,15.963,+1.423,
15.849,3400,3393.9,13.541,15.963,+1.423,
15.882,3400,3393.7,13.540,15.963,+1.423,
15.909,3400,3394.9,13.545,15.963,+1.423,
15.935,3400,3402.8,13.577,15.963,+1.423,
15.983,3400,3344.5,13.344,15.963,+1.423,
16.007,3400,3336.6,13.313,15.963,+1.423,
16.034,3400,3392.5,13.535,15.963,+1.423,
16.060,3400,3396.9,13.553,15.963,+1.423,
16.094,3400,3393.1,13.538,15.963,+1.423,
16.120,3400,3393.3,13.539,15.963,+1.423,
16.147,3400,3386.7,13.512,15.963,+1.423,
16.199,3400,3339.7,13.325,15.963,+1.423,
16.224,3400,3329.1,13.283,15.963,+1.423,
16.250,3400,3390.8,13.529,15.963,+1.423,
16.303,3400,3381.2,13.490,15.963,+1.423,
16.329,3400,3385.4,13.507,15.963,+1.423,
16.356,3400,3390.7,13.528,15.963,+1.423,
16.398,3400,3327.1,13.274,15.963,+1.423,
16.423,3400,3329.5,13.284,15.963,+1.423,
16.449,3400,3334.2,13.303,15.963,+1.423,
16.476,3400,3378.6,13.480,16.434,+1.894,
16.509,3400,3383.3,13.499,16.434,+1.894,
16.535,3400,3379.9,13.485,16.434,+1.894,
16.562,3400,3387.2,13.514,16.434,+1.894,
16.609,3400,3392.5,13.535,16.006,+1.466,
16.634,3400,3392.6,13.536,16.006,+1.466,
16.661,3400,3392.7,13.536,16.006,+1.466,
16.687,3400,3399.8,13.565,16.006,+1.466,
16.715,3400,3403.0,13.577,16.006,+1.466,
16.742,3400,3341.7,13.333,16.006,+1.466,
16.768,3400,3343.0,13.338,16.006,+1.466,
16.816,3400,3398.4,13.559,16.006,+1.466,
16.840,3400,3406.4,13.591,16.006,+1.466,
16.867,3400,3404.2,13.582,16.006,+1.466,
16.893,3400,3401.1,13.570,16.006,+1.466,
16.931,3400,3408.9,13.601,16.006,+1.466,
16.958,3400,3403.7,13.580,16.006,+1.466,
16.984,3400,3408.0,13.597,16.006,+1.466,
17.020,3400,3406.2,13.590,16.806,+2.266,
17.044,3400,3413.7,13.620,16.806,+2.266,
17.071,3400,3417.7,13.636,16.806,+2.266,
17.097,3400,3418.7,13.640,16.006,+1.466,
17.131,3400,3427.6,13.676,16.006,+1.466,
17.157,3400,3427.3,13.674,16.006,+1.466,
17.184,3400,3433.5,13.699,16.006,+1.466,
17.231,3400,3435.2,13.706,15.388,+0.848,
17.255,3400,3432.3,13.694,15.388,+0.848,
17.282,3400,3424.8,13.665,15.388,+0.848,
17.309,3400,3428.2,13.678,15.330,+0.790,
17.342,3400,3414.5,13.623,15.330,+0.790,
17.368,3400,3419.0,13.641,15.330,+0.790,
17.395,3400,3408.7,13.600,15.330,+0.790,
17.447,3400,3402.0,13.574,16.130,+1.590,
17.472,3400,3392.3,13.535,16.130,+1.590,
17.498,3400,3393.5,13.539,16.130,+1.590,
17.546,3400,3335.0,13.306,15.330,+0.790,
17.572,3400,3342.5,13.336,15.330,+0.790,
17.599,3400,3391.2,13.530,15.330,+0.790,
17.646,3400,3333.3,13.299,15.330,+0.790,
17.671,3400,3374.6,13.464,15.330,+0.790,
17.697,3400,3276.0,13.070,15.330,+0.790,shot:3414:30
17.722,3400,3041.5,12.135,16.130,+1.590,
17.760,3400,2768.0,11.044,16.130,+1.590,
17.786,3400,2672.2,10.662,16.130,+1.590,
17.813,3400,2697.5,10.763,16.130,+1.590,
17.848,3400,2737.1,10.920,16.930,+2.390,
17.873,3400,2763.8,11.027,16.930,+2.390,
17.899,3400,2792.7,11.142,16.930,+2.390,
17.926,3400,2825.7,11.274,16.130,+1.590,
17.959,3400,2865.0,11.431,16.130,+1.590,
17.985,3400,2890.6,11.533,16.130,+1.590,
18.012,3400,2914.0,11.626,16.130,+1.590,
18.059,3400,2951.1,11.774,15.330,+0.790,
18.084,3400,2968.5,11.844,15.330,+0.790,
18.111,3400,2981.1,11.894,15.330,+0.790,
18.137,3400,2995.8,11.953,14.861,+0.321,
18.170,3400,3005.9,11.993,14.861,+0.321,
18.197,3400,2965.7,11.832,14.861,+0.321,
18.223,3400,3020.1,12.049,14.861,+0.321,
18.271,3400,3028.1,12.082,15.018,+0.478,
18.295,3400,3036.6,12.116,15.018,+0.478,
18.322,3400,3038.4,12.123,15.018,+0.478,
18.348,3400,3045.4,12.151,15.328,+0.788,
18.381,3400,3053.6,12.183,15.328,+0.788,
18.408,3400,3006.4,11.995,15.328,+0.788,
18.434,3400,3064.7,12.228,15.328,+0.788,
18.487,3400,3078.0,12.281,15.490,+0.950,
18.511,3400,3082.3,12.298,15.490,+0.950,
18.538,3400,3042.0,12.137,15.490,+0.950,
18.585,3400,3102.3,12.378,16.290,+1.750,
18.612,3400,3112.9,12.420,16.290,+1.750,
18.638,3400,3124.0,12.464,16.290,+1.750,
18.686,3400,3144.7,12.547,15.490,+0.950,
18.710,3400,3157.3,12.597,15.490,+0.950,
18.737,3400,3160.5,12.610,15.490,+0.950,
18.763,3400,3168.9,12.643,15.256,+0.716,
18.791,3400,3177.6,12.678,15.256,+0.716,
18.818,3400,3173.7,12.662,15.256,+0.716,
18.844,3400,3186.6,12.714,15.256,+0.716,
18.902,3400,3129.3,12.485,16.056,+1.516,
18.926,3400,3188.4,12.721,16.056,+1.516,
18.953,3400,3190.3,12.729,16.056,+1.516,
18.993,3400,3202.9,12.779,15.256,+0.716,
19.020,3400,3202.7,12.778,15.256,+0.716,
19.046,3400,3208.5,12.801,15.256,+0.716,
19.094,3400,3214.1,12.824,15.344,+0.804,
19.118,3400,3210.4,12.809,15.344,+0.804,
19.145,3400,3159.5,12.606,15.344,+0.804,
19.171,3400,3218.4,12.841,15.478,+0.938,
19.205,3400,3218.8,12.842,15.478,+0.938,
19.231,3400,3211.9,12.815,15.478,+0.938,
19.258,3400,3168.6,12.642,15.478,+0.938,
19.310,3400,3220.4,12.849,15.881,+1.341,
19.334,3400,3226.3,12.872,15.881,+1.341,
19.361,3400,3226.0,12.871,15.881,+1.341,
19.403,3400,3237.6,12.918,15.969,+1.429,
19.430,3400,3237.6,12.918,15.969,+1.429,
19.457,3400,3243.8,12.942,15.969,+1.429,
19.483,3400,3251.6,12.973,15.819,+1.279,
19.516,3400,3206.0,12.791,15.819,+1.279,
19.541,3400,3255.4,12.988,15.819,+1.279,
19.567,3400,3211.1,12.812,15.819,+1.279,
19.615,3400,3271.5,13.053,15.862,+1.322,
19.641,3400,3217.9,12.839,15.862,+1.322,
19.668,3400,3273.1,13.059,15.862,+1.322,
19.715,3400,3225.0,12.867,15.942,+1.402,
19.740,3400,3280.6,13.089,15.942,+1.402,
19.766,3400,3281.4,13.092,15.942,+1.402,
19.793,3400,3290.2,13.127,15.798,+1.258,
19.831,3400,3287.0,13.115,15.798,+1.258,
19.858,3400,3240.1,12.928,15.798,+1.258,
19.884,3400,3293.6,13.141,15.798,+1.258,
19.920,3400,3246.2,12.952,16.598,+2.058,
19.947,3400,3297.5,13.156,16.598,+2.058,
19.973,3400,3304.3,13.183,16.598,+2.058,
20.000,3400,3259.5,13.005,16.448,+1.908,
20.033,3400,3320.6,13.249,16.448,+1.908,
20.060,3400,3326.3,13.271,16.448,+1.908,
20.086,3400,3329.3,13.283,16.448,+1.908,
20.139,3400,3342.5,13.336,15.648,+1.108,
20.164,3400,3344.1,13.343,15.648,+1.108,
20.190,3400,3296.6,13.153,15.648,+1.108,
20.238,3400,3297.7,13.157,15.494,+0.954,
20.264,3400,3337.8,13.317,15.494,+0.954,
20.291,3400,3342.5,13.336,15.494,+0.954,
20.338,3400,3339.3,13.323,16.294,+1.754,
20.363,3400,3341.7,13.333,16.294,+1.754,
20.389,3400,3282.6,13.097,16.294,+1.754,
20.416,3400,3342.7,13.337,15.494,+0.954,
20.449,3400,3345.0,13.346,15.494,+0.954,
20.475,3400,3354.8,13.385,15.494,+0.954,
20.502,3400,3290.2,13.127,15.494,+0.954,
20.549,3400,3287.5,13.116,15.469,+0.929,
20.574,3400,3348.1,13.358,15.469,+0.929,
20.601,3400,3341.8,13.333,15.469,+0.929,
20.627,3400,3331.2,13.291,15.964,+1.424,
20.660,3400,3330.6,13.289,15.964,+1.424,
20.687,3400,3333.0,13.298,15.964,+1.424,
20.713,3400,3338.9,13.322,15.964,+1.424,
20.766,3400,3333.8,13.301,16.012,+1.472,
20.790,3400,3341.2,13.331,16.012,+1.472,
20.817,3400,3281.6,13.093,16.012,+1.472,
20.869,3400,3344.4,13.344,16.038,+1.498,
20.896,3400,3285.3,13.108,16.038,+1.498,
20.922,3400,3344.6,13.344,16.038,+1.498,
20.970,3400,3345.7,13.349,16.170,+1.630,
20.994,3400,3348.2,13.359,16.170,+1.630,
21.021,3400,3344.8,13.345,16.170,+1.630,
21.048,3400,3300.3,13.168,16.970,+2.430,
21.086,3400,3301.0,13.170,16.970,+2.430,
21.113,3400,3306.6,13.193,16.970,+2.430,
21.139,3400,3370.6,13.448,16.970,+2.430,
21.180,3400,3382.1,13.494,16.170,+1.630,
21.202,3400,3333.5,13.300,16.170,+1.630,
21.221,3400,3387.5,13.515,16.170,+1.630,label:short
21.246,3400,3388.6,13.520,16.170,+1.630,
21.286,3400,3390.9,13.529,15.648,+1.108,
21.313,3400,3397.8,13.557,15.648,+1.108,
21.339,3400,3391.0,13.530,15.648,+1.108,
21.387,3400,3385.4,13.507,15.648,+1.108,
21.411,3400,3385.7,13.508,15.648,+1.108,
21.438,3400,3387.6,13.516,15.648,+1.108,
21.465,3400,3376.1,13.470,16.173,+1.633,
21.493,3400,3371.9,13.453,16.173,+1.633,
21.519,3400,3324.1,13.263,16.173,+1.633,
21.546,3400,3329.1,13.283,16.173,+1.633,
21.593,3400,3384.3,13.503,15.695,+1.155,
21.618,3400,3321.5,13.252,15.695,+1.155,
21.645,3400,3325.8,13.269,15.695,+1.155,
21.671,3400,3381.8,13.493,15.695,+1.155,
21.699,3400,3375.8,13.469,15.695,+1.155,
21.726,3400,3369.6,13.444,15.695,+1.155,
21.752,3400,3322.6,13.257,15.695,+1.155,
21.800,3400,3370.6,13.448,16.334,+1.794,
21.824,3400,3368.0,13.438,16.334,+1.794,
21.851,3400,3312.6,13.217,16.334,+1.794,
21.877,3400,3376.1,13.470,16.280,+1.740,
21.911,3400,3375.1,13.466,16.280,+1.740,
21.937,3400,3380.0,13.486,16.280,+1.740,
21.964,3400,3377.2,13.474,16.280,+1.740,
22.011,3400,3380.6,13.488,17.080,+2.540,
22.036,3400,3389.4,13.523,17.080,+2.540,
22.062,3400,3397.0,13.553,17.080,+2.540,
22.089,3400,3397.6,13.556,16.280,+1.740,
22.122,3400,3409.9,13.605,16.280,+1.740,
22.149,3400,3411.0,13.609,16.280,+1.740,
22.175,3400,3418.3,13.638,16.280,+1.740,
22.223,3400,3366.5,13.432,16.280,+1.740,
22.247,3400,3426.1,13.670,16.280,+1.740,
22.274,3400,3420.9,13.649,16.280,+1.740,
22.300,3400,3424.5,13.663,15.741,+1.201,
22.339,3400,3424.7,13.664,15.741,+1.201,
22.365,3400,3421.5,13.651,15.741,+1.201,
22.392,3400,3427.7,13.676,15.741,+1.201,
22.432,3400,3415.6,13.628,15.603,+1.063,
22.456,3400,3360.3,13.407,15.603,+1.063,
22.483,3400,3362.6,13.416,15.603,+1.063,
22.510,3400,3405.1,13.586,16.174,+1.634,
22.543,3400,3355.8,13.389,16.174,+1.634,
22.569,3400,3396.6,13.552,16.174,+1.634,
22.596,3400,3403.3,13.579,16.174,+1.634,
22.638,3400,3409.5,13.603,16.174,+1.634,
22.663,3400,3400.9,13.569,16.174,+1.634,
22.689,3400,3404.8,13.585,16.174,+1.634,
22.716,3400,3412.0,13.613,16.174,+1.634,
22.749,3400,3412.6,13.615,16.174,+1.634,
22.776,3400,3414.0,13.621,16.174,+1.634,
22.802,3400,3410.3,13.607,16.174,+1.634,
22.850,3400,3357.2,13.395,16.174,+1.634,
22.874,3400,3414.7,13.624,16.174,+1.634,
22.901,3400,3422.0,13.653,16.174,+1.634,
22.927,3400,3417.9,13.637,16.174,+1.634,
22.966,3400,3421.3,13.651,16.174,+1.634,
22.992,3400,3425.4,13.667,16.174,+1.634,
23.019,3400,3418.5,13.639,16.174,+1.634,
23.059,3400,3428.1,13.678,16.974,+2.434,
23.084,3400,3374.8,13.465,16.974,+2.434,
23.110,3400,3374.0,13.462,16.974,+2.434,
23.137,3400,3436.9,13.713,16.174,+1.634,
23.170,3400,3441.8,13.732,16.174,+1.634,
23.196,3400,3450.2,13.766,16.174,+1.634,
23.223,3400,3454.4,13.782,16.174,+1.634,
23.276,3400,3454.1,13.781,15.733,+1.193,
23.300,3400,3455.0,13.785,15.733,+1.193,
23.327,3400,3444.2,13.742,15.733,+1.193,
23.374,3400,3439.5,13.723,15.720,+1.180,
23.401,3400,3439.0,13.721,15.720,+1.180,
23.427,3400,3444.4,13.742,15.720,+1.180,
23.475,3400,3435.8,13.708,15.947,+1.407,
23.499,3400,3433.3,13.698,15.947,+1.407,
23.526,3400,3426.6,13.672,15.947,+1.407,
23.552,3400,3431.0,13.689,15.955,+1.415,
23.586,3400,3424.4,13.663,15.955,+1.415,
23.612,3400,3436.2,13.710,15.955,+1.415,
23.639,3400,3431.5,13.691,15.955,+1.415,
23.686,3400,3377.4,13.475,15.824,+1.284,
23.711,3400,3422.5,13.655,15.824,+1.284,
23.737,3400,3428.0,13.677,15.824,+1.284,
23.764,3400,3432.5,13.695,15.791,+1.251,
23.797,3400,3427.8,13.676,15.791,+1.251,
23.823,3400,3425.3,13.666,15.791,+1.251,
23.850,3400,3416.6,13.632,15.791,+1.251,
23.897,3400,3414.5,13.623,16.591,+2.051,
23.922,3400,3421.9,13.653,16.591,+2.051,
23.948,3400,3424.3,13.662,16.591,+2.051,
23.975,3400,3421.1,13.650,15.791,+1.251,
24.008,3400,3429.4,13.683,15.791,+1.251,
24.034,3400,3426.7,13.672,15.791,+1.251,
24.061,3400,3377.7,13.477,15.791,+1.251,
24.109,3400,3430.0,13.685,15.635,+1.095,
24.133,3400,3424.3,13.662,15.635,+1.095,
24.160,3400,3417.7,13.636,15.635,+1.095,
24.186,3400,3421.9,13.653,15.680,+1.140,
24.219,3400,3414.6,13.624,15.680,+1.140,
24.246,3400,3421.0,13.649,15.680,+1.140,
24.272,3400,3411.9,13.613,15.680,+1.140,
24.320,3400,3409.5,13.603,16.117,+1.577,
24.344,3400,3404.4,13.583,16.117,+1.577,
24.371,3400,3411.7,13.612,16.117,+1.577,
24.397,3400,3409.8,13.605,16.117,+1.577,
24.430,3400,3413.7,13.620,16.117,+1.577,
24.457,3400,3410.1,13.606,16.117,+1.577,
24.483,3400,3407.9,13.597,16.117,+1.577,
24.531,3400,3351.7,13.373,16.117,+1.577,
24.555,3400,3361.0,13.410,16.117,+1.577,
24.582,3400,3358.6,13.400,16.117,+1.577,
24.608,3400,3352.2,13.375,16.917,+2.377,
24.642,3400,3355.3,13.387,16.917,+2.377,shot:3421:28
24.664,3400,3371.7,13.453,16.917,+2.377,
24.691,3400,3125.6,12.471,16.917,+2.377,
24.738,3400,2790.3,11.133,17.717,+3.177,
24.762,3400,2746.1,10.956,17.717,+3.177,
24.789,3400,2783.9,11.107,17.717,+3.177,
24.815,3400,2823.9,11.267,18.517,+3.977,
24.848,3400,2823.9,11.267,18.517,+3.977,
24.875,3400,2911.8,11.618,18.517,+3.977,
24.901,3400,2903.4,11.584,18.517,+3.977,
24.949,3400,2974.1,11.866,17.717,+3.177,
24.973,3400,3010.2,12.010,17.717,+3.177,
25.000,3400,3039.4,12.127,17.717,+3.177,
25.026,3400,3071.1,12.253,16.917,+2.377,
25.060,3400,3103.0,12.380,16.917,+2.377,
25.086,3400,3177.8,12.679,16.917,+2.377,
25.113,3400,3195.4,12.749,16.917,+2.377,
25.160,3400,3222.7,12.858,16.117,+1.577,
25.185,3400,3235.3,12.908,16.117,+1.577,
25.211,3400,3242.8,12.938,16.117,+1.577,
25.236,3400,3252.8,12.978,15.450,+0.910,
25.269,3400,3260.9,13.010,15.450,+0.910,
25.295,3400,3258.3,13.000,15.450,+0.910,
25.322,3400,3265.4,13.028,15.450,+0.910,
25.369,3400,3271.6,13.053,15.485,+0.945,
25.394,3400,3265.6,13.029,15.485,+0.945,
25.420,3400,3267.6,13.037,15.485,+0.945,
25.447,3400,3273.6,13.061,15.559,+1.019,
25.480,3400,3273.0,13.059,15.559,+1.019,
25.506,3400,3215.6,12.830,15.559,+1.019,
25.533,3400,3271.5,13.053,15.559,+1.019,
25.575,3400,3221.6,12.854,16.359,+1.819,
25.600,3400,3273.4,13.060,16.359,+1.819,
25.626,3400,3282.4,13.096,16.359,+1.819,
25.653,3400,3282.7,13.098,15.559,+1.019,
25.691,3400,3297.1,13.155,15.559,+1.019,
25.718,3400,3294.8,13.146,15.559,+1.019,
25.744,3400,3299.6,13.165,15.559,+1.019,
25.774,3400,3304.0,13.182,15.287,+0.747,
25.806,3400,3304.7,13.185,15.287,+0.747,
25.832,3400,3248.1,12.960,15.287,+0.747,
25.859,3400,3293.4,13.140,15.748,+1.208,
25.892,3400,3238.9,12.922,15.748,+1.208,
25.919,3400,3297.5,13.156,15.748,+1.208,
25.945,3400,3242.9,12.939,15.748,+1.208,
25.998,3400,3246.1,12.951,15.839,+1.299,
26.022,3400,3295.5,13.149,15.839,+1.299,
26.049,3400,3296.8,13.154,15.839,+1.299,
26.096,3400,3248.6,12.961,16.110,+1.570,
26.123,3400,3307.1,13.195,16.110,+1.570,
26.149,3400,3305.0,13.186,16.110,+1.570,
26.197,3400,3255.8,12.990,16.029,+1.489,
26.221,3400,3318.2,13.239,16.029,+1.489,
26.248,3400,3317.8,13.238,16.029,+1.489,
26.274,3400,3263.5,13.021,16.829,+2.289,
26.307,3400,3320.8,13.249,16.829,+2.289,
26.334,3400,3327.7,13.277,16.829,+2.289,
26.360,3400,3281.5,13.093,16.829,+2.289,
26.408,3400,3293.7,13.141,16.029,+1.489,
26.432,3400,3295.0,13.146,16.029,+1.489,
26.459,3400,3358.5,13.400,16.029,+1.489,
26.485,3400,3357.7,13.396,15.785,+1.245,
26.519,3400,3360.2,13.406,15.785,+1.245,
26.545,3400,3297.6,13.157,15.785,+1.245,
26.572,3400,3304.0,13.182,15.785,+1.245,
26.619,3400,3302.7,13.177,15.993,+1.453,
26.644,3400,3302.7,13.177,15.993,+1.453,
26.671,3400,3350.7,13.369,15.993,+1.453,
26.697,3400,3357.8,13.397,15.964,+1.424,
26.735,3400,3355.0,13.386,15.964,+1.424,label:in
26.758,3400,3361.8,13.413,15.964,+1.424,
26.784,3400,3356.6,13.392,15.964,+1.424,
26.832,3400,3358.0,13.398,16.764,+2.224,
26.856,3400,3358.8,13.401,16.764,+2.224,
26.883,3400,3312.9,13.218,16.764,+2.224,
26.909,3400,3366.3,13.431,15.964,+1.424,
26.948,3400,3323.9,13.262,15.964,+1.424,
26.974,3400,3378.3,13.479,15.964,+1.424,
27.001,3400,3375.0,13.465,15.964,+1.424,
27.041,3400,3384.3,13.503,15.773,+1.233,
27.066,3400,3373.9,13.461,15.773,+1.233,
27.092,3400,3373.9,13.461,15.773,+1.233,
27.119,3400,3379.9,13.485,15.776,+1.236,
27.152,3400,3376.0,13.470,15.776,+1.236,
27.179,3400,3317.3,13.236,15.776,+1.236,
27.205,3400,3309.5,13.204,15.776,+1.236,
27.248,3400,3367.5,13.436,16.169,+1.629,
27.272,3400,3366.1,13.430,16.169,+1.629,
27.299,3400,3361.5,13.412,16.169,+1.629,
27.325,3400,3370.4,13.447,16.097,+1.557,
27.364,3400,3367.8,13.437,16.097,+1.557,
27.390,3400,3372.0,13.454,16.097,+1.557,
27.417,3400,3376.7,13.472,16.097,+1.557,
27.462,3400,3377.9,13.477,16.053,+1.513,
27.487,3400,3370.9,13.449,16.053,+1.513,
27.513,3400,3376.0,13.470,16.053,+1.513,
27.561,3400,3378.2,13.478,16.140,+1.600,
27.587,3400,3381.0,13.490,16.140,+1.600,
27.614,3400,3373.4,13.459,16.140,+1.600,
27.661,3400,3375.5,13.468,16.124,+1.584,
27.686,3400,3378.8,13.481,16.124,+1.584,
27.712,3400,3384.4,13.503,16.124,+1.584,
27.739,3400,3321.2,13.251,16.924,+2.384,
27.772,3400,3327.6,13.277,16.924,+2.384,
27.799,3400,3383.9,13.501,16.924,+2.384,
27.825,3400,3392.0,13.534,16.924,+2.384,
27.873,3400,3345.6,13.348,16.124,+1.584,
27.897,3400,3345.4,13.348,16.124,+1.584,
27.924,3400,3346.4,13.352,16.124,+1.584,
27.950,3400,3354.6,13.384,16.924,+2.384,
27.984,3400,3352.9,13.378,16.924,+2.384,
28.010,3400,3359.1,13.402,16.924,+2.384,
28.037,3400,3358.8,13.401,16.924,+2.384,
28.084,3400,3423.4,13.659,16.124,+1.584,
28.109,3400,3424.8,13.664,16.124,+1.584,
28.135,3400,3430.8,13.688,16.124,+1.584,
28.162,3400,3424.6,13.663,15.995,+1.455,
28.195,3400,3429.5,13.683,15.995,+1.455,
28.222,3400,3420.8,13.648,15.995,+1.455,
28.248,3400,3425.6,13.668,15.995,+1.455,
28.301,3400,3423.0,13.657,16.486,+1.946,
28.325,3400,3422.9,13.657,16.486,+1.946,
28.352,3400,3428.9,13.681,16.486,+1.946,
28.399,3400,3429.1,13.681,15.950,+1.410,
28.426,3400,3429.5,13.683,15.950,+1.410,
28.452,3400,3424.0,13.661,15.950,+1.410,
28.500,3400,3418.7,13.640,15.786,+1.246,
28.524,3400,3369.3,13.443,15.786,+1.246,
28.551,3400,3370.6,13.448,15.786,+1.246,
28.577,3400,3409.7,13.604,16.378,+1.838,
28.606,3400,3409.4,13.603,16.378,+1.838,
28.632,3400,3415.4,13.627,16.378,+1.838,
28.659,3400,3416.9,13.633,16.378,+1.838,
28.706,3400,3363.8,13.421,16.378,+1.838,
28.730,3400,3359.1,13.402,16.378,+1.838,
28.757,3400,3365.5,13.428,16.378,+1.838,
28.783,3400,3369.7,13.445,17.045,+2.505,
28.817,3400,3370.2,13.446,17.045,+2.505,
28.843,3400,3372.3,13.455,17.045,+2.505,
28.870,3400,3372.7,13.456,17.045,+2.505,shot:3412:25
28.915,3400,3435.4,13.707,16.940,+2.400,
28.940,3400,3388.2,13.518,16.940,+2.400,
28.966,3400,3394.5,13.544,16.940,+2.400,
28.993,3400,3393.5,13.539,16.485,+1.945,
29.026,3400,3457.8,13.796,16.485,+1.945,
29.052,3400,3457.4,13.794,16.485,+1.945,
29.079,3400,3465.2,13.826,16.485,+1.945,
29.126,3400,3464.8,13.824,15.685,+1.145,
29.151,3400,3465.7,13.828,15.685,+1.145,
29.177,3400,3456.3,13.790,15.685,+1.145,
29.204,3400,3458.5,13.799,15.606,+1.066,
29.237,3400,3391.1,13.530,15.606,+1.066,
29.263,3400,3394.0,13.541,15.606,+1.066,
29.290,3400,3385.6,13.508,15.606,+1.066,
29.337,3400,3436.7,13.712,15.863,+1.323,
29.362,3400,3422.6,13.655,15.863,+1.323,
29.388,3400,3427.4,13.675,15.863,+1.323,
29.415,3400,3427.1,13.674,16.096,+1.556,
29.443,3400,3420.8,13.648,16.096,+1.556,
29.469,3400,3412.5,13.615,16.096,+1.556,
29.496,3400,3416.0,13.629,16.096,+1.556,
29.543,3400,3414.1,13.622,16.638,+2.098,
29.568,3400,3421.5,13.651,16.638,+2.098,
29.594,3400,3412.5,13.615,16.638,+2.098,
29.621,3400,3417.9,13.637,16.638,+2.098,
29.659,3400,3371.6,13.452,16.638,+2.098,
29.685,3400,3369.7,13.445,16.638,+2.098,
29.712,3400,3375.8,13.469,16.638,+2.098,
29.752,3400,3437.9,13.717,15.852,+1.312,
29.777,3400,3429.8,13.684,15.852,+1.312,
29.803,3400,3436.2,13.710,15.852,+1.312,
29.830,3400,3435.7,13.708,15.782,+1.242,
29.863,3400,3433.8,13.700,15.782,+1.242,
29.889,3400,3422.8,13.656,15.782,+1.242,
29.916,3400,3420.1,13.646,15.782,+1.242,
29.963,3400,3358.0,13.398,16.495,+1.955,
29.988,3400,3368.8,13.441,16.495,+1.955,
30.014,3400,3366.5,13.432,16.495,+1.955,
30.041,3400,3363.5,13.420,17.295,+2.755,
30.069,3400,3371.1,13.450,17.295,+2.755,
30.096,3400,3380.3,13.487,17.295,+2.755,
30.122,3400,3386.3,13.511,17.295,+2.755,
30.170,3400,3456.4,13.790,16.566,+2.026,
30.194,3400,3401.2,13.570,16.566,+2.026,
30.221,3400,3464.5,13.823,16.566,+2.026,
30.247,3400,3473.2,13.857,15.766,+1.226,
30.275,3400,3470.9,13.848,15.766,+1.226,
30.302,3400,3463.9,13.820,15.766,+1.226,
30.328,3400,3466.2,13.829,15.766,+1.226,
30.376,3400,3456.8,13.792,15.952,+1.412,
30.400,3400,3461.6,13.811,15.952,+1.412,
30.427,3400,3449.0,13.761,15.952,+1.412,
30.453,3400,3448.4,13.759,16.049,+1.509,
30.491,3400,3396.5,13.552,16.049,+1.509,
30.518,3400,3383.1,13.498,16.049,+1.509,
30.544,3400,3441.9,13.732,16.049,+1.509,
30.580,3400,3440.4,13.727,15.937,+1.397,
30.604,3400,3442.4,13.735,15.937,+1.397,
30.631,3400,3444.3,13.742,15.937,+1.397,
30.657,3400,3434.1,13.701,16.168,+1.628,
30.690,3400,3438.8,13.720,16.168,+1.628,
30.717,3400,3429.6,13.683,16.168,+1.628,
30.743,3400,3434.9,13.704,16.168,+1.628,
30.791,3400,3430.6,13.688,16.191,+1.651,
30.815,3400,3439.8,13.724,16.191,+1.651,
30.842,3400,3435.6,13.707,16.191,+1.651,
30.868,3400,3431.9,13.693,16.089,+1.549,
30.896,3400,3438.0,13.717,16.089,+1.549,
30.923,3400,3443.8,13.740,16.089,+1.549,
30.949,3400,3434.3,13.702,16.089,+1.549,
30.997,3400,3436.5,13.711,16.727,+2.187,
31.021,3400,3380.6,13.488,16.727,+2.187,
31.048,3400,3388.0,13.517,16.727,+2.187,
31.075,3400,3446.9,13.752,15.927,+1.387,
31.108,3400,3451.4,13.771,15.927,+1.387,
31.134,3400,3447.4,13.754,15.927,+1.387,
31.161,3400,3445.3,13.746,15.927,+1.387,
31.208,3400,3386.3,13.511,15.855,+1.315,
31.233,3400,3448.5,13.759,15.855,+1.315,
31.259,3400,3443.2,13.738,15.855,+1.315,
31.286,3400,3427.9,13.677,16.159,+1.619,
31.319,3400,3354.3,13.383,16.159,+1.619,
31.345,3400,3106.2,12.393,16.159,+1.619,shot:3431:28
31.370,3400,2876.7,11.478,16.159,+1.619,
31.417,3400,2753.3,10.985,16.959,+2.419,
31.442,3400,2780.1,11.092,16.959,+2.419,
31.468,3400,2807.9,11.203,16.959,+2.419,
31.495,3400,2839.8,11.330,16.436,+1.896,
31.528,3400,2878.1,11.483,16.436,+1.896,
31.555,3400,2903.2,11.583,16.436,+1.896,
31.581,3400,2883.8,11.506,16.436,+1.896,
31.629,3400,2971.4,11.856,15.636,+1.096,
31.653,3400,2990.9,11.933,15.636,+1.096,
31.680,3400,2957.0,11.798,15.636,+1.096,
31.706,3400,3020.5,12.051,14.962,+0.422,
31.740,3400,2986.5,11.915,14.962,+0.422,
31.766,3400,3043.1,12.142,14.962,+0.422,
31.793,3400,3052.5,12.179,14.962,+0.422,
31.840,3400,3056.2,12.194,14.901,+0.361,
31.864,3400,3067.1,12.237,14.901,+0.361,
31.891,3400,3064.6,12.227,14.901,+0.361,
31.917,3400,3072.9,12.260,15.252,+0.712,
31.951,3400,3079.8,12.288,15.252,+0.712,
31.977,3400,3077.3,12.278,15.252,+0.712,
32.004,3400,3087.0,12.316,15.252,+0.712,
32.051,3400,3096.0,12.353,15.563,+1.023,
32.076,3400,3098.9,12.364,15.563,+1.023,
32.102,3400,3107.0,12.396,15.563,+1.023,
32.129,3400,3112.2,12.417,15.664,+1.124,
32.167,3400,3122.4,12.458,15.664,+1.124,
32.193,3400,3129.6,12.487,15.664,+1.124,
32.220,3400,3137.8,12.519,15.664,+1.124,
32.265,3400,3144.4,12.546,15.709,+1.169,
32.290,3400,3156.9,12.596,15.709,+1.169,
32.316,3400,3156.1,12.592,15.709,+1.169,
32.364,3400,3167.0,12.636,16.509,+1.969,
32.390,3400,3128.5,12.482,16.509,+1.969,
32.417,3400,3132.0,12.496,16.509,+1.969,
32.464,3400,3200.7,12.770,15.709,+1.169,
32.489,3400,3213.7,12.822,15.709,+1.169,
32.515,3400,3163.3,12.621,15.709,+1.169,
32.542,3400,3223.7,12.862,15.468,+0.928,
32.575,3400,3225.7,12.870,15.468,+0.928,
32.601,3400,3229.7,12.886,15.468,+0.928,
32.628,3400,3174.7,12.667,15.468,+0.928,
32.675,3400,3231.4,12.893,15.698,+1.158,
32.700,3400,3234.9,12.907,15.698,+1.158,
32.726,3400,3233.1,12.899,15.698,+1.158,
32.753,3400,3241.4,12.933,15.774,+1.234,
32.786,3400,3244.9,12.947,15.774,+1.234,
32.813,3400,3245.7,12.950,15.774,+1.234,
32.839,3400,3245.5,12.949,15.774,+1.234,
32.881,3400,3256.4,12.993,16.574,+2.034,
32.906,3400,3252.6,12.977,16.574,+2.034,
32.932,3400,3262.7,13.018,16.574,+2.034,
32.959,3400,3268.7,13.042,15.774,+1.234,
32.992,3400,3275.9,13.070,15.774,+1.234,
33.019,3400,3278.3,13.080,15.774,+1.234,
33.045,3400,3287.2,13.115,15.774,+1.234,
33.093,3400,3290.7,13.130,15.697,+1.157,
33.118,3400,3284.3,13.104,15.697,+1.157,
33.144,3400,3288.9,13.122,15.697,+1.157,
33.171,3400,3292.7,13.137,15.741,+1.201,
33.204,3400,3293.5,13.140,15.741,+1.201,
33.228,3400,3285.3,13.108,15.741,+1.201,
33.255,3400,3240.0,12.927,15.741,+1.201,
33.302,3400,3295.8,13.150,16.029,+1.489,
33.327,3400,3291.9,13.134,16.029,+1.489,
33.353,3400,3242.3,12.936,16.029,+1.489,
33.364,3400,3301.4,13.172,16.029,+1.489,label:in
33.414,3400,3304.5,13.184,16.829,+2.289,
33.441,3400,3306.7,13.193,16.829,+2.289,
33.467,3400,3309.2,13.203,16.829,+2.289,
33.515,3400,3322.7,13.257,16.029,+1.489,
33.539,3400,3331.5,13.292,16.029,+1.489,
33.566,3400,3330.4,13.288,16.029,+1.489,
33.593,3400,3281.3,13.092,16.829,+2.289,
33.626,3400,3336.6,13.313,16.829,+2.289,
33.652,3400,3345.6,13.348,16.829,+2.289,
33.679,3400,3291.8,13.134,16.829,+2.289,
33.727,3400,3359.4,13.403,16.029,+1.489,
33.752,3400,3362.0,13.414,16.029,+1.489,
33.778,3400,3369.4,13.443,16.029,+1.489,
33.805,3400,3365.1,13.426,15.890,+1.350,
33.838,3400,3313.9,13.222,15.890,+1.350,
33.865,3400,3359.5,13.404,15.890,+1.350,
33.891,3400,3365.5,13.428,15.890,+1.350,
33.939,3400,3365.7,13.429,16.079,+1.539,
33.963,3400,3362.0,13.414,16.079,+1.539,
33.990,3400,3356.6,13.392,16.079,+1.539,
34.016,3400,3362.4,13.415,16.101,+1.561,
34.050,3400,3308.8,13.202,16.101,+1.561,
34.076,3400,3314.6,13.225,16.101,+1.561,
34.103,3400,3360.1,13.406,16.101,+1.561,
34.150,3400,3361.3,13.411,16.058,+1.518,
34.175,3400,3366.6,13.432,16.058,+1.518,
34.201,3400,3368.1,13.438,16.058,+1.518,
34.228,3400,3360.7,13.409,16.276,+1.736,
34.261,3400,3365.2,13.426,16.276,+1.736,
34.288,3400,3306.7,13.193,16.276,+1.736,
34.314,3400,3370.3,13.447,16.276,+1.736,
34.367,3400,3366.2,13.431,16.240,+1.700,
34.391,3400,3374.4,13.463,16.240,+1.700,
34.418,3400,3317.4,13.236,16.240,+1.700,
34.465,3400,3374.3,13.463,16.080,+1.540,
34.492,3400,3316.2,13.231,16.080,+1.540,
34.518,3400,3380.2,13.486,16.080,+1.540,
34.566,3400,3324.6,13.264,16.203,+1.663,
34.590,3400,3320.8,13.250,16.203,+1.663,
34.617,3400,3375.5,13.468,16.203,+1.663,
34.643,3400,3380.3,13.487,15.661,+1.121,
34.677,3400,3379.0,13.482,15.661,+1.121,
34.703,3400,3379.5,13.484,15.661,+1.121,
34.730,3400,3314.6,13.225,15.661,+1.121,
34.772,3400,3316.9,13.234,16.321,+1.781,
34.797,3400,3314.5,13.224,16.321,+1.781,
34.823,3400,3363.4,13.419,16.321,+1.781,
34.850,3400,3370.6,13.448,16.368,+1.828,
34.883,3400,3369.2,13.442,16.368,+1.828,
34.909,3400,3377.3,13.475,16.368,+1.828,
34.936,3400,3319.5,13.244,16.368,+1.828,
34.983,3400,3379.2,13.482,16.221,+1.681,
35.008,3400,3379.4,13.483,16.221,+1.681,
35.034,3400,3330.8,13.289,16.221,+1.681,
35.061,3400,3325.5,13.268,17.021,+2.481,
35.099,3400,3332.0,13.294,17.021,+2.481,
35.126,3400,3333.7,13.301,17.021,+2.481,
35.152,3400,3335.3,13.307,17.021,+2.481,
35.192,3400,3348.3,13.359,16.221,+1.681,
35.217,3400,3349.5,13.364,16.221,+1.681,
35.243,3400,3350.9,13.370,16.221,+1.681,
35.270,3400,3357.1,13.394,17.021,+2.481,
35.308,3400,3408.5,13.599,17.021,+2.481,
35.335,3400,3414.0,13.621,17.021,+2.481,
35.361,3400,3422.3,13.654,17.021,+2.481,
35.401,3400,3421.3,13.650,16.221,+1.681,
35.426,3400,3428.9,13.681,16.221,+1.681,
35.453,3400,3431.6,13.692,16.221,+1.681,
35.479,3400,3422.9,13.657,16.142,+1.602,
35.512,3400,3424.9,13.665,16.142,+1.602,
35.539,3400,3420.3,13.646,16.142,+1.602,
35.565,3400,3429.9,13.685,16.142,+1.602,
35.613,3400,3422.4,13.655,16.600,+2.060,
35.637,3400,3427.9,13.677,16.600,+2.060,
35.664,3400,3421.2,13.650,16.600,+2.060,
35.690,3400,3425.1,13.666,16.048,+1.508,
35.723,3400,3422.2,13.654,16.048,+1.508,
35.750,3400,3429.6,13.683,16.048,+1.508,
35.776,3400,3428.1,13.678,16.048,+1.508,
35.824,3400,3422.2,13.654,15.940,+1.400,
35.848,3400,3415.9,13.629,15.940,+1.400,
35.875,3400,3422.0,13.653,15.940,+1.400,
35.901,3400,3419.5,13.643,16.495,+1.955,
35.929,3400,3411.0,13.609,16.495,+1.955,
35.956,3400,3407.5,13.595,16.495,+1.955,
35.982,3400,3415.6,13.628,16.495,+1.955,
36.030,3400,3416.2,13.630,16.495,+1.955,
36.054,3400,3362.3,13.415,16.495,+1.955,
36.081,3400,3358.9,13.401,16.495,+1.955,
36.108,3400,3363.3,13.419,17.295,+2.755,
36.146,3400,3421.2,13.650,17.295,+2.755,
36.172,3400,3421.3,13.650,17.295,+2.755,
36.199,3400,3431.5,13.691,17.295,+2.755,
36.234,3400,3435.0,13.705,17.005,+2.465,
36.259,3400,3447.8,13.756,17.005,+2.465,
36.285,3400,3394.5,13.543,17.005,+2.465,
36.312,3400,3396.1,13.550,16.602,+2.062,
36.340,3400,3455.8,13.788,16.602,+2.062,
36.367,3400,3407.6,13.596,16.602,+2.062,
36.393,3400,3465.8,13.828,16.602,+2.062,
36.440,3400,3465.0,13.825,16.602,+2.062,
36.465,3400,3402.4,13.575,16.602,+2.062,
36.491,3400,3461.8,13.812,16.602,+2.062,
36.518,3400,3469.5,13.843,15.802,+1.262,
36.551,3400,3467.9,13.836,15.802,+1.262,
36.578,3400,3411.6,13.612,15.802,+1.262,
36.605,3400,3399.6,13.564,15.802,+1.262,
36.647,3400,3449.6,13.763,16.602,+2.062,
36.672,3400,3457.6,13.795,16.602,+2.062,
36.698,3400,3447.4,13.754,16.602,+2.062,
36.725,3400,3443.2,13.738,15.802,+1.262,
36.758,3400,3455.3,13.786,15.802,+1.262,
36.782,3400,3395.8,13.549,15.802,+1.262,
36.809,3400,3451.9,13.772,15.802,+1.262,
36.856,3400,3448.4,13.759,16.602,+2.062,
36.881,3400,3382.3,13.495,16.602,+2.062,
36.907,3400,3386.1,13.510,16.602,+2.062,
36.934,3400,3445.5,13.747,15.802,+1.262,
36.967,3400,3442.8,13.736,15.802,+1.262,
36.994,3400,3449.9,13.764,15.802,+1.262,
37.020,3400,3438.5,13.719,15.802,+1.262,
37.063,3400,3432.4,13.695,15.913,+1.373,
37.087,3400,3439.2,13.722,15.913,+1.373,
37.114,3400,3426.9,13.673,15.913,+1.373,
37.140,3400,3423.7,13.660,16.118,+1.578,
37.173,3400,3418.2,13.638,16.118,+1.578,
37.200,3400,3426.7,13.672,16.118,+1.578,
37.226,3400,3372.1,13.454,16.118,+1.578,
37.274,3400,3425.6,13.667,16.072,+1.532,
37.298,3400,3416.7,13.632,16.072,+1.532,
37.325,3400,3414.6,13.624,16.072,+1.532,
37.352,3400,3422.4,13.655,16.053,+1.513,
37.385,3400,3416.6,13.632,16.053,+1.513,
37.411,3400,3421.0,13.649,16.053,+1.513,
37.438,3400,3411.5,13.611,16.053,+1.513,
37.480,3400,3408.1,13.598,16.500,+1.960,
37.505,3400,3418.5,13.639,16.500,+1.960,
37.531,3400,3412.7,13.616,16.500,+1.960,
37.558,3400,3410.7,13.608,16.500,+1.960,
37.591,3400,3415.6,13.628,16.500,+1.960,
37.617,3400,3421.5,13.651,16.500,+1.960,
37.644,3400,3428.9,13.681,16.500,+1.960,
37.691,3400,3434.4,13.703,15.878,+1.338,
37.716,3400,3431.0,13.689,15.878,+1.338,
37.742,3400,3427.8,13.676,15.878,+1.338,
37.769,3400,3433.5,13.699,15.705,+1.165,
37.802,3400,3430.2,13.686,15.705,+1.165,
37.829,3400,3430.9,13.689,15.705,+1.165,
37.856,3400,3420.0,13.645,15.705,+1.165,
37.903,3400,3360.0,13.406,15.792,+1.252,
37.928,3400,3360.9,13.409,15.792,+1.252,
37.954,3400,3362.4,13.415,15.792,+1.252,
37.981,3400,3350.3,13.367,16.592,+2.052,
38.014,3400,3358.0,13.398,16.592,+2.052,
38.040,3400,3348.0,13.358,16.592,+2.052,
38.067,3400,3408.2,13.598,16.592,+2.052,
38.109,3400,3360.7,13.408,15.792,+1.252,
38.134,3400,3413.5,13.619,15.792,+1.252,shot:3419:26
38.159,3400,3415.8,13.628,15.792,+1.252,
38.185,3400,3420.5,13.647,15.792,+1.252,
38.230,3400,3411.7,13.612,15.792,+1.252,
38.257,3400,3402.2,13.574,15.792,+1.252,
38.283,3400,3405.5,13.587,15.792,+1.252,
38.331,3400,3402.8,13.577,15.792,+1.252,
38.355,3400,3400.9,13.569,15.792,+1.252,
38.382,3400,3389.3,13.523,15.792,+1.252,
38.408,3400,3393.4,13.539,15.792,+1.252,
38.441,3400,3385.2,13.506,15.792,+1.252,
38.468,3400,3392.4,13.535,15.792,+1.252,
38.494,3400,3385.3,13.507,15.792,+1.252,
38.542,3400,3383.7,13.500,15.792,+1.252,
38.571,3400,3378.6,13.480,15.792,+1.252,
38.598,3400,3374.4,13.463,15.792,+1.252,
38.640,3400,3382.5,13.496,16.592,+2.052,
38.667,3400,3382.4,13.495,16.592,+2.052,
38.693,3400,3323.8,13.262,16.592,+2.052,
38.720,3400,3330.1,13.286,16.537,+1.997,
38.753,3400,3389.9,13.525,16.537,+1.997,
38.777,3400,3398.8,13.561,16.537,+1.997,
38.804,3400,3397.7,13.556,16.537,+1.997,
38.846,3400,3352.0,13.374,15.737,+1.197,
38.873,3400,3358.9,13.401,15.737,+1.197,
38.899,3400,3356.4,13.391,15.737,+1.197,
38.926,3400,3409.1,13.602,15.737,+1.197,
38.964,3400,3360.0,13.406,15.737,+1.197,shot:3399:27
38.992,3400,3404.5,13.583,15.737,+1.197,
39.018,3400,3402.2,13.574,15.737,+1.197,
39.064,3400,3347.3,13.355,16.537,+1.997,
39.090,3400,3408.1,13.598,16.537,+1.997,
39.117,3400,3411.5,13.611,16.537,+1.997,
39.169,3400,3414.9,13.625,15.737,+1.197,
39.194,3400,3412.4,13.615,15.737,+1.197,
39.220,3400,3409.9,13.605,15.737,+1.197,
39.268,3400,3351.6,13.372,15.737,+1.197,
39.294,3400,3358.9,13.401,15.737,+1.197,
39.321,3400,3356.8,13.393,15.737,+1.197,
39.373,3400,3406.7,13.592,15.737,+1.197,
39.398,3400,3405.3,13.587,15.737,+1.197,
39.424,3400,3396.8,13.553,15.737,+1.197,
39.477,3400,3348.3,13.359,15.737,+1.197,
39.503,3400,3337.2,13.315,15.737,+1.197,
39.530,3400,3395.4,13.547,15.737,+1.197,
39.582,3400,3388.9,13.521,15.737,+1.197,
39.607,3400,3393.2,13.538,15.737,+1.197,
39.633,3400,3396.1,13.550,15.737,+1.197,
39.681,3400,3392.4,13.535,15.737,+1.197,
39.707,3400,3383.5,13.500,15.737,+1.197,
39.734,3400,3378.6,13.480,15.737,+1.197,
39.781,3400,3377.2,13.474,16.223,+1.683,
39.805,3400,3386.6,13.512,16.223,+1.683,
39.832,3400,3382.1,13.494,16.223,+1.683,
39.859,3400,3327.9,13.278,17.023,+2.483,
39.892,3400,3332.1,13.294,17.023,+2.483,
39.918,3400,3340.0,13.326,17.023,+2.483,
39.945,3400,3348.5,13.360,17.023,+2.483,
39.997,3400,3414.2,13.622,16.223,+1.683,
40.022,3400,3423.1,13.658,16.223,+1.683,
40.048,3400,3420.9,13.649,16.223,+1.683,
40.101,3400,3430.9,13.689,15.594,+1.054,
40.128,3400,3422.6,13.656,15.594,+1.054,
40.154,3400,3419.0,13.641,15.594,+1.054,
40.202,3400,3359.5,13.404,16.166,+1.626,
40.226,3400,3421.7,13.652,16.166,+1.626,
40.253,3400,3420.5,13.647,16.166,+1.626,
40.277,3400,3411.9,13.613,16.166,+1.626,
40.315,3400,3423.1,13.658,16.166,+1.626,
40.342,3400,3413.8,13.621,16.166,+1.626,
40.368,3400,3419.4,13.643,16.166,+1.626,
40.409,3400,3426.4,13.671,16.878,+2.338,
40.433,3400,3419.9,13.645,16.878,+2.338,
40.460,3400,3429.6,13.684,16.878,+2.338,
40.486,3400,3379.2,13.482,16.689,+2.149,
40.525,3400,3432.9,13.696,16.689,+2.149,
40.551,3400,3440.5,13.727,16.689,+2.149,
40.578,3400,3444.9,13.745,16.689,+2.149,
40.618,3400,3420.4,13.647,16.272,+1.732,
40.642,3400,3231.3,12.892,16.272,+1.732,
40.669,3400,2980.7,11.892,16.272,+1.732,
40.695,3400,2757.5,11.002,17.072,+2.532,shot:3390:55
40.734,3400,2664.2,10.630,17.072,+2.532,
40.760,3400,2702.1,10.781,17.072,+2.532,
40.787,3400,2737.7,10.923,17.072,+2.532,
40.827,3400,2793.8,11.147,17.872,+3.332,
40.851,3400,2829.1,11.288,17.872,+3.332,
40.878,3400,2865.9,11.434,17.872,+3.332,
40.904,3400,2859.0,11.407,17.072,+2.532,
40.938,3400,2953.9,11.786,17.072,+2.532,
40.964,3400,2990.0,11.929,17.072,+2.532,
40.991,3400,3018.2,12.042,17.072,+2.532,
41.038,3400,3064.3,12.226,16.272,+1.732,
41.063,3400,3084.0,12.305,16.272,+1.732,
41.089,3400,3103.7,12.383,16.272,+1.732,
41.116,3400,3072.9,12.260,16.256,+1.716,
41.149,3400,3139.4,12.526,16.256,+1.716,
41.175,3400,3150.3,12.569,16.256,+1.716,
41.202,3400,3115.7,12.431,16.256,+1.716,
41.249,3400,3134.9,12.508,15.793,+1.253,
41.274,3400,3193.5,12.741,15.793,+1.253,
41.300,3400,3204.5,12.785,15.793,+1.253,
41.327,3400,3205.7,12.790,14.993,+0.453,
41.355,3400,3213.4,12.821,14.993,+0.453,
41.381,3400,3164.9,12.627,14.993,+0.453,
41.408,3400,3211.8,12.815,14.993,+0.453,
41.455,3400,3213.8,12.823,15.223,+0.683,
41.480,3400,3165.7,12.630,15.223,+0.683,
41.506,3400,3210.6,12.810,15.223,+0.683,
41.533,3400,3218.9,12.843,15.464,+0.924,
41.571,3400,3213.6,12.822,15.464,+0.924,
41.598,3400,3168.3,12.641,15.464,+0.924,
41.624,3400,3216.9,12.835,15.464,+0.924,
41.665,3400,3225.1,12.868,15.855,+1.315,
41.689,3400,3170.7,12.650,15.855,+1.315,
41.716,3400,3228.5,12.881,15.855,+1.315,
41.742,3400,3233.5,12.901,15.871,+1.331,
41.775,3400,3187.8,12.719,15.871,+1.331,
41.802,3400,3239.9,12.927,15.871,+1.331,
41.828,3400,3251.1,12.971,15.871,+1.331,
41.881,3400,3256.3,12.992,16.671,+2.131,
41.905,3400,3211.5,12.813,16.671,+2.131,
41.932,3400,3268.5,13.041,16.671,+2.131,
41.979,3400,3283.1,13.099,16.504,+1.964,
42.006,3400,3299.5,13.164,16.504,+1.964,
42.032,3400,3305.3,13.188,16.504,+1.964,
42.080,3400,3316.6,13.233,15.704,+1.164,
42.105,3400,3266.2,13.031,15.704,+1.164,
42.131,3400,3327.0,13.274,15.704,+1.164,
42.158,3400,3320.9,13.250,15.684,+1.144,
42.191,3400,3268.9,13.042,15.684,+1.144,
42.218,3400,3321.4,13.252,15.684,+1.144,
42.244,3400,3327.5,13.276,15.684,+1.144,
42.291,3400,3324.9,13.266,15.799,+1.259,
42.316,3400,3314.1,13.223,15.799,+1.259,
42.343,3400,3319.7,13.245,15.799,+1.259,
42.369,3400,3321.6,13.253,15.980,+1.440,
42.402,3400,3323.1,13.259,15.980,+1.440,
42.429,3400,3316.1,13.231,15.980,+1.440,
42.455,3400,3268.1,13.039,15.980,+1.440,
42.475,3400,3318.1,13.239,16.214,+1.674,label:in
42.518,3400,3326.0,13.270,16.214,+1.674,
42.543,3400,3328.0,13.278,16.214,+1.674,
42.569,3400,3325.4,13.268,16.214,+1.674,
42.610,3400,3284.0,13.103,16.070,+1.530,
42.636,3400,3333.5,13.300,16.070,+1.530,
42.663,3400,3334.6,13.305,16.070,+1.530,
42.705,3400,3344.9,13.346,16.870,+2.330,
42.737,3400,3348.2,13.359,16.870,+2.330,
42.763,3400,3296.1,13.151,16.870,+2.330,
42.811,3400,3308.3,13.199,16.070,+1.530,
42.837,3400,3311.3,13.212,16.070,+1.530,
42.864,3400,3374.7,13.464,16.070,+1.530,
42.911,3400,3320.8,13.249,15.860,+1.320,
42.943,3400,3323.2,13.259,15.860,+1.320,
42.970,3400,3319.8,13.245,15.860,+1.320,
43.017,3400,3375.4,13.467,15.792,+1.252,
43.044,3400,3308.1,13.199,15.792,+1.252,
43.070,3400,3370.7,13.448,15.792,+1.252,
43.118,3400,3303.3,13.180,16.207,+1.667,
43.147,3400,3314.4,13.224,16.207,+1.667,
43.174,3400,3309.7,13.205,16.207,+1.667,
43.221,3400,3312.0,13.214,16.097,+1.557,
43.248,3400,3361.4,13.412,16.097,+1.557,
43.274,3400,3368.4,13.439,16.097,+1.557,
43.317,3400,3370.7,13.448,16.286,+1.746,
43.349,3400,3373.8,13.461,16.286,+1.746,
43.375,3400,3367.6,13.436,16.286,+1.746,
43.423,3400,3371.7,13.453,16.127,+1.587,
43.449,3400,3372.6,13.456,16.127,+1.587,
43.476,3400,3380.6,13.488,16.127,+1.587,
43.523,3400,3381.0,13.490,16.927,+2.387,
43.555,3400,3383.8,13.501,16.927,+2.387,
43.581,3400,3385.0,13.506,16.927,+2.387,
43.629,3400,3340.9,13.330,16.127,+1.587,
43.655,3400,3394.4,13.543,16.127,+1.587,
43.682,3400,3403.2,13.578,16.127,+1.587,
43.729,3400,3398.2,13.558,16.127,+1.587,
43.759,3400,3404.4,13.583,16.127,+1.587,
43.785,3400,3405.5,13.588,16.127,+1.587,
43.828,3400,3396.5,13.552,16.927,+2.387,
43.859,3400,3400.6,13.568,16.927,+2.387,
43.886,3400,3405.3,13.587,16.927,+2.387,
43.938,3400,3415.6,13.628,16.127,+1.587,
43.963,3400,3418.0,13.637,16.127,+1.587,
43.989,3400,3425.7,13.668,16.127,+1.587,
44.037,3400,3369.0,13.442,15.685,+1.145,
44.063,3400,3361.7,13.413,15.685,+1.145,
44.090,3400,3409.7,13.604,15.685,+1.145,
44.137,3400,3404.1,13.582,16.087,+1.547,
44.169,3400,3399.5,13.563,16.087,+1.547,
44.196,3400,3405.0,13.585,16.087,+1.547,
44.243,3400,3402.4,13.575,16.087,+1.547,
44.269,3400,3408.7,13.600,16.087,+1.547,
44.296,3400,3401.3,13.571,16.087,+1.547,
44.348,3400,3403.4,13.579,16.087,+1.547,
44.373,3400,3399.2,13.562,16.087,+1.547,
44.399,3400,3395.1,13.546,16.087,+1.547,
44.452,3400,3398.3,13.558,16.087,+1.547,
44.478,3400,3393.0,13.537,16.087,+1.547,
44.505,3400,3400.8,13.568,16.087,+1.547,
44.547,3400,3401.5,13.571,16.087,+1.547,
44.579,3400,3399.6,13.564,16.087,+1.547,
44.605,3400,3390.2,13.526,16.087,+1.547,
44.653,3400,3338.8,13.321,16.087,+1.547,
44.679,3400,3337.4,13.316,16.087,+1.547,
44.706,3400,3399.6,13.564,16.087,+1.547,
44.753,3400,3395.6,13.548,16.087,+1.547,
44.785,3400,3396.5,13.551,16.087,+1.547,
44.811,3400,3397.7,13.556,16.087,+1.547,
44.854,3400,3387.5,13.516,16.887,+2.347,
44.880,3400,3338.7,13.321,16.887,+2.347,
44.907,3400,3347.1,13.354,16.887,+2.347,
44.933,3400,3344.0,13.342,16.952,+2.412,
44.966,3400,3407.2,13.594,16.952,+2.412,
44.991,3400,3353.3,13.379,16.952,+2.412,
45.017,3400,3363.5,13.420,16.952,+2.412,shot:3399:26
45.063,3400,3427.0,13.673,16.152,+1.612,
45.090,3400,3424.5,13.663,16.152,+1.612,
45.116,3400,3420.4,13.647,16.152,+1.612,
45.164,3400,3419.4,13.643,16.037,+1.497,
45.195,3400,3416.6,13.632,16.037,+1.497,
45.222,3400,3419.7,13.644,16.037,+1.497,
45.269,3400,3419.8,13.644,16.508,+1.968,
45.296,3400,3422.5,13.655,16.508,+1.968,
45.322,3400,3418.6,13.640,16.508,+1.968,
45.364,3400,3359.1,13.402,15.992,+1.452,
45.396,3400,3416.7,13.632,15.992,+1.452,
45.422,3400,3417.3,13.634,15.992,+1.452,
45.470,3400,3416.2,13.630,16.792,+2.252,
45.496,3400,3419.6,13.644,16.792,+2.252,
45.523,3400,3416.8,13.632,16.792,+2.252,
45.570,3400,3368.6,13.440,15.992,+1.452,
45.602,3400,3428.0,13.677,15.992,+1.452,
45.628,3400,3420.1,13.646,15.992,+1.452,
45.676,3400,3417.1,13.634,15.923,+1.383,
45.702,3400,3420.7,13.648,15.923,+1.383,
45.729,3400,3423.3,13.659,15.923,+1.383,
45.776,3400,3418.2,13.638,16.424,+1.884,
45.808,3400,3416.2,13.630,16.424,+1.884,
45.834,3400,3417.4,13.635,16.424,+1.884,
45.882,3400,3416.4,13.631,16.424,+1.884,
45.908,3400,3410.8,13.608,16.424,+1.884,
45.935,3400,3413.0,13.617,16.424,+1.884,
45.982,3400,3413.0,13.617,16.424,+1.884,
46.014,3400,3414.4,13.623,16.424,+1.884,
46.041,3400,3422.7,13.656,16.424,+1.884,
46.088,3400,3421.0,13.649,16.424,+1.884,
46.115,3400,3427.5,13.675,16.424,+1.884,
46.141,3400,3423.6,13.660,16.424,+1.884,
46.189,3400,3426.6,13.672,16.991,+2.451,
46.220,3400,3433.2,13.698,16.991,+2.451,
46.247,3400,3432.2,13.694,16.991,+2.451,
46.294,3400,3440.1,13.725,16.476,+1.936,
46.321,3400,3444.0,13.741,16.476,+1.936,
46.347,3400,3395.9,13.549,16.476,+1.936,
46.395,3400,3453.1,13.777,15.676,+1.136,
46.426,3400,3397.3,13.555,15.676,+1.136,
46.453,3400,3451.4,13.770,15.676,+1.136,
46.500,3400,3447.0,13.753,16.476,+1.936,
46.527,3400,3439.5,13.723,16.476,+1.936,
46.553,3400,3439.1,13.722,16.476,+1.936,
46.601,3400,3442.1,13.733,15.676,+1.136,
46.633,3400,3386.0,13.509,15.676,+1.136,
46.659,3400,3384.7,13.504,15.676,+1.136,
46.707,3400,3435.8,13.708,16.476,+1.936,
46.733,3400,3444.4,13.743,16.476,+1.936,
46.760,3400,3442.7,13.736,16.476,+1.936,
46.807,3400,3447.7,13.756,15.676,+1.136,
46.839,3400,3448.1,13.757,15.676,+1.136,
46.865,3400,3441.6,13.731,15.676,+1.136,
46.918,3400,3442.4,13.735,15.540,+1.000,
46.944,3400,3435.5,13.707,15.540,+1.000,
46.971,3400,3422.9,13.657,15.540,+1.000,
47.018,3400,3420.4,13.647,15.870,+1.330,
47.043,3400,3421.7,13.652,15.870,+1.330,
47.070,3400,3423.0,13.657,15.870,+1.330,
47.096,3400,3410.7,13.608,16.406,+1.866,
47.134,3400,3415.7,13.628,16.406,+1.866,
47.161,3400,3416.4,13.631,16.406,+1.866,
47.187,3400,3413.8,13.621,16.406,+1.866,
47.223,3400,3423.5,13.659,16.406,+1.866,
47.247,3400,3419.2,13.642,16.406,+1.866,
47.274,3400,3427.3,13.674,16.406,+1.866,
47.300,3400,3433.2,13.698,15.676,+1.136,
47.338,3400,3371.1,13.450,15.676,+1.136,
47.365,3400,3379.0,13.482,15.676,+1.136,
47.391,3400,3371.1,13.450,15.676,+1.136,
47.437,3400,3416.1,13.630,15.898,+1.358,
47.461,3400,3419.5,13.643,15.898,+1.358,
47.488,3400,3420.3,13.646,15.898,+1.358,
47.535,3400,3359.6,13.404,16.300,+1.760,
47.562,3400,3352.6,13.376,16.300,+1.760,
47.588,3400,3348.1,13.358,16.300,+1.760,shot:3429:31
47.611,3400,3358.1,13.398,17.100,+2.560,
47.644,3400,3359.3,13.403,17.100,+2.560,
47.668,3400,3355.1,13.386,17.100,+2.560,
47.695,3400,3360.2,13.407,17.100,+2.560,
47.742,3400,3423.6,13.660,16.300,+1.760,
47.769,3400,3433.2,13.698,16.300,+1.760,
47.795,3400,3438.1,13.718,16.300,+1.760,
47.838,3400,3429.2,13.682,15.516,+0.976,
47.862,3400,3378.4,13.479,15.516,+0.976,
47.889,3400,3377.6,13.476,15.516,+0.976,
47.915,3400,3366.4,13.431,16.316,+1.776,
47.948,3400,3363.8,13.421,16.316,+1.776,
47.975,3400,3415.1,13.626,16.316,+1.776,
48.001,3400,3419.8,13.644,16.316,+1.776,
48.049,3400,3416.6,13.632,15.643,+1.103,
48.073,3400,3419.4,13.643,15.643,+1.103,
48.100,3400,3411.8,13.612,15.643,+1.103,
48.126,3400,3416.4,13.631,15.643,+1.103,
48.160,3400,3406.9,13.593,15.643,+1.103,
48.186,3400,3412.4,13.615,15.643,+1.103,
48.212,3400,3405.0,13.586,15.643,+1.103,
48.260,3400,3400.2,13.566,16.443,+1.903,
48.284,3400,3395.6,13.548,16.443,+1.903,
48.311,3400,3407.1,13.594,16.443,+1.903,
48.337,3400,3405.8,13.589,15.643,+1.103,
48.371,3400,3411.0,13.609,15.643,+1.103,
48.397,3400,3408.5,13.599,15.643,+1.103,
48.424,3400,3406.0,13.589,15.643,+1.103,
48.466,3400,3411.6,13.612,16.443,+1.903,
48.490,3400,3406.6,13.592,16.443,+1.903,
48.517,3400,3408.4,13.599,16.443,+1.903,
48.543,3400,3413.9,13.621,15.643,+1.103,
48.577,3400,3418.0,13.637,15.643,+1.103,
48.603,3400,3422.5,13.655,15.643,+1.103,
48.630,3400,3415.7,13.628,15.643,+1.103,
48.677,3400,3414.2,13.622,16.377,+1.837,
48.701,3400,3416.5,13.631,16.377,+1.837,
48.728,3400,3420.9,13.649,16.377,+1.837,
48.754,3400,3420.1,13.646,15.577,+1.037,
48.788,3400,3424.0,13.661,15.577,+1.037,
48.814,3400,3420.7,13.648,15.577,+1.037,
48.841,3400,3425.4,13.667,15.577,+1.037,
48.888,3400,3362.5,13.416,15.979,+1.439,
48.912,3400,3423.4,13.659,15.979,+1.439,
48.939,3400,3411.6,13.612,15.979,+1.439,
48.965,3400,3413.0,13.617,15.979,+1.439,
48.999,3400,3355.4,13.387,15.979,+1.439,
49.025,3400,3363.1,13.418,15.979,+1.439,
49.052,3400,3363.6,13.420,15.979,+1.439,
49.099,3400,3420.1,13.646,15.979,+1.439,
49.124,3400,3410.8,13.608,15.979,+1.439,
49.150,3400,3416.1,13.630,15.979,+1.439,
49.177,3400,3420.6,13.648,15.526,+0.986,
49.210,3400,3418.3,13.638,15.526,+0.986,
49.237,3400,3413.3,13.618,15.526,+0.986,
49.263,3400,3406.2,13.590,15.526,+0.986,
49.310,3400,3402.3,13.575,15.937,+1.397,
49.335,3400,3408.7,13.600,15.937,+1.397,
49.361,3400,3402.3,13.575,15.937,+1.397,
49.388,3400,3378.8,13.481,16.404,+1.864,
49.421,3400,3126.6,12.475,16.404,+1.864,shot:3415:34
49.444,3400,2942.8,11.741,16.404,+1.864,
49.470,3400,2770.9,11.055,16.404,+1.864,
49.517,3400,2755.7,10.995,17.204,+2.664,
49.542,3400,2742.6,10.942,17.204,+2.664,
49.568,3400,2773.8,11.067,17.204,+2.664,
49.595,3400,2805.5,11.194,16.810,+2.270,
49.633,3400,2897.1,11.559,16.810,+2.270,
49.660,3400,2928.8,11.685,16.810,+2.270,
49.686,3400,2956.4,11.795,16.810,+2.270,
49.726,3400,2996.4,11.955,16.010,+1.470,
49.751,3400,3014.8,12.029,16.010,+1.470,
49.777,3400,3037.2,12.118,16.010,+1.470,
49.804,3400,2999.6,11.968,16.187,+1.647,
49.837,3400,3067.8,12.240,16.187,+1.647,
49.864,3400,3083.6,12.303,16.187,+1.647,
49.890,3400,3096.2,12.353,16.187,+1.647,
49.937,3400,3122.5,12.458,15.387,+0.847,
49.962,3400,3082.2,12.298,15.387,+0.847,
49.988,3400,3090.3,12.330,15.387,+0.847,
50.015,3400,3097.1,12.357,16.187,+1.647,
50.048,3400,3104.1,12.385,16.187,+1.647,
50.075,3400,3107.5,12.398,16.187,+1.647,
50.101,3400,3172.0,12.656,16.187,+1.647,
50.154,3400,3189.1,12.724,15.387,+0.847,
50.178,3400,3194.6,12.746,15.387,+0.847,
50.205,3400,3148.8,12.563,15.387,+0.847,
50.257,3400,3204.4,12.785,15.274,+0.734,
50.284,3400,3213.9,12.823,15.274,+0.734,
50.310,3400,3208.2,12.800,15.274,+0.734,
50.358,3400,3160.2,12.609,16.074,+1.534,
50.382,3400,3221.0,12.851,16.074,+1.534,
50.409,3400,3220.6,12.850,16.074,+1.534,
50.435,3400,3174.9,12.667,16.243,+1.703,
50.468,3400,3235.2,12.908,16.243,+1.703,
50.495,3400,3247.1,12.955,16.243,+1.703,
50.521,3400,3195.3,12.749,16.243,+1.703,
50.569,3400,3257.0,12.995,15.443,+0.903,
50.593,3400,3214.7,12.826,15.443,+0.903,
50.620,3400,3264.8,13.026,15.443,+0.903,
50.646,3400,3215.5,12.829,16.243,+1.703,
50.679,3400,3268.6,13.041,16.243,+1.703,
50.706,3400,3222.8,12.858,16.243,+1.703,
50.732,3400,3272.4,13.056,16.243,+1.703,
50.775,3400,3281.5,13.093,15.443,+0.903,
50.799,3400,3283.3,13.100,15.443,+0.903,
50.826,3400,3282.5,13.096,15.443,+0.903,
50.852,3400,3289.6,13.125,15.419,+0.879,
50.890,3400,3228.1,12.879,15.419,+0.879,
50.917,3400,3288.4,13.120,15.419,+0.879,
50.943,3400,3226.6,12.874,15.419,+0.879,
50.984,3400,3281.9,13.094,15.923,+1.383,
51.008,3400,3226.0,12.871,15.923,+1.383,
51.035,3400,3280.1,13.087,15.923,+1.383,
51.061,3400,3286.6,13.113,15.952,+1.412,
51.095,3400,3288.6,13.121,15.952,+1.412,
51.121,3400,3289.6,13.125,15.952,+1.412,
51.148,3400,3288.9,13.122,15.952,+1.412,
51.195,3400,3294.6,13.145,16.075,+1.535,
51.220,3400,3303.9,13.182,16.075,+1.535,
51.246,3400,3297.5,13.156,16.075,+1.535,
51.273,3400,3305.2,13.187,15.986,+1.446,
51.306,3400,3254.9,12.986,15.986,+1.446,
51.333,3400,3315.3,13.228,15.986,+1.446,
51.352,3400,3262.2,13.015,15.986,+1.446,label:in
51.374,3400,3313.0,13.218,16.006,+1.466,
51.408,3400,3316.4,13.232,16.006,+1.466,
51.432,3400,3321.0,13.250,16.006,+1.466,
51.459,3400,3270.5,13.049,16.006,+1.466,
51.506,3400,3325.4,13.268,15.855,+1.315,
51.533,3400,3321.4,13.252,15.855,+1.315,
51.559,3400,3329.2,13.283,15.855,+1.315,
51.607,3400,3278.7,13.082,16.061,+1.521,
51.631,3400,3274.2,13.063,16.061,+1.521,
51.658,3400,3329.4,13.284,16.061,+1.521,
51.684,3400,3335.8,13.309,15.972,+1.432,
51.718,3400,3281.6,13.093,15.972,+1.432,
51.744,3400,3333.6,13.300,15.972,+1.432,
51.771,3400,3332.4,13.296,15.972,+1.432,
51.818,3400,3331.8,13.293,16.772,+2.232,
51.843,3400,3343.0,13.338,16.772,+2.232,
51.869,3400,3340.4,13.327,16.772,+2.232,
51.896,3400,3346.7,13.353,15.972,+1.432,
51.929,3400,3352.0,13.374,15.972,+1.432,
51.955,3400,3359.0,13.402,15.972,+1.432,
51.982,3400,3307.2,13.195,15.972,+1.432,
52.029,3400,3308.1,13.199,15.715,+1.175,
52.054,3400,3302.4,13.176,15.715,+1.175,
52.080,3400,3365.1,13.426,15.715,+1.175,
52.107,3400,3357.4,13.395,15.917,+1.377,
52.140,3400,3361.9,13.413,15.917,+1.377,
52.167,3400,3295.7,13.149,15.917,+1.377,
52.193,3400,3304.1,13.183,15.917,+1.377,
52.241,3400,3304.2,13.183,16.183,+1.643,
52.265,3400,3303.7,13.181,16.183,+1.643,
52.292,3400,3353.0,13.378,16.183,+1.643,
52.319,3400,3361.8,13.413,16.006,+1.466,
52.352,3400,3360.3,13.407,16.006,+1.466,
52.378,3400,3313.2,13.219,16.006,+1.466,
52.405,3400,3362.2,13.415,16.006,+1.466,
52.452,3400,3309.6,13.205,15.963,+1.423,
52.477,3400,3366.8,13.433,15.963,+1.423,
52.503,3400,3368.2,13.438,15.963,+1.423,
52.530,3400,3361.2,13.411,16.161,+1.621,
52.558,3400,3304.9,13.186,16.161,+1.621,
52.584,3400,3371.0,13.450,16.161,+1.621,
52.611,3400,3365.4,13.427,16.161,+1.621,
52.658,3400,3367.8,13.437,16.028,+1.488,
52.683,3400,3366.9,13.433,16.028,+1.488,
52.710,3400,3373.2,13.459,16.028,+1.488,
52.736,3400,3370.3,13.447,16.097,+1.557,
52.774,3400,3373.1,13.458,16.097,+1.557,
52.801,3400,3374.4,13.463,16.097,+1.557,
52.827,3400,3311.8,13.213,16.097,+1.557,
52.868,3400,3321.4,13.252,16.175,+1.635,
52.892,3400,3315.9,13.230,16.175,+1.635,
52.919,3400,3372.1,13.454,16.175,+1.635,
52.945,3400,3379.9,13.485,16.008,+1.468,
52.978,3400,3377.9,13.477,16.008,+1.468,
53.005,3400,3381.8,13.493,16.008,+1.468,
53.031,3400,3375.2,13.466,16.008,+1.468,
53.084,3400,3383.8,13.501,16.055,+1.515,
53.109,3400,3374.5,13.464,16.055,+1.515,
53.135,3400,3382.4,13.495,16.055,+1.515,
53.183,3400,3381.1,13.490,16.202,+1.662,
53.209,3400,3382.0,13.494,16.202,+1.662,
53.236,3400,3378.3,13.479,16.202,+1.662,
53.283,3400,3377.1,13.474,15.696,+1.156,
53.308,3400,3387.3,13.515,15.696,+1.156,
53.334,3400,3384.5,13.503,15.696,+1.156,
53.361,3400,3374.8,13.465,16.251,+1.711,
53.389,3400,3322.8,13.257,16.251,+1.711,
53.415,3400,3381.6,13.492,16.251,+1.711,
53.442,3400,3378.2,13.478,16.251,+1.711,
53.489,3400,3382.1,13.494,15.747,+1.207,
53.514,3400,3380.3,13.487,15.747,+1.207,
53.540,3400,3385.7,13.508,15.747,+1.207,
53.567,3400,3377.9,13.477,16.233,+1.693,
53.600,3400,3383.0,13.498,16.233,+1.693,
53.626,3400,3318.1,13.239,16.233,+1.693,
53.653,3400,3324.2,13.263,16.233,+1.693,
53.700,3400,3379.4,13.483,16.361,+1.821,
53.725,3400,3328.7,13.281,16.361,+1.821,
53.751,3400,3327.6,13.277,16.361,+1.821,
53.778,3400,3388.3,13.519,15.843,+1.303,
53.811,3400,3389.5,13.523,15.843,+1.303,
53.837,3400,3393.3,13.538,15.843,+1.303,
53.864,3400,3388.2,13.518,15.843,+1.303,
53.916,3400,3337.4,13.316,15.843,+1.303,
53.941,3400,3327.5,13.276,15.843,+1.303,
53.967,3400,3386.7,13.512,15.843,+1.303,
54.010,3400,3386.6,13.512,16.338,+1.798,
54.036,3400,3382.6,13.496,16.338,+1.798,
54.063,3400,3378.8,13.481,16.338,+1.798,
54.089,3400,3386.4,13.511,15.888,+1.348,
54.123,3400,3385.1,13.506,15.888,+1.348,
54.147,3400,3389.2,13.522,15.888,+1.348,
54.174,3400,3328.4,13.280,15.888,+1.348,
54.226,3400,3385.8,13.509,15.888,+1.348,
54.253,3400,3378.4,13.479,15.888,+1.348,
54.279,3400,3381.8,13.493,15.888,+1.348,
54.327,3400,3381.0,13.490,16.688,+2.148,
54.351,3400,3383.2,13.499,16.688,+2.148,
54.378,3400,3378.5,13.480,16.688,+2.148,
54.404,3400,3383.7,13.500,15.888,+1.348,
54.438,3400,3386.5,13.511,15.888,+1.348,
54.464,3400,3392.2,13.534,15.888,+1.348,
54.491,3400,3334.2,13.303,15.888,+1.348,
54.538,3400,3392.3,13.535,15.888,+1.348,
54.562,3400,3382.2,13.495,15.888,+1.348,
54.589,3400,3392.1,13.534,15.888,+1.348,
54.615,3400,3328.8,13.281,16.688,+2.148,
54.649,3400,3386.9,13.513,16.688,+2.148,
54.675,3400,3380.0,13.486,16.688,+2.148,
54.702,3400,3386.2,13.510,16.688,+2.148,
54.744,3400,3397.3,13.554,15.888,+1.348,
54.769,3400,3390.9,13.529,15.888,+1.348,
54.795,3400,3393.3,13.539,15.888,+1.348,
54.822,3400,3398.5,13.560,15.888,+1.348,
54.855,3400,3395.6,13.548,15.888,+1.348,
54.881,3400,3334.0,13.302,15.888,+1.348,
54.908,3400,3381.5,13.492,15.888,+1.348,
54.950,3400,3331.9,13.294,15.888,+1.348,
54.975,3400,3382.0,13.493,15.888,+1.348,
55.001,3400,3376.4,13.471,15.888,+1.348,
55.028,3400,3384.3,13.503,15.888,+1.348,
55.061,3400,3379.2,13.483,15.888,+1.348,
55.087,3400,3383.6,13.500,15.888,+1.348,
55.114,3400,3318.4,13.240,15.888,+1.348,
55.161,3400,3374.4,13.463,16.361,+1.821,
55.186,3400,3375.8,13.469,16.361,+1.821,
55.212,3400,3326.3,13.272,16.361,+1.821,
55.239,3400,3323.0,13.258,17.161,+2.621,
55.267,3400,3376.2,13.471,17.161,+2.621,
55.294,3400,3385.1,13.506,17.161,+2.621,
55.320,3400,3394.7,13.544,17.161,+2.621,
55.367,3400,3405.5,13.588,16.862,+2.322,
55.392,3400,3404.8,13.585,16.862,+2.322,
55.418,3400,3414.6,13.624,16.862,+2.322,
55.445,3400,3421.8,13.652,16.062,+1.522,
55.483,3400,3366.4,13.431,16.062,+1.522,
55.510,3400,3430.6,13.687,16.062,+1.522,
55.536,3400,3372.9,13.457,16.062,+1.522,
55.577,3400,3423.7,13.660,15.918,+1.378,
55.601,3400,3434.2,13.702,15.918,+1.378,
55.628,3400,3423.6,13.660,15.918,+1.378,
55.654,3400,3419.3,13.643,16.445,+1.905,
55.692,3400,3372.2,13.455,16.445,+1.905,
55.719,3400,3417.1,13.634,16.445,+1.905,
55.745,3400,3426.4,13.671,16.445,+1.905,
55.786,3400,3375.2,13.467,15.811,+1.271,
55.810,3400,3422.2,13.654,15.811,+1.271,
55.837,3400,3425.0,13.665,15.811,+1.271,
55.863,3400,3428.9,13.681,15.752,+1.212,
55.896,3400,3424.4,13.663,15.752,+1.212,
55.923,3400,3420.9,13.649,15.752,+1.212,
55.949,3400,3356.6,13.392,15.752,+1.212,
55.997,3400,3404.0,13.581,16.330,+1.790,
56.021,3400,3410.9,13.609,16.330,+1.790,
56.048,3400,3409.7,13.604,16.330,+1.790,
56.074,3400,3403.7,13.580,16.330,+1.790,
56.108,3400,3408.7,13.600,16.330,+1.790,
56.134,3400,3406.0,13.589,16.330,+1.790,
56.161,3400,3413.3,13.618,16.330,+1.790,
56.208,3400,3417.3,13.634,16.330,+1.790,
56.233,3400,3361.7,13.413,16.330,+1.790,
56.259,3400,3356.7,13.392,16.330,+1.790,
56.286,3400,3363.9,13.421,17.123,+2.583,
56.319,3400,3360.3,13.407,17.123,+2.583,
56.345,3400,3371.6,13.452,17.123,+2.583,
56.372,3400,3373.6,13.460,17.123,+2.583,shot:3414:27
56.417,3400,3439.4,13.723,16.402,+1.862,
56.442,3400,3442.0,13.733,16.402,+1.862,
56.468,3400,3394.1,13.542,16.402,+1.862,
56.495,3400,3395.3,13.546,16.402,+1.862,
56.528,3400,3455.9,13.789,16.402,+1.862,
56.554,3400,3451.5,13.771,16.402,+1.862,
56.581,3400,3451.1,13.769,16.402,+1.862,
56.629,3400,3396.3,13.551,15.602,+1.062,
56.653,3400,3459.3,13.802,15.602,+1.062,
56.680,3400,3454.8,13.784,15.602,+1.062,
56.706,3400,3443.4,13.739,15.756,+1.216,
56.739,3400,3438.6,13.719,15.756,+1.216,
56.766,3400,3436.6,13.711,15.756,+1.216,
56.792,3400,3441.5,13.731,15.756,+1.216,
56.834,3400,3427.6,13.675,15.994,+1.454,
56.859,3400,3422.0,13.653,15.994,+1.454,
56.885,3400,3429.8,13.684,15.994,+1.454,
56.912,3400,3420.4,13.647,16.118,+1.578,
56.945,3400,3425.9,13.669,16.118,+1.578,
56.971,3400,3413.9,13.621,16.118,+1.578,
56.998,3400,3413.4,13.619,16.118,+1.578,
57.045,3400,3357.3,13.395,16.526,+1.986,
57.070,3400,3419.8,13.644,16.526,+1.986,
57.097,3400,3423.0,13.657,16.526,+1.986,
57.123,3400,3419.9,13.645,16.526,+1.986,
57.161,3400,3431.0,13.689,16.526,+1.986,
57.188,3400,3432.6,13.695,16.526,+1.986,
57.214,3400,3431.6,13.692,16.526,+1.986,
57.255,3400,3441.5,13.731,15.726,+1.186,
57.279,3400,3441.3,13.730,15.726,+1.186,
57.304,3400,3443.9,13.741,15.726,+1.186,
57.330,3400,3445.4,13.747,15.488,+0.948,
57.363,3400,3444.2,13.742,15.488,+0.948,
57.390,3400,3434.7,13.704,15.488,+0.948,
57.416,3400,3424.5,13.663,15.488,+0.948,
57.469,3400,3426.8,13.672,15.794,+1.254,
57.493,3400,3413.1,13.618,15.794,+1.254,
57.520,3400,3418.3,13.638,15.794,+1.254,
57.567,3400,3413.6,13.620,16.341,+1.801,
57.594,3400,3412.8,13.616,16.341,+1.801,
57.620,3400,3410.1,13.606,16.341,+1.801,
57.668,3400,3419.9,13.645,16.341,+1.801,
57.692,3400,3414.9,13.625,16.341,+1.801,
57.719,3400,3425.0,13.665,16.341,+1.801,
57.745,3400,3430.2,13.686,15.676,+1.136,
57.778,3400,3432.6,13.695,15.676,+1.136,
57.805,3400,3427.3,13.674,15.676,+1.136,
57.831,3400,3425.0,13.665,15.676,+1.136,
57.879,3400,3423.3,13.658,15.728,+1.188,
57.903,3400,3374.7,13.464,15.728,+1.188,
57.930,3400,3361.8,13.413,15.728,+1.188,
57.957,3400,3359.5,13.404,16.528,+1.988,
57.990,3400,3357.8,13.397,16.528,+1.988,shot:3431:26
58.014,3400,3365.1,13.426,16.528,+1.988,
58.041,3400,3369.3,13.443,16.528,+1.988,
58.088,3400,3428.8,13.680,15.728,+1.188,
58.113,3400,3421.8,13.652,15.728,+1.188,
58.139,3400,3425.8,13.668,15.728,+1.188,
58.166,3400,3430.1,13.685,15.537,+0.997,
58.199,3400,3427.1,13.674,15.537,+0.997,
58.226,3400,3418.5,13.639,15.537,+0.997,
58.252,3400,3411.1,13.610,15.537,+0.997,
58.295,3400,3401.2,13.570,16.138,+1.598,
58.319,3400,3179.1,12.684,16.138,+1.598,
58.346,3400,3005.3,11.991,16.138,+1.598,
58.372,3400,2768.8,11.047,16.938,+2.398,
58.405,3400,2665.0,10.633,16.938,+2.398,
58.432,3400,2736.5,10.918,16.938,+2.398,
58.458,3400,2769.7,11.051,16.938,+2.398,
58.511,3400,2833.9,11.307,17.591,+3.051,
58.535,3400,2862.9,11.423,17.591,+3.051,
58.562,3400,2900.4,11.572,17.591,+3.051,
58.610,3400,2957.5,11.800,16.791,+2.251,
58.636,3400,2990.1,11.930,16.791,+2.251,
58.663,3400,2968.2,11.843,16.791,+2.251,
58.715,3400,3064.1,12.225,16.373,+1.833,
58.739,3400,3083.1,12.301,16.373,+1.833,
58.766,3400,3099.5,12.367,16.373,+1.833,
58.818,3400,3127.0,12.476,15.573,+1.033,shot:3382:460
58.841,3400,3139.4,12.526,15.573,+1.033,
58.867,3400,3146.4,12.554,15.573,+1.033,
58.915,3400,3159.9,12.608,15.256,+0.716,
58.939,3400,3161.1,12.612,15.256,+0.716,
58.966,3400,3165.3,12.629,15.256,+0.716,
58.992,3400,3119.0,12.444,16.056,+1.516,
59.026,3400,3172.1,12.656,16.056,+1.516,
59.052,3400,3122.3,12.457,16.056,+1.516,
59.079,3400,3184.4,12.705,16.056,+1.516,
59.131,3400,3196.0,12.751,15.256,+0.716,
59.156,3400,3199.3,12.765,15.256,+0.716,
59.182,3400,3152.3,12.577,15.256,+0.716,
59.230,3400,3208.6,12.802,15.353,+0.813,
59.256,3400,3208.8,12.802,15.353,+0.813,
59.283,3400,3206.7,12.794,15.353,+0.813,
59.331,3400,3210.0,12.807,16.153,+1.613,
59.356,3400,3217.1,12.836,16.153,+1.613,
59.382,3400,3166.4,12.633,16.153,+1.613,
59.409,3400,3229.4,12.885,15.353,+0.813,
59.447,3400,3233.3,12.900,15.353,+0.813,
59.474,3400,3243.2,12.940,15.353,+0.813,
59.500,3400,3236.5,12.913,15.353,+0.813,
59.540,3400,3248.1,12.959,15.491,+0.951,
59.565,3400,3238.6,12.921,15.491,+0.951,
59.591,3400,3243.2,12.940,15.491,+0.951,
59.618,3400,3194.6,12.746,16.291,+1.751,
59.651,3400,3248.5,12.961,16.291,+1.751,
59.678,3400,3245.6,12.949,16.291,+1.751,
59.704,3400,3254.2,12.984,16.291,+1.751,
59.752,3400,3264.8,13.026,15.491,+0.951,
59.776,3400,3264.3,13.024,15.491,+0.951,
59.803,3400,3269.1,13.043,15.491,+0.951,
59.829,3400,3274.8,13.066,15.353,+0.813,
59.868,3400,3270.7,13.050,15.353,+0.813,
59.894,3400,3273.8,13.062,15.353,+0.813,
59.921,3400,3262.1,13.015,15.353,+0.813,
59.960,3400,3272.0,13.055,16.153,+1.613,label:in
59.982,3400,3267.0,13.035,16.153,+1.613,
60.009,3400,3273.1,13.059,16.153,+1.613,
60.035,3400,3272.5,13.057,15.353,+0.813,
60.064,3400,3275.2,13.068,15.353,+0.813,
60.090,3400,3230.0,12.887,15.353,+0.813,
60.117,3400,3276.4,13.072,15.353,+0.813,
60.164,3400,3272.6,13.057,16.153,+1.613,
60.189,3400,3230.0,12.887,16.153,+1.613,
60.215,3400,3281.1,13.091,16.153,+1.613,
60.242,3400,3227.6,12.877,16.503,+1.963,
60.270,3400,3289.0,13.123,16.503,+1.963,
60.297,3400,3292.2,13.135,16.503,+1.963,
60.323,3400,3295.6,13.149,16.503,+1.963,
60.371,3400,3307.5,13.196,16.381,+1.841,
60.395,3400,3263.4,13.020,16.381,+1.841,
60.422,3400,3318.2,13.239,16.381,+1.841,
60.448,3400,3324.5,13.264,15.581,+1.041,
60.487,3400,3330.7,13.289,15.581,+1.041,
60.513,3400,3331.5,13.292,15.581,+1.041,
60.540,3400,3334.9,13.305,15.581,+1.041,
60.580,3400,3324.4,13.264,16.381,+1.841,
60.605,3400,3332.9,13.298,16.381,+1.841,
60.631,3400,3279.1,13.083,16.381,+1.841,
60.658,3400,3328.7,13.281,15.581,+1.041,
60.691,3400,3334.0,13.302,15.581,+1.041,
60.717,3400,3284.8,13.106,15.581,+1.041,
60.744,3400,3341.2,13.331,15.581,+1.041,
60.796,3400,3340.3,13.327,15.446,+0.906,
60.821,3400,3330.8,13.289,15.446,+0.906,
60.848,3400,3324.9,13.266,15.446,+0.906,
60.895,3400,3322.6,13.257,15.980,+1.440,
60.922,3400,3276.4,13.072,15.980,+1.440,
60.948,3400,3326.3,13.271,15.980,+1.440,
60.996,3400,3328.4,13.280,15.929,+1.389,
61.020,3400,3328.5,13.280,15.929,+1.389,
61.047,3400,3280.8,13.090,15.929,+1.389,
61.073,3400,3329.4,13.284,16.117,+1.577,
61.107,3400,3333.3,13.299,16.117,+1.577,
61.133,3400,3276.2,13.071,16.117,+1.577,
61.160,3400,3338.8,13.321,16.117,+1.577,
61.207,3400,3341.7,13.333,16.146,+1.606,
61.232,3400,3335.9,13.309,16.146,+1.606,
61.258,3400,3339.5,13.324,16.146,+1.606,
61.285,3400,3293.3,13.140,16.946,+2.406,
61.318,3400,3348.3,13.359,16.946,+2.406,
61.344,3400,3348.9,13.361,16.946,+2.406,
61.371,3400,3349.2,13.363,16.946,+2.406,
61.419,3400,3362.8,13.417,16.947,+2.407,
61.443,3400,3371.7,13.452,16.947,+2.407,
61.470,3400,3378.1,13.478,16.947,+2.407,
61.496,3400,3379.6,13.484,16.147,+1.607,
61.529,3400,3332.5,13.296,16.147,+1.607,
61.556,3400,3338.8,13.321,16.147,+1.607,
61.583,3400,3344.9,13.346,16.147,+1.607,
61.635,3400,3396.3,13.551,15.740,+1.200,
61.660,3400,3396.9,13.553,15.740,+1.200,
61.686,3400,3387.5,13.516,15.740,+1.200,
61.734,3400,3384.5,13.504,15.740,+1.200,
61.760,3400,3389.1,13.522,15.740,+1.200,
61.787,3400,3389.7,13.524,15.740,+1.200,
61.834,3400,3387.3,13.515,15.740,+1.200,
61.859,3400,3372.7,13.456,15.740,+1.200,
61.885,3400,3377.3,13.475,15.740,+1.200,
61.912,3400,3379.1,13.482,16.199,+1.659,
61.945,3400,3375.7,13.468,16.199,+1.659,
61.972,3400,3317.5,13.236,16.199,+1.659,
61.998,3400,3367.9,13.437,16.199,+1.659,
62.046,3400,3315.8,13.230,16.447,+1.907,
62.070,3400,3377.8,13.477,16.447,+1.907,
62.097,3400,3324.4,13.264,16.447,+1.907,
62.123,3400,3378.1,13.478,16.324,+1.784,
62.157,3400,3382.3,13.495,16.324,+1.784,
62.183,3400,3387.8,13.517,16.324,+1.784,
62.210,3400,3391.7,13.532,16.324,+1.784,
62.257,3400,3397.0,13.553,15.886,+1.346,
62.282,3400,3388.3,13.519,15.886,+1.346,
62.308,3400,3390.3,13.527,15.886,+1.346,
62.335,3400,3395.7,13.548,15.886,+1.346,
62.368,3400,3391.5,13.532,15.886,+1.346,
62.394,3400,3388.7,13.520,15.886,+1.346,
62.421,3400,3379.9,13.485,15.886,+1.346,
62.473,3400,3385.0,13.506,15.886,+1.346,
62.498,3400,3375.9,13.469,15.886,+1.346,
62.524,3400,3384.8,13.505,15.886,+1.346,
62.572,3400,3381.7,13.492,16.468,+1.928,
62.598,3400,3381.1,13.490,16.468,+1.928,
62.625,3400,3374.8,13.465,16.468,+1.928,
62.667,3400,3383.1,13.498,17.268,+2.728,
62.692,3400,3390.6,13.528,17.268,+2.728,
62.718,3400,3392.8,13.537,17.268,+2.728,
62.745,3400,3401.1,13.570,16.468,+1.928,
62.773,3400,3357.5,13.396,16.468,+1.928,
62.799,3400,3361.7,13.412,16.468,+1.928,
62.826,3400,3415.5,13.627,16.468,+1.928,
62.868,3400,3371.1,13.450,15.976,+1.436,
62.893,3400,3427.2,13.674,15.976,+1.436,
62.919,3400,3419.3,13.642,15.976,+1.436,
62.946,3400,3425.0,13.665,15.873,+1.333,
62.984,3400,3418.4,13.639,15.873,+1.333,
63.010,3400,3416.6,13.632,15.873,+1.333,
63.037,3400,3420.4,13.647,15.873,+1.333,
63.082,3400,3361.2,13.411,16.673,+2.133,
63.107,3400,3355.4,13.387,16.673,+2.133,
63.134,3400,3358.7,13.400,16.673,+2.133,
63.186,3400,3368.5,13.440,15.932,+1.392,
63.213,3400,3419.6,13.643,15.932,+1.392,
63.239,3400,3370.2,13.446,15.932,+1.392,
63.287,3400,3425.8,13.668,15.932,+1.392,
63.311,3400,3423.0,13.657,15.932,+1.392,
63.338,3400,3414.5,13.623,15.932,+1.392,
63.364,3400,3420.9,13.649,15.472,+0.932,
63.397,3400,3410.7,13.608,15.472,+0.932,
63.424,3400,3418.5,13.639,15.472,+0.932,
63.451,3400,3411.3,13.610,15.472,+0.932,
63.498,3400,3402.6,13.576,16.272,+1.732,
63.522,3400,3397.0,13.554,16.272,+1.732,
63.549,3400,3404.9,13.585,16.272,+1.732,
63.575,3400,3401.0,13.569,15.472,+0.932,
63.609,3400,3406.1,13.590,15.472,+0.932,
63.635,3400,3397.9,13.557,15.472,+0.932,
63.662,3400,3392.6,13.536,15.472,+0.932,
63.714,3400,3387.4,13.515,16.272,+1.732,
63.739,3400,3389.3,13.523,16.272,+1.732,
63.765,3400,3392.8,13.537,16.272,+1.732,
63.813,3400,3338.4,13.319,15.472,+0.932,
63.839,3400,3385.3,13.507,15.472,+0.932,
63.866,3400,3380.7,13.488,15.472,+0.932,
63.908,3400,3385.9,13.509,15.925,+1.385,
63.932,3400,3375.8,13.469,15.925,+1.385,
63.959,3400,3370.8,13.449,15.925,+1.385,
63.985,3400,3380.0,13.486,15.513,+0.973,
64.019,3400,3320.7,13.249,15.513,+0.973,
64.045,3400,3373.8,13.461,15.513,+0.973,
64.072,3400,3362.6,13.416,15.513,+0.973,shot:3406:31
64.094,3400,3369.8,13.445,16.178,+1.638,
64.127,3400,3366.9,13.433,16.178,+1.638,
64.152,3400,3359.1,13.402,16.178,+1.638,
64.178,3400,3303.9,13.182,16.178,+1.638,
64.226,3400,3302.7,13.177,16.551,+2.011,
64.252,3400,3311.9,13.214,16.551,+2.011,
64.279,3400,3368.4,13.440,16.551,+2.011,
64.326,3400,3373.3,13.459,16.229,+1.689,
64.351,3400,3375.6,13.468,16.229,+1.689,
64.377,3400,3382.0,13.494,16.229,+1.689,
64.404,3400,3378.6,13.480,16.185,+1.645,
64.437,3400,3385.0,13.505,16.185,+1.645,
64.463,3400,3379.4,13.483,16.185,+1.645,
64.490,3400,3329.6,13.284,16.185,+1.645,
64.532,3400,3334.0,13.302,15.757,+1.217,
64.557,3400,3325.5,13.268,15.757,+1.217,
64.583,3400,3387.5,13.516,15.757,+1.217,
64.610,3400,3382.9,13.497,15.757,+1.217,
64.643,3400,3385.7,13.508,15.757,+1.217,
64.669,3400,3371.4,13.451,15.757,+1.217,
64.696,3400,3369.3,13.443,15.757,+1.217,
64.738,3400,3322.0,13.254,16.459,+1.919,
64.763,3400,3313.1,13.219,16.459,+1.919,
64.789,3400,3370.5,13.448,16.459,+1.919,
64.816,3400,3377.9,13.477,16.307,+1.767,
64.849,3400,3377.0,13.473,16.307,+1.767,
64.875,3400,3383.0,13.498,16.307,+1.767,
64.902,3400,3323.2,13.259,16.307,+1.767,
64.949,3400,3381.8,13.493,15.865,+1.325,
64.974,3400,3386.4,13.511,15.865,+1.325,
65.000,3400,3326.4,13.272,15.865,+1.325,
65.027,3400,3323.2,13.259,16.665,+2.125,
65.060,3400,3378.5,13.480,16.665,+2.125,
65.087,3400,3384.5,13.503,16.665,+2.125,
65.113,3400,3390.1,13.526,16.665,+2.125,
65.156,3400,3392.4,13.535,15.865,+1.325,
65.180,3400,3392.8,13.537,15.865,+1.325,
65.207,3400,3397.5,13.555,15.865,+1.325,
65.233,3400,3393.1,13.538,15.865,+1.325,
65.271,3400,3396.2,13.550,15.865,+1.325,
65.298,3400,3390.4,13.527,15.865,+1.325,
65.324,3400,3381.5,13.491,15.865,+1.325,
65.359,3400,3328.5,13.280,15.865,+1.325,
65.384,3400,3326.2,13.271,15.865,+1.325,
65.410,3400,3388.7,13.520,15.865,+1.325,
65.437,3400,3376.0,13.470,16.393,+1.853,
65.470,3400,3382.0,13.494,16.393,+1.853,
65.497,3400,3376.3,13.471,16.393,+1.853,
65.523,3400,3380.6,13.488,16.393,+1.853,
65.571,3400,3383.7,13.500,17.193,+2.653,
65.595,3400,3392.2,13.534,17.193,+2.653,
65.622,3400,3394.0,13.541,17.193,+2.653,
65.648,3400,3403.0,13.577,16.393,+1.853,
65.682,3400,3409.3,13.603,16.393,+1.853,
65.708,3400,3419.3,13.642,16.393,+1.853,
65.735,3400,3424.5,13.663,16.393,+1.853,
65.787,3400,3426.8,13.672,15.839,+1.299,
65.812,3400,3431.5,13.691,15.839,+1.299,
65.838,3400,3425.5,13.667,15.839,+1.299,
65.885,3400,3422.8,13.656,15.689,+1.149,
65.912,3400,3428.7,13.680,15.689,+1.149,
65.938,3400,3427.8,13.676,15.689,+1.149,
65.986,3400,3423.8,13.660,15.729,+1.189,
66.010,3400,3414.4,13.623,15.729,+1.189,
66.037,3400,3413.8,13.620,15.729,+1.189,
66.063,3400,3419.1,13.642,16.233,+1.693,
66.102,3400,3407.0,13.593,16.233,+1.693,
66.128,3400,3413.1,13.618,16.233,+1.693,
66.155,3400,3415.2,13.626,16.233,+1.693,
66.195,3400,3412.3,13.614,17.033,+2.493,
66.220,3400,3420.2,13.646,17.033,+2.493,
66.246,3400,3427.6,13.675,17.033,+2.493,
66.273,3400,3375.3,13.467,16.741,+2.201,
66.306,3400,3385.8,13.509,16.741,+2.201,
66.332,3400,3390.3,13.527,16.741,+2.201,
66.359,3400,3453.5,13.779,16.741,+2.201,
66.401,3400,3464.1,13.821,16.247,+1.707,
66.425,3400,3462.5,13.815,16.247,+1.707,
66.452,3400,3408.9,13.601,16.247,+1.707,
66.479,3400,3471.1,13.849,15.447,+0.907,
66.512,3400,3469.4,13.842,15.447,+0.907,
66.538,3400,3468.6,13.839,15.447,+0.907,
66.565,3400,3456.2,13.789,15.447,+0.907,
66.617,3400,3455.4,13.786,15.550,+1.010,
66.642,3400,3442.6,13.735,15.550,+1.010,
66.669,3400,3437.7,13.716,15.550,+1.010,
66.716,3400,3428.8,13.680,16.030,+1.490,
66.742,3400,3434.2,13.702,16.030,+1.490,
66.769,3400,3434.7,13.704,16.030,+1.490,
66.811,3400,3426.9,13.673,16.014,+1.474,
66.836,3400,3430.1,13.686,16.014,+1.474,
66.862,3400,3427.0,13.673,16.014,+1.474,
66.889,3400,3268.4,13.040,16.814,+2.274,
66.927,3400,2950.4,11.772,16.814,+2.274,
66.954,3400,2772.2,11.061,16.814,+2.274,shot:3422:68
66.978,3400,2733.2,10.905,16.814,+2.274,
67.018,3400,2784.3,11.109,17.614,+3.074,
67.043,3400,2816.4,11.237,17.614,+3.074,
67.069,3400,2850.6,11.373,17.614,+3.074,
67.096,3400,2892.0,11.538,16.814,+2.274,
67.124,3400,2928.0,11.682,16.814,+2.274,
67.151,3400,2962.0,11.818,16.814,+2.274,
67.177,3400,2989.3,11.927,16.814,+2.274,
67.229,3400,3037.3,12.118,16.355,+1.815,
67.254,3400,3057.4,12.199,16.355,+1.815,
67.280,3400,3077.5,12.279,16.355,+1.815,
67.323,3400,3104.0,12.385,15.555,+1.015,
67.349,3400,3119.0,12.444,15.555,+1.015,
67.376,3400,3130.3,12.489,15.555,+1.015,
67.402,3400,3137.0,12.516,15.146,+0.606,
67.435,3400,3146.4,12.554,15.146,+0.606,
67.460,3400,3154.0,12.584,15.146,+0.606,
67.486,3400,3156.2,12.593,15.146,+0.606,
67.529,3400,3167.2,12.636,15.216,+0.676,
67.555,3400,3162.9,12.619,15.216,+0.676,
67.582,3400,3174.9,12.667,15.216,+0.676,
67.608,3400,3120.1,12.449,16.016,+1.476,
67.641,3400,3173.6,12.662,16.016,+1.476,
67.666,3400,3180.2,12.688,16.016,+1.476,
67.692,3400,3187.4,12.717,16.016,+1.476,
67.740,3400,3195.2,12.748,15.216,+0.676,
67.766,3400,3203.4,12.781,15.216,+0.676,
67.793,3400,3157.4,12.598,15.216,+0.676,
67.835,3400,3207.4,12.797,16.016,+1.476,
67.867,3400,3208.8,12.803,16.016,+1.476,
67.893,3400,3219.0,12.843,16.016,+1.476,
67.941,3400,3224.3,12.864,15.216,+0.676,
67.967,3400,3172.6,12.658,15.216,+0.676,
67.994,3400,3231.9,12.895,15.216,+0.676,
68.041,3400,3233.5,12.901,15.392,+0.852,
68.073,3400,3233.0,12.899,15.392,+0.852,
68.099,3400,3223.6,12.862,15.392,+0.852,
68.142,3400,3233.8,12.902,15.861,+1.321,
68.168,3400,3178.8,12.683,15.861,+1.321,
68.195,3400,3233.0,12.899,15.861,+1.321,
68.221,3400,3241.8,12.934,15.842,+1.302,
68.255,3400,3194.1,12.744,15.842,+1.302,
68.279,3400,3241.9,12.934,15.842,+1.302,
68.306,3400,3198.5,12.761,15.842,+1.302,
68.353,3400,3258.6,13.001,15.985,+1.445,
68.380,3400,3257.3,12.996,15.985,+1.445,
68.406,3400,3260.7,13.010,15.985,+1.445,
68.449,3400,3270.4,13.048,16.042,+1.502,
68.480,3400,3276.0,13.071,16.042,+1.502,
68.507,3400,3274.8,13.066,16.042,+1.502,
68.554,3400,3279.5,13.085,15.875,+1.335,
68.581,3400,3234.1,12.903,15.875,+1.335,
68.593,3400,3289.8,13.126,15.875,+1.335,label:in
68.618,3400,3232.1,12.895,15.875,+1.335,
68.658,3400,3296.1,13.151,15.878,+1.338,
68.683,3400,3288.9,13.122,15.878,+1.338,
68.709,3400,3244.2,12.944,15.878,+1.338,
68.736,3400,3297.4,13.156,15.969,+1.429,
68.769,3400,3247.4,12.956,15.969,+1.429,
68.795,3400,3295.7,13.149,15.969,+1.429,
68.822,3400,3304.0,13.182,15.969,+1.429,
68.869,3400,3254.2,12.984,16.088,+1.548,
68.894,3400,3303.3,13.179,16.088,+1.548,
68.920,3400,3308.1,13.199,16.088,+1.548,
68.947,3400,3260.5,13.009,16.888,+2.348,
68.985,3400,3314.2,13.223,16.888,+2.348,
69.012,3400,3321.8,13.253,16.888,+2.348,
69.038,3400,3272.5,13.057,16.888,+2.348,
69.084,3400,3282.8,13.098,16.088,+1.548,
69.108,3400,3294.4,13.144,16.088,+1.548,
69.135,3400,3349.5,13.364,16.088,+1.548,
69.182,3400,3297.8,13.158,15.637,+1.097,
69.209,3400,3348.6,13.360,15.637,+1.097,
69.236,3400,3352.5,13.376,15.637,+1.097,
69.283,3400,3351.7,13.373,16.437,+1.897,
69.307,3400,3351.1,13.370,16.437,+1.897,
69.334,3400,3297.5,13.157,16.437,+1.897,
69.361,3400,3359.2,13.403,15.637,+1.097,
69.394,3400,3360.0,13.406,15.637,+1.097,
69.420,3400,3364.8,13.425,15.637,+1.097,
69.447,3400,3359.1,13.402,15.637,+1.097,
69.494,3400,3354.2,13.383,15.703,+1.163,
69.519,3400,3360.4,13.407,15.703,+1.163,
69.545,3400,3299.4,13.164,15.703,+1.163,
69.572,3400,3346.7,13.353,16.073,+1.533,
69.605,3400,3344.8,13.345,16.073,+1.533,
69.632,3400,3349.3,13.363,16.073,+1.533,
69.658,3400,3303.4,13.180,16.073,+1.533,
69.706,3400,3303.3,13.180,16.030,+1.490,
69.730,3400,3348.3,13.359,16.030,+1.490,
69.757,3400,3356.8,13.393,16.030,+1.490,
69.783,3400,3359.5,13.404,15.991,+1.451,
69.821,3400,3355.1,13.386,15.991,+1.451,
69.848,3400,3360.8,13.409,15.991,+1.451,
69.874,3400,3354.5,13.384,15.991,+1.451,
69.915,3400,3360.3,13.407,16.187,+1.647,
69.939,3400,3359.1,13.402,16.187,+1.647,
69.966,3400,3357.1,13.394,16.187,+1.647,
69.992,3400,3363.4,13.419,16.079,+1.539,
70.025,3400,3310.1,13.207,16.079,+1.539,
70.052,3400,3370.2,13.446,16.079,+1.539,
70.078,3400,3365.4,13.427,16.079,+1.539,
70.126,3400,3367.3,13.435,15.931,+1.391,
70.150,3400,3372.9,13.457,15.931,+1.391,
70.177,3400,3374.9,13.465,15.931,+1.391,
70.203,3400,3366.0,13.430,16.148,+1.608,
70.232,3400,3313.5,13.220,16.148,+1.608,
70.258,3400,3375.4,13.467,16.148,+1.608,
70.285,3400,3369.3,13.443,16.148,+1.608,
70.306,3400,3374.7,13.465,16.023,+1.483,
70.339,3400,3316.6,13.233,16.023,+1.483,
70.364,3400,3371.9,13.453,16.023,+1.483,
70.390,3400,3367.0,13.434,16.023,+1.483,
70.438,3400,3368.5,13.440,16.111,+1.571,
70.464,3400,3375.3,13.467,16.111,+1.571,
70.491,3400,3377.2,13.474,16.111,+1.571,
70.538,3400,3379.9,13.485,16.911,+2.371,
70.562,3400,3373.8,13.461,16.911,+2.371,
70.589,3400,3383.4,13.499,16.911,+2.371,
70.616,3400,3390.8,13.529,16.111,+1.571,
70.649,3400,3396.3,13.551,16.111,+1.571,
70.675,3400,3398.0,13.557,16.111,+1.571,
70.702,3400,3397.1,13.554,16.111,+1.571,
70.749,3400,3399.9,13.565,16.911,+2.371,
70.774,3400,3410.8,13.608,16.911,+2.371,
70.800,3400,3410.8,13.608,16.911,+2.371,
70.827,3400,3413.3,13.619,16.111,+1.571,
70.860,3400,3422.8,13.656,16.111,+1.571,
70.886,3400,3426.7,13.672,16.111,+1.571,
70.913,3400,3433.6,13.700,16.111,+1.571,
70.960,3400,3379.8,13.485,15.464,+0.924,
70.985,3400,3425.9,13.669,15.464,+0.924,
71.011,3400,3421.1,13.650,15.464,+0.924,
71.038,3400,3427.8,13.676,15.441,+0.901,
71.071,3400,3417.3,13.634,15.441,+0.901,
71.098,3400,3412.4,13.615,15.441,+0.901,
71.124,3400,3403.5,13.579,15.441,+0.901,
71.177,3400,3401.2,13.570,16.241,+1.701,
71.201,3400,3391.3,13.531,16.241,+1.701,
71.228,3400,3397.0,13.553,16.241,+1.701,
71.275,3400,3338.9,13.322,15.441,+0.901,
71.302,3400,3401.9,13.573,15.441,+0.901,
71.328,3400,3392.7,13.536,15.441,+0.901,
71.376,3400,3334.1,13.302,15.441,+0.901,
71.400,3400,3387.7,13.516,15.441,+0.901,
71.427,3400,3387.4,13.515,15.441,+0.901,
71.453,3400,3374.3,13.463,16.005,+1.465,
71.491,3400,3377.6,13.476,16.005,+1.465,
71.518,3400,3372.1,13.454,16.005,+1.465,
71.544,3400,3364.0,13.422,16.005,+1.465,shot:3412:30
71.567,3400,3372.9,13.457,16.088,+1.548,
71.600,3400,3318.4,13.240,16.088,+1.548,
71.625,3400,3314.5,13.224,16.088,+1.548,
71.651,3400,3369.0,13.442,16.088,+1.548,
71.699,3400,3312.1,13.215,16.289,+1.749,
71.725,3400,3377.7,13.476,16.289,+1.749,
71.752,3400,3372.9,13.457,16.289,+1.749,
71.794,3400,3372.7,13.456,15.614,+1.074,
71.819,3400,3382.6,13.496,15.614,+1.074,
71.845,3400,3374.6,13.464,15.614,+1.074,
71.872,3400,3370.3,13.447,16.267,+1.727,
71.905,3400,3311.5,13.212,16.267,+1.727,
71.931,3400,3374.3,13.463,16.267,+1.727,
71.958,3400,3373.8,13.461,16.267,+1.727,
72.005,3400,3376.9,13.473,16.260,+1.720,
72.030,3400,3371.3,13.451,16.260,+1.720,
72.056,3400,3377.1,13.474,16.260,+1.720,
72.083,3400,3382.6,13.496,15.727,+1.187,
72.121,3400,3378.8,13.481,15.727,+1.187,
72.148,3400,3385.9,13.509,15.727,+1.187,
72.174,3400,3380.1,13.486,15.727,+1.187,
72.209,3400,3329.7,13.285,16.276,+1.736,
72.234,3400,3321.7,13.253,16.276,+1.736,
72.260,3400,3382.1,13.494,16.276,+1.736,
72.287,3400,3384.6,13.504,15.777,+1.237,
72.320,3400,3387.1,13.514,15.777,+1.237,
72.347,3400,3380.4,13.487,15.777,+1.237,
72.373,3400,3378.6,13.480,15.777,+1.237,
72.425,3400,3376.1,13.470,16.577,+2.037,
72.450,3400,3378.6,13.480,16.577,+2.037,
72.477,3400,3382.6,13.496,16.577,+2.037,
72.524,3400,3388.8,13.521,15.777,+1.237,
72.550,3400,3385.2,13.506,15.777,+1.237,
72.577,3400,3382.5,13.496,15.777,+1.237,
72.624,3400,3381.3,13.491,16.577,+2.037,
72.649,3400,3389.2,13.522,16.577,+2.037,
72.675,3400,3385.4,13.507,16.577,+2.037,
72.702,3400,3383.9,13.501,15.777,+1.237,
72.735,3400,3389.4,13.523,15.777,+1.237,
72.762,3400,3391.5,13.532,15.777,+1.237,
72.788,3400,3396.2,13.550,15.777,+1.237,
72.841,3400,3391.0,13.530,16.577,+2.037,
72.865,3400,3393.3,13.539,16.577,+2.037,
72.892,3400,3386.8,13.513,16.577,+2.037,
72.939,3400,3340.4,13.327,15.777,+1.237,
72.966,3400,3398.1,13.558,15.777,+1.237,
72.992,3400,3402.6,13.576,15.777,+1.237,
73.040,3400,3346.6,13.352,15.777,+1.237,
73.064,3400,3333.2,13.299,15.777,+1.237,
73.091,3400,3332.3,13.295,15.777,+1.237,
73.117,3400,3393.1,13.538,15.777,+1.237,
73.151,3400,3388.6,13.520,15.777,+1.237,
73.177,3400,3381.9,13.493,15.777,+1.237,
73.204,3400,3372.9,13.457,15.777,+1.237,
73.251,3400,3369.9,13.445,16.577,+2.037,
73.275,3400,3377.9,13.477,16.577,+2.037,
73.302,3400,3378.7,13.480,16.577,+2.037,
73.329,3400,3377.5,13.476,15.777,+1.237,
73.362,3400,3326.5,13.272,15.777,+1.237,
73.388,3400,3382.2,13.494,15.777,+1.237,
73.415,3400,3385.9,13.509,15.777,+1.237,
73.462,3400,3385.4,13.507,15.327,+0.787,
73.486,3400,3369.4,13.443,15.327,+0.787,
73.513,3400,3372.8,13.457,15.327,+0.787,
73.539,3400,3371.8,13.453,15.948,+1.408,
73.568,3400,3358.4,13.399,15.948,+1.408,
73.594,3400,3353.9,13.381,15.948,+1.408,
73.621,3400,3360.0,13.406,15.948,+1.408,
73.668,3400,3356.9,13.393,16.409,+1.869,
73.693,3400,3355.7,13.389,16.409,+1.869,
73.719,3400,3299.3,13.163,16.409,+1.869,
73.746,3400,3361.7,13.413,16.319,+1.779,
73.784,3400,3357.2,13.395,16.319,+1.779,
73.810,3400,3364.0,13.422,16.319,+1.779,
73.837,3400,3368.3,13.439,16.319,+1.779,
73.872,3400,3316.8,13.233,16.352,+1.812,
73.896,3400,3314.7,13.225,16.352,+1.812,
73.923,3400,3372.0,13.454,16.352,+1.812,
73.950,3400,3378.3,13.479,16.105,+1.565,
73.983,3400,3377.2,13.474,16.105,+1.565,
74.009,3400,3382.2,13.494,16.105,+1.565,
74.036,3400,3377.0,13.474,16.105,+1.565,
74.083,3400,3377.8,13.477,16.905,+2.365,
74.108,3400,3383.9,13.501,16.905,+2.365,
74.134,3400,3392.2,13.534,16.905,+2.365,
74.161,3400,3390.1,13.526,16.105,+1.565,
74.194,3400,3396.1,13.550,16.105,+1.565,
74.221,3400,3357.9,13.397,16.105,+1.565,
74.247,3400,3117.2,12.437,16.105,+1.565,
74.295,3400,2785.0,11.112,16.905,+2.365,shot:3361:47
74.317,3400,2741.2,10.937,16.905,+2.365,
74.341,3400,2768.4,11.045,16.905,+2.365,
74.368,3400,2802.9,11.183,17.705,+3.165,
74.396,3400,2838.7,11.326,17.705,+3.165,
74.423,3400,2873.3,11.464,17.705,+3.165,
74.449,3400,2907.0,11.599,17.705,+3.165,
74.497,3400,2973.0,11.862,16.905,+2.365,
74.523,3400,3007.6,12.000,16.905,+2.365,
74.548,3400,3033.4,12.103,16.905,+2.365,
74.574,3400,3008.8,12.004,16.227,+1.687,
74.612,3400,3091.1,12.333,16.227,+1.687,
74.639,3400,3105.6,12.391,16.227,+1.687,
74.665,3400,3127.2,12.477,16.227,+1.687,
74.711,3400,3148.8,12.563,15.427,+0.887,
74.742,3400,3157.7,12.599,15.427,+0.887,
74.769,3400,3116.1,12.433,15.427,+0.887,
74.809,3400,3122.0,12.456,15.083,+0.543,
74.836,3400,3125.4,12.470,15.083,+0.543,
74.862,3400,3183.2,12.701,15.083,+0.543,
74.910,3400,3184.0,12.704,15.284,+0.744,
74.936,3400,3182.7,12.698,15.284,+0.744,
74.961,3400,3187.1,12.716,15.284,+0.744,
74.987,3400,3186.2,12.712,15.655,+1.115,
75.020,3400,3190.7,12.730,15.655,+1.115,
75.047,3400,3147.6,12.558,15.655,+1.115,
75.073,3400,3199.1,12.764,15.655,+1.115,
75.116,3400,3209.7,12.806,15.713,+1.173,
75.142,3400,3213.8,12.823,15.713,+1.173,
75.167,3400,3216.6,12.834,15.713,+1.173,
75.194,3400,3225.4,12.869,15.614,+1.074,
75.227,3400,3229.5,12.885,15.614,+1.074,
75.253,3400,3177.0,12.676,15.614,+1.074,
75.280,3400,3235.2,12.908,15.614,+1.074,
75.322,3400,3240.8,12.930,15.724,+1.184,
75.349,3400,3188.3,12.721,15.724,+1.184,
75.373,3400,3249.5,12.965,15.724,+1.184,
75.400,3400,3195.2,12.748,16.524,+1.984,
75.438,3400,3257.2,12.996,16.524,+1.984,
75.465,3400,3258.3,13.000,16.524,+1.984,
75.491,3400,3269.3,13.044,16.524,+1.984,
75.526,3400,3280.0,13.087,15.724,+1.184,
75.553,3400,3290.7,13.129,15.724,+1.184,
75.577,3400,3236.5,12.913,15.724,+1.184,
75.604,3400,3296.2,13.151,15.515,+0.975,
75.637,3400,3243.6,12.941,15.515,+0.975,
75.664,3400,3301.6,13.173,15.515,+0.975,
75.690,3400,3242.4,12.937,15.515,+0.975,
75.738,3400,3292.4,13.136,15.662,+1.122,
75.769,3400,3293.9,13.142,15.662,+1.122,
75.796,3400,3298.2,13.159,15.662,+1.122,
75.843,3400,3249.1,12.964,15.940,+1.400,
75.870,3400,3301.8,13.174,15.940,+1.400,
75.897,3400,3299.9,13.166,15.940,+1.400,
75.916,3400,3302.7,13.177,15.992,+1.452,label:in
75.959,3400,3308.2,13.199,15.992,+1.452,
75.984,3400,3315.6,13.228,15.992,+1.452,
76.010,3400,3257.7,12.998,15.992,+1.452,
76.051,3400,3321.4,13.252,15.949,+1.409,
76.077,3400,3321.0,13.250,15.949,+1.409,
76.104,3400,3266.6,13.033,15.949,+1.409,
76.151,3400,3270.0,13.047,15.922,+1.382,
76.176,3400,3331.7,13.293,15.922,+1.382,
76.202,3400,3330.3,13.287,15.922,+1.382,
76.229,3400,3332.4,13.296,15.862,+1.322,
76.262,3400,3335.5,13.308,15.862,+1.322,
76.289,3400,3341.7,13.333,15.862,+1.322,
76.315,3400,3339.7,13.325,15.862,+1.322,
76.358,3400,3285.7,13.109,16.662,+2.122,
76.382,3400,3294.2,13.143,16.662,+2.122,
76.409,3400,3349.0,13.362,16.662,+2.122,
76.435,3400,3354.5,13.384,15.862,+1.322,
76.463,3400,3309.7,13.205,15.862,+1.322,
76.490,3400,3364.5,13.424,15.862,+1.322,
76.516,3400,3362.0,13.414,15.862,+1.322,
76.564,3400,3361.9,13.413,15.726,+1.186,
76.588,3400,3371.5,13.452,15.726,+1.186,
76.615,3400,3361.7,13.413,15.726,+1.186,
76.642,3400,3358.0,13.398,15.945,+1.405,
76.675,3400,3303.0,13.178,15.945,+1.405,
76.701,3400,3309.8,13.205,15.945,+1.405,
76.728,3400,3366.4,13.431,15.945,+1.405,
76.776,3400,3314.1,13.222,15.853,+1.313,
76.800,3400,3360.2,13.406,15.853,+1.313,
76.827,3400,3365.5,13.428,15.853,+1.313,
76.853,3400,3368.6,13.440,15.864,+1.324,
76.886,3400,3369.0,13.442,15.864,+1.324,
76.913,3400,3308.3,13.200,15.864,+1.324,
76.939,3400,3361.9,13.413,15.864,+1.324,
76.987,3400,3305.6,13.189,16.178,+1.638,
77.011,3400,3368.2,13.439,16.178,+1.638,
77.038,3400,3360.0,13.406,16.178,+1.638,
77.065,3400,3364.1,13.422,16.112,+1.572,
77.098,3400,3365.5,13.428,16.112,+1.572,
77.124,3400,3373.2,13.459,16.112,+1.572,
77.151,3400,3321.0,13.250,16.112,+1.572,
77.198,3400,3380.7,13.489,15.885,+1.345,
77.223,3400,3371.7,13.453,15.885,+1.345,
77.249,3400,3325.5,13.268,15.885,+1.345,
77.276,3400,3375.3,13.467,15.981,+1.441,
77.309,3400,3377.0,13.474,15.981,+1.441,
77.336,3400,3370.6,13.448,15.981,+1.441,
77.362,3400,3376.5,13.472,15.981,+1.441,
77.409,3400,3374.3,13.463,16.781,+2.241,
77.434,3400,3381.1,13.490,16.781,+2.241,
77.460,3400,3379.7,13.484,16.781,+2.241,
77.487,3400,3387.1,13.514,15.981,+1.441,
77.520,3400,3336.5,13.312,15.981,+1.441,
77.547,3400,3344.7,13.345,15.981,+1.441,
77.573,3400,3343.8,13.341,15.981,+1.441,
77.626,3400,3402.3,13.575,15.981,+1.441,
77.650,3400,3396.8,13.553,15.981,+1.441,
77.677,3400,3392.9,13.537,15.981,+1.441,
77.724,3400,3393.0,13.537,16.781,+2.241,
77.750,3400,3403.3,13.578,16.781,+2.241,
77.777,3400,3408.0,13.597,16.781,+2.241,
77.824,3400,3360.6,13.408,15.981,+1.441,
77.849,3400,3357.9,13.397,15.981,+1.441,
77.876,3400,3416.9,13.633,15.981,+1.441,
77.902,3400,3365.9,13.429,16.732,+2.192,
77.936,3400,3419.5,13.643,16.732,+2.192,
77.962,3400,3423.9,13.661,16.732,+2.192,
77.989,3400,3419.1,13.642,16.732,+2.192,
78.041,3400,3382.0,13.494,16.636,+2.096,
78.066,3400,3433.2,13.698,16.636,+2.096,
78.092,3400,3439.5,13.723,16.636,+2.096,
78.145,3400,3447.5,13.755,15.836,+1.296,
78.171,3400,3445.3,13.746,15.836,+1.296,
78.198,3400,3452.4,13.774,15.836,+1.296,
78.245,3400,3449.0,13.761,15.687,+1.147,
78.270,3400,3442.7,13.736,15.687,+1.147,
78.296,3400,3433.3,13.698,15.687,+1.147,
78.323,3400,3438.6,13.720,15.710,+1.170,
78.356,3400,3427.4,13.675,15.710,+1.170,
78.382,3400,3434.3,13.702,15.710,+1.170,
78.409,3400,3425.6,13.668,15.710,+1.170,
78.461,3400,3421.8,13.652,15.889,+1.349,
78.486,3400,3420.6,13.647,15.889,+1.349,
78.512,3400,3410.5,13.607,15.889,+1.349,
78.555,3400,3413.4,13.619,16.689,+2.149,
78.581,3400,3417.7,13.636,16.689,+2.149,
78.608,3400,3416.3,13.630,16.689,+2.149,
78.634,3400,3416.4,13.631,15.889,+1.349,
78.667,3400,3421.1,13.649,15.889,+1.349,
78.692,3400,3429.5,13.683,15.889,+1.349,
78.718,3400,3429.5,13.683,15.889,+1.349,
78.766,3400,3426.4,13.671,15.193,+0.653,
78.792,3400,3416.4,13.631,15.193,+0.653,
78.819,3400,3417.8,13.636,15.193,+0.653,
78.866,3400,3403.4,13.579,15.826,+1.286,
78.891,3400,3408.0,13.597,15.826,+1.286,
78.922,3400,3404.3,13.582,15.826,+1.286,
78.965,3400,3392.4,13.535,16.626,+2.086,
78.991,3400,3391.0,13.530,16.626,+2.086,
79.018,3400,3401.4,13.571,16.626,+2.086,
79.044,3400,3404.7,13.584,15.826,+1.286,
79.078,3400,3410.8,13.609,15.826,+1.286,
79.102,3400,3404.2,13.582,15.826,+1.286,
79.129,3400,3408.2,13.598,15.826,+1.286,
79.176,3400,3407.2,13.594,15.826,+1.286,
79.203,3400,3410.7,13.608,15.826,+1.286,
79.229,3400,3402.2,13.574,15.826,+1.286,
79.271,3400,3394.7,13.544,15.826,+1.286,
79.303,3400,3394.7,13.544,15.826,+1.286,
79.329,3400,3402.2,13.574,15.826,+1.286,
79.377,3400,3399.6,13.564,15.826,+1.286,
79.403,3400,3399.2,13.562,15.826,+1.286,
79.430,3400,3390.8,13.529,15.826,+1.286,
79.472,3400,3391.6,13.532,15.826,+1.286,
79.504,3400,3390.0,13.525,15.826,+1.286,
79.530,3400,3393.4,13.539,15.826,+1.286,
79.578,3400,3336.0,13.310,15.826,+1.286,
79.604,3400,3382.7,13.496,15.826,+1.286,
79.631,3400,3378.9,13.481,15.826,+1.286,
79.678,3400,3376.4,13.471,15.826,+1.286,
79.710,3400,3375.6,13.468,15.826,+1.286,
79.736,3400,3382.5,13.496,15.826,+1.286,
79.784,3400,3325.9,13.270,16.383,+1.843,
79.810,3400,3382.0,13.494,16.383,+1.843,
79.837,3400,3376.8,13.473,16.383,+1.843,
79.879,3400,3382.0,13.494,15.877,+1.337,
79.911,3400,3383.2,13.499,15.877,+1.337,shot:3402:25
79.935,3400,3388.0,13.517,15.877,+1.337,
79.962,3400,3377.5,13.476,16.372,+1.832,
79.995,3400,3382.6,13.496,16.372,+1.832,
80.022,3400,3377.8,13.477,16.372,+1.832,
80.048,3400,3387.8,13.517,16.372,+1.832,
80.096,3400,3389.7,13.524,17.172,+2.632,
80.120,3400,3392.3,13.535,17.172,+2.632,
80.147,3400,3395.7,13.548,17.172,+2.632,
80.173,3400,3406.3,13.591,16.372,+1.832,
80.201,3400,3416.4,13.631,16.372,+1.832,
80.228,3400,3419.8,13.644,16.372,+1.832,
80.254,3400,3422.8,13.656,16.372,+1.832,
80.302,3400,3429.2,13.682,16.967,+2.427,
80.326,3400,3382.7,13.497,16.967,+2.427,
80.353,3400,3388.2,13.518,16.967,+2.427,
80.379,3400,3391.2,13.530,16.426,+1.886,
80.412,3400,3455.9,13.788,16.426,+1.886,
80.439,3400,3457.4,13.794,16.426,+1.886,
80.465,3400,3466.4,13.830,16.426,+1.886,
80.513,3400,3467.1,13.833,15.626,+1.086,
80.537,3400,3467.7,13.835,15.626,+1.086,
80.564,3400,3460.0,13.805,15.626,+1.086,
80.590,3400,3463.7,13.820,15.467,+0.927,
80.618,3400,3461.6,13.811,15.467,+0.927,
80.645,3400,3451.9,13.773,15.467,+0.927,
80.671,3400,3442.6,13.735,15.467,+0.927,
80.719,3400,3435.1,13.705,15.785,+1.245,
80.743,3400,3438.5,13.719,15.785,+1.245,
80.770,3400,3437.5,13.715,15.785,+1.245,
80.796,3400,3425.4,13.667,16.096,+1.556,
80.829,3400,3427.7,13.676,16.096,+1.556,
80.856,3400,3421.9,13.653,16.096,+1.556,
80.882,3400,3426.6,13.672,16.096,+1.556,
80.930,3400,3369.1,13.442,16.123,+1.583,
80.954,3400,3377.1,13.474,16.123,+1.583,
80.981,3400,3369.3,13.443,16.123,+1.583,
81.007,3400,3371.8,13.453,16.923,+2.383,
81.046,3400,3433.5,13.699,16.923,+2.383,
81.072,3400,3431.8,13.692,16.923,+2.383,
81.099,3400,3438.0,13.717,16.923,+2.383,
81.139,3400,3449.5,13.763,16.123,+1.583,
81.164,3400,3446.9,13.753,16.123,+1.583,
81.190,3400,3452.3,13.774,16.123,+1.583,
81.217,3400,3458.3,13.798,15.703,+1.163,shot:3446:26
81.255,3400,3389.1,13.522,15.703,+1.163,
81.282,3400,3375.3,13.467,15.703,+1.163,
81.308,3400,3080.3,12.290,15.703,+1.163,
81.348,3400,2837.8,11.322,16.503,+1.963,
81.373,3400,2760.7,11.015,16.503,+1.963,
81.399,3400,2785.8,11.115,16.503,+1.963,
81.426,3400,2814.5,11.229,17.303,+2.763,
81.459,3400,2849.8,11.370,17.303,+2.763,
81.486,3400,2878.6,11.485,17.303,+2.763,
81.512,3400,2905.5,11.592,17.303,+2.763,
81.559,3400,2961.9,11.817,16.503,+1.963,
81.584,3400,2990.4,11.931,16.503,+1.963,
81.611,3400,3012.8,12.021,16.503,+1.963,
81.637,3400,3034.2,12.106,15.703,+1.163,
81.675,3400,3015.4,12.031,15.703,+1.163,
81.702,3400,3027.2,12.078,15.703,+1.163,
81.728,3400,3094.0,12.344,15.703,+1.163,
81.769,3400,3106.0,12.392,15.070,+0.530,
81.793,3400,3115.4,12.430,15.070,+0.530,
81.820,3400,3118.6,12.443,15.070,+0.530,
81.846,3400,3128.4,12.482,14.970,+0.430,
81.884,3400,3129.2,12.485,14.970,+0.430,
81.911,3400,3132.9,12.500,14.970,+0.430,
81.937,3400,3132.8,12.499,14.970,+0.430,
81.973,3400,3135.1,12.508,15.314,+0.774,
81.997,3400,3089.2,12.325,15.314,+0.774,
82.024,3400,3089.0,12.324,15.314,+0.774,
82.050,3400,3098.9,12.364,16.114,+1.574,
82.084,3400,3103.4,12.382,16.114,+1.574,
82.110,3400,3106.2,12.393,16.114,+1.574,
82.137,3400,3168.3,12.641,16.114,+1.574,
82.184,3400,3186.8,12.715,15.314,+0.774,
82.208,3400,3188.4,12.721,15.314,+0.774,
82.235,3400,3199.4,12.765,15.314,+0.774,
82.261,3400,3148.6,12.562,16.114,+1.574,
82.284,3400,3206.7,12.794,16.114,+1.574,
82.311,3400,3156.4,12.593,16.114,+1.574,
82.337,3400,3211.7,12.814,16.114,+1.574,
82.364,3400,3220.9,12.851,15.314,+0.774,
82.397,3400,3231.6,12.893,15.314,+0.774,
82.422,3400,3231.3,12.892,15.314,+0.774,
82.448,3400,3241.8,12.934,15.314,+0.774,
82.495,3400,3193.5,12.742,16.114,+1.574,
82.522,3400,3241.1,12.931,16.114,+1.574,
82.548,3400,3249.7,12.966,16.114,+1.574,
82.596,3400,3257.5,12.997,15.314,+0.774,
82.620,3400,3256.8,12.994,15.314,+0.774,
82.647,3400,3260.6,13.009,15.314,+0.774,
82.673,3400,3266.0,13.031,15.231,+0.691,
82.707,3400,3215.0,12.827,15.231,+0.691,
82.733,3400,3258.3,13.000,15.231,+0.691,
82.760,3400,3261.9,13.014,15.231,+0.691,
82.807,3400,3260.9,13.011,15.765,+1.225,
82.832,3400,3256.0,12.991,15.765,+1.225,
82.858,3400,3258.5,13.001,15.765,+1.225,
82.885,3400,3266.5,13.033,15.781,+1.241,
82.918,3400,3268.1,13.039,15.781,+1.241,
82.944,3400,3266.4,13.032,15.781,+1.241,
82.971,3400,3217.7,12.838,15.781,+1.241,
83.018,3400,3276.1,13.071,15.966,+1.426,
83.048,3400,3282.8,13.098,15.966,+1.426,label:in
83.071,3400,3279.5,13.085,15.966,+1.426,
83.097,3400,3235.5,12.909,16.766,+2.226,
83.131,3400,3291.3,13.132,16.766,+2.226,
83.157,3400,3243.6,12.941,16.766,+2.226,
83.184,3400,3302.6,13.177,16.766,+2.226,
83.226,3400,3319.3,13.243,15.966,+1.426,
83.251,3400,3324.3,13.263,15.966,+1.426,
83.277,3400,3273.5,13.061,15.966,+1.426,
83.304,3400,3335.9,13.310,15.614,+1.074,
83.332,3400,3282.5,13.097,15.614,+1.074,
83.359,3400,3330.8,13.289,15.614,+1.074,
83.385,3400,3336.0,13.310,15.614,+1.074,
83.428,3400,3337.4,13.316,16.414,+1.874,
83.452,3400,3278.0,13.079,16.414,+1.874,
83.479,3400,3338.9,13.322,16.414,+1.874,
83.505,3400,3338.5,13.320,15.614,+1.074,
83.538,3400,3291.8,13.134,15.614,+1.074,
83.565,3400,3341.2,13.331,15.614,+1.074,
83.591,3400,3347.7,13.357,15.614,+1.074,
83.639,3400,3345.4,13.348,15.708,+1.168,
83.663,3400,3339.9,13.326,15.708,+1.168,
83.690,3400,3283.7,13.101,15.708,+1.168,
83.716,3400,3342.7,13.337,15.765,+1.225,
83.750,3400,3339.1,13.322,15.765,+1.225,
83.776,3400,3283.0,13.099,15.765,+1.225,
83.803,3400,3331.4,13.292,15.765,+1.225,
83.850,3400,3330.3,13.287,16.031,+1.491,
83.875,3400,3340.2,13.327,16.031,+1.491,
83.901,3400,3337.7,13.317,16.031,+1.491,
83.928,3400,3281.2,13.092,16.831,+2.291,
83.961,3400,3337.8,13.317,16.831,+2.291,
83.988,3400,3345.6,13.348,16.831,+2.291,
84.014,3400,3355.7,13.389,16.831,+2.291,
84.067,3400,3364.7,13.424,16.570,+2.030,
84.091,3400,3371.9,13.453,16.570,+2.030,
84.118,3400,3373.3,13.459,16.570,+2.030,
84.165,3400,3381.4,13.491,15.770,+1.230,
84.192,3400,3388.9,13.521,15.770,+1.230,
84.218,3400,3391.0,13.529,15.770,+1.230,
84.271,3400,3385.9,13.509,15.770,+1.230,
84.295,3400,3329.4,13.284,15.770,+1.230,
84.322,3400,3323.4,13.260,15.770,+1.230,
84.369,3400,3373.1,13.458,15.770,+1.230,
84.396,3400,3326.6,13.272,15.770,+1.230,
84.422,3400,3327.4,13.276,15.770,+1.230,
84.470,3400,3324.9,13.266,15.770,+1.230,
84.494,3400,3314.5,13.224,15.770,+1.230,
84.521,3400,3376.6,13.472,15.770,+1.230,
84.548,3400,3373.9,13.461,16.344,+1.804,
84.581,3400,3376.0,13.469,16.344,+1.804,
84.607,3400,3372.0,13.454,16.344,+1.804,
84.634,3400,3316.8,13.233,16.344,+1.804,
84.681,3400,3375.9,13.469,16.411,+1.871,
84.706,3400,3387.4,13.515,16.411,+1.871,
84.732,3400,3386.2,13.511,16.411,+1.871,
84.759,3400,3332.4,13.296,17.211,+2.671,
84.792,3400,3336.6,13.312,17.211,+2.671,
84.818,3400,3345.9,13.350,17.211,+2.671,
84.845,3400,3353.7,13.381,17.211,+2.671,
84.897,3400,3421.4,13.651,16.411,+1.871,
84.922,3400,3376.0,13.470,16.411,+1.871,
84.949,3400,3375.4,13.467,16.411,+1.871,
84.991,3400,3431.7,13.692,15.611,+1.071,
85.018,3400,3439.3,13.722,15.611,+1.071,
85.044,3400,3434.2,13.702,15.611,+1.071,
85.071,3400,3423.3,13.658,15.853,+1.313,
85.099,3400,3372.3,13.455,15.853,+1.313,
85.123,3400,3429.2,13.682,15.853,+1.313,
85.150,3400,3418.2,13.638,15.853,+1.313,
85.176,3400,3414.0,13.621,16.320,+1.780,
85.210,3400,3412.4,13.615,16.320,+1.780,
85.236,3400,3417.1,13.634,16.320,+1.780,
85.263,3400,3421.3,13.650,16.320,+1.780,
85.310,3400,3426.9,13.673,17.096,+2.556,
85.335,3400,3424.8,13.664,17.096,+2.556,
85.361,3400,3430.7,13.688,17.096,+2.556,
85.388,3400,3441.2,13.730,16.296,+1.756,
85.426,3400,3444.0,13.741,16.296,+1.756,
85.452,3400,3450.7,13.768,16.296,+1.756,
85.479,3400,3457.4,13.795,16.296,+1.756,
85.519,3400,3400.0,13.566,17.096,+2.556,
85.544,3400,3459.3,13.802,17.096,+2.556,
85.570,3400,3467.9,13.836,17.096,+2.556,
85.597,3400,3471.7,13.852,16.296,+1.756,
85.630,3400,3479.8,13.884,16.296,+1.756,
85.656,3400,3423.0,13.657,16.296,+1.756,
85.683,3400,3482.6,13.895,16.296,+1.756,
85.735,3400,3489.6,13.923,17.096,+2.556,
85.760,3400,3484.9,13.904,17.096,+2.556,
85.786,3400,3439.2,13.722,17.096,+2.556,
85.829,3400,3503.8,13.979,16.841,+2.301,
85.855,3400,3450.3,13.766,16.841,+2.301,
85.882,3400,3507.3,13.993,16.841,+2.301,
85.908,3400,3514.2,14.021,16.041,+1.501,
85.941,3400,3456.0,13.789,16.041,+1.501,
85.966,3400,3519.7,14.043,16.041,+1.501,
85.992,3400,3514.6,14.023,16.041,+1.501,
86.040,3400,3514.0,14.020,15.730,+1.190,
86.066,3400,3446.1,13.749,15.730,+1.190,
86.093,3400,3493.6,13.939,15.730,+1.190,
86.146,3400,3497.2,13.953,15.919,+1.379,
86.170,3400,3484.1,13.901,15.919,+1.379,
86.197,3400,3429.6,13.683,15.919,+1.379,
86.244,3400,3421.5,13.651,16.719,+2.179,
86.276,3400,3475.7,13.867,16.719,+2.179,
86.302,3400,3482.7,13.895,16.719,+2.179,
86.350,3400,3480.8,13.888,15.919,+1.379,
86.374,3400,3489.6,13.923,15.919,+1.379,
86.401,3400,3427.4,13.675,15.919,+1.379,
86.427,3400,3476.9,13.872,15.811,+1.271,
86.460,3400,3478.2,13.878,15.811,+1.271,
86.487,3400,3473.3,13.858,15.811,+1.271,
86.513,3400,3478.2,13.877,15.811,+1.271,
86.561,3400,3471.4,13.850,15.845,+1.305,
86.585,3400,3414.2,13.622,15.845,+1.305,
86.612,3400,3401.6,13.572,15.845,+1.305,shot:3488:29
86.634,3400,3465.8,13.828,15.766,+1.226,
86.668,3400,3461.6,13.811,15.766,+1.226,
86.694,3400,3459.0,13.801,15.766,+1.226,
86.721,3400,3447.0,13.753,15.766,+1.226,
86.763,3400,3384.2,13.503,15.888,+1.348,
86.787,3400,3448.3,13.758,15.888,+1.348,
86.814,3400,3446.9,13.753,15.888,+1.348,
86.840,3400,3433.0,13.697,16.247,+1.707,
86.873,3400,3434.4,13.702,16.247,+1.707,
86.900,3400,3429.9,13.685,16.247,+1.707,
86.926,3400,3438.6,13.720,16.247,+1.707,
86.979,3400,3433.0,13.697,17.047,+2.507,
87.004,3400,3442.3,13.734,17.047,+2.507,
87.030,3400,3449.0,13.761,17.047,+2.507,
87.083,3400,3457.2,13.794,16.247,+1.707,
87.109,3400,3465.0,13.825,16.247,+1.707,
87.136,3400,3409.7,13.604,16.247,+1.707,
87.188,3400,3413.0,13.617,15.945,+1.405,
87.213,3400,3467.5,13.835,15.945,+1.405,
87.239,3400,3458.3,13.798,15.945,+1.405,
87.287,3400,3399.9,13.565,15.796,+1.256,
87.313,3400,3453.2,13.778,15.796,+1.256,
87.340,3400,3459.7,13.804,15.796,+1.256,
87.387,3400,3454.1,13.781,16.596,+2.056,
87.412,3400,3390.3,13.527,16.596,+2.056,
87.438,3400,3387.0,13.514,16.596,+2.056,
87.465,3400,3449.7,13.764,15.796,+1.256,
87.498,3400,3446.9,13.753,15.796,+1.256,
87.524,3400,3454.0,13.781,15.796,+1.256,
87.551,3400,3450.0,13.765,15.796,+1.256,
87.598,3400,3447.8,13.756,15.649,+1.109,
87.623,3400,3433.5,13.699,15.649,+1.109,
87.649,3400,3438.3,13.718,15.649,+1.109,
87.676,3400,3436.3,13.710,15.888,+1.348,
87.709,3400,3431.6,13.691,15.888,+1.348,
87.736,3400,3427.1,13.674,15.888,+1.348,
87.762,3400,3416.4,13.631,15.888,+1.348,
87.809,3400,3415.5,13.627,16.688,+2.148,
87.834,3400,3423.9,13.661,16.688,+2.148,
87.860,3400,3371.4,13.451,16.688,+2.148,
87.887,3400,3421.3,13.651,15.888,+1.348,
87.915,3400,3424.1,13.661,15.888,+1.348,
87.942,3400,3431.7,13.692,15.888,+1.348,
87.968,3400,3428.5,13.679,15.888,+1.348,
88.016,3400,3427.8,13.676,15.680,+1.140,
88.040,3400,3416.3,13.630,15.680,+1.140,
88.067,3400,3421.4,13.651,15.680,+1.140,
88.093,3400,3420.1,13.645,15.815,+1.275,
88.121,3400,3351.0,13.370,15.815,+1.275,
88.148,3400,3404.0,13.581,15.815,+1.275,
88.174,3400,3410.0,13.605,15.815,+1.275,shot:3437:25
88.197,3400,3397.8,13.557,16.217,+1.677,
88.230,3400,3399.1,13.562,16.217,+1.677,
88.254,3400,3398.2,13.558,16.217,+1.677,
88.281,3400,3402.9,13.577,16.217,+1.677,
88.323,3400,3246.0,12.951,16.217,+1.677,
88.355,3400,2982.1,11.898,16.217,+1.677,
88.381,3400,2756.8,10.999,16.217,+1.677,
88.429,3400,2735.7,10.915,17.017,+2.477,
88.453,3400,2768.1,11.044,17.017,+2.477,
88.480,3400,2800.5,11.173,17.017,+2.477,
88.506,3400,2831.1,11.296,16.217,+1.677,
88.545,3400,2832.2,11.300,16.217,+1.677,
88.571,3400,2909.8,11.610,16.217,+1.677,
88.598,3400,2933.9,11.706,16.217,+1.677,
88.643,3400,2972.1,11.858,15.417,+0.877,
88.668,3400,2987.9,11.921,15.417,+0.877,
88.694,3400,2955.7,11.793,15.417,+0.877,
88.746,3400,2975.9,11.873,14.871,+0.331,
88.773,3400,3033.8,12.104,14.871,+0.331,
88.799,3400,3042.7,12.140,14.871,+0.331,
88.852,3400,3054.0,12.185,14.809,+0.269,
88.876,3400,3057.2,12.198,14.809,+0.269,
88.903,3400,3063.7,12.224,14.809,+0.269,
88.950,3400,3066.9,12.236,15.609,+1.069,
88.977,3400,3077.2,12.277,15.609,+1.069,shot:3193:207
89.001,3400,3079.2,12.285,15.609,+1.069,
89.028,3400,3093.3,12.342,14.809,+0.269,
89.056,3400,3097.9,12.360,14.809,+0.269,
89.081,3400,3108.4,12.402,14.809,+0.269,
89.107,3400,3108.7,12.403,14.809,+0.269,
89.134,3400,3114.3,12.425,14.961,+0.421,
89.172,3400,3113.3,12.422,14.961,+0.421,
89.198,3400,3123.2,12.461,14.961,+0.421,
89.225,3400,3119.4,12.446,14.961,+0.421,
89.265,3400,3075.6,12.271,15.402,+0.862,
89.290,3400,3125.4,12.470,15.402,+0.862,
89.316,3400,3134.8,12.507,15.402,+0.862,
89.343,3400,3083.3,12.302,16.202,+1.662,
89.371,3400,3141.8,12.535,16.202,+1.662,
89.397,3400,3100.4,12.370,16.202,+1.662,
89.424,3400,3105.9,12.392,16.202,+1.662,
89.466,3400,3177.5,12.677,15.402,+0.862,
89.491,3400,3178.9,12.683,15.402,+0.862,
89.517,3400,3190.0,12.727,15.402,+0.862,
89.544,3400,3189.3,12.725,15.371,+0.831,
89.577,3400,3193.3,12.741,15.371,+0.831,
89.603,3400,3197.9,12.759,15.371,+0.831,
89.630,3400,3149.5,12.566,15.371,+0.831,
89.677,3400,3151.4,12.574,15.478,+0.938,
89.702,3400,3206.1,12.792,15.478,+0.938,
89.728,3400,3209.9,12.807,15.478,+0.938,
89.755,3400,3155.4,12.589,16.278,+1.738,
89.788,3400,3160.8,12.611,16.278,+1.738,
89.814,3400,3222.9,12.859,16.278,+1.738,
89.841,3400,3225.6,12.870,16.278,+1.738,
89.888,3400,3240.0,12.927,16.181,+1.641,
89.913,3400,3250.5,12.969,16.181,+1.641,
89.939,3400,3257.5,12.997,16.181,+1.641,
89.966,3400,3261.9,13.015,15.381,+0.841,
89.999,3400,3213.6,12.822,15.381,+0.841,
90.026,3400,3276.7,13.073,15.381,+0.841,
90.045,3400,3222.0,12.855,15.381,+0.841,label:in
90.068,3400,3273.5,13.061,15.401,+0.861,
90.101,3400,3274.5,13.065,15.401,+0.861,
90.125,3400,3274.3,13.064,15.401,+0.861,
90.152,3400,3275.7,13.070,15.401,+0.861,
90.200,3400,3271.4,13.052,15.595,+1.055,
90.226,3400,3265.7,13.030,15.595,+1.055,
90.253,3400,3274.6,13.065,15.595,+1.055,
90.295,3400,3218.2,12.840,16.395,+1.855,
90.319,3400,3275.8,13.070,16.395,+1.855,
90.346,3400,3281.9,13.094,16.395,+1.855,
90.373,3400,3281.6,13.093,15.595,+1.055,
90.406,3400,3290.3,13.128,15.595,+1.055,
90.432,3400,3296.7,13.153,15.595,+1.055,
90.459,3400,3300.1,13.167,15.595,+1.055,
90.511,3400,3300.3,13.168,15.405,+0.865,
90.536,3400,3242.6,12.937,15.405,+0.865,
90.562,3400,3294.1,13.143,15.405,+0.865,
90.610,3400,3292.6,13.137,16.205,+1.665,
90.636,3400,3299.2,13.163,16.205,+1.665,
90.663,3400,3293.6,13.141,16.205,+1.665,
90.715,3400,3309.2,13.203,15.405,+0.865,
90.740,3400,3252.4,12.977,15.405,+0.865,
90.766,3400,3312.8,13.217,15.405,+0.865,
90.814,3400,3313.7,13.221,15.408,+0.868,
90.840,3400,3249.2,12.964,15.408,+0.868,
90.867,3400,3303.6,13.181,15.408,+0.868,
90.919,3400,3297.1,13.155,16.208,+1.668,
90.944,3400,3304.9,13.186,16.208,+1.668,
90.971,3400,3253.5,12.981,16.208,+1.668,
91.018,3400,3312.8,13.217,15.408,+0.868,
91.045,3400,3310.6,13.209,15.408,+0.868,
91.071,3400,3265.2,13.027,15.408,+0.868,
91.119,3400,3318.2,13.239,15.564,+1.024,
91.143,3400,3308.4,13.200,15.564,+1.024,
91.170,3400,3309.5,13.204,15.564,+1.024,
91.196,3400,3311.7,13.213,15.777,+1.237,
91.235,3400,3307.0,13.194,15.777,+1.237,
91.261,3400,3313.7,13.221,15.777,+1.237,
91.288,3400,3304.7,13.185,15.777,+1.237,
91.328,3400,3309.3,13.203,16.577,+2.037,
91.353,3400,3312.4,13.216,16.577,+2.037,
91.379,3400,3314.7,13.225,16.577,+2.037,
91.406,3400,3323.6,13.261,15.777,+1.237,
91.439,3400,3329.5,13.284,15.777,+1.237,
91.465,3400,3333.7,13.301,15.777,+1.237,
91.492,3400,3332.8,13.297,15.777,+1.237,
91.539,3400,3332.9,13.297,16.577,+2.037,
91.564,3400,3342.6,13.337,16.577,+2.037,
91.590,3400,3343.1,13.338,16.577,+2.037,
91.617,3400,3344.8,13.345,15.777,+1.237,
91.650,3400,3349.7,13.365,15.777,+1.237,
91.677,3400,3355.9,13.389,15.777,+1.237,
91.703,3400,3357.8,13.397,15.777,+1.237,
91.746,3400,3296.1,13.151,15.560,+1.020,
91.770,3400,3304.2,13.183,15.560,+1.020,
91.797,3400,3351.1,13.370,15.560,+1.020,
91.823,3400,3346.2,13.351,15.936,+1.396,
91.857,3400,3291.0,13.131,15.936,+1.396,
91.883,3400,3349.1,13.362,15.936,+1.396,
91.910,3400,3351.4,13.371,15.936,+1.396,
91.957,3400,3352.9,13.377,15.983,+1.443,
91.981,3400,3345.2,13.347,15.983,+1.443,
92.008,3400,3351.1,13.370,15.983,+1.443,
92.034,3400,3300.3,13.168,16.783,+2.243,
92.063,3400,3351.5,13.372,16.783,+2.243,
92.089,3400,3353.9,13.382,16.783,+2.243,
92.116,3400,3310.5,13.208,16.783,+2.243,
92.163,3400,3374.0,13.462,15.983,+1.443,
92.188,3400,3372.9,13.457,15.983,+1.443,
92.214,3400,3321.6,13.253,15.983,+1.443,
92.241,3400,3380.7,13.489,15.295,+0.755,
92.274,3400,3381.6,13.492,15.295,+0.755,
92.300,3400,3375.5,13.468,15.295,+0.755,
92.327,3400,3369.9,13.445,15.295,+0.755,
92.369,3400,3370.6,13.448,16.095,+1.555,
92.394,3400,3309.1,13.203,16.095,+1.555,
92.420,3400,3365.9,13.429,16.095,+1.555,
92.447,3400,3367.7,13.437,15.295,+0.755,
92.485,3400,3360.7,13.409,15.295,+0.755,
92.511,3400,3368.4,13.439,15.295,+0.755,
92.538,3400,3362.0,13.414,15.295,+0.755,
92.578,3400,3302.3,13.176,15.559,+1.019,
92.603,3400,3304.6,13.185,15.559,+1.019,
92.629,3400,3347.4,13.355,15.559,+1.019,
92.656,3400,3347.4,13.356,15.888,+1.348,
92.689,3400,3291.4,13.132,15.888,+1.348,
92.715,3400,3349.9,13.365,15.888,+1.348,
92.742,3400,3344.3,13.343,15.888,+1.348,
92.789,3400,3345.8,13.349,16.688,+2.148,
92.814,3400,3345.7,13.349,16.688,+2.148,
92.840,3400,3301.1,13.171,16.688,+2.148,
92.867,3400,3355.1,13.386,15.888,+1.348,
92.900,3400,3364.2,13.423,15.888,+1.348,
92.926,3400,3364.0,13.422,15.888,+1.348,
92.953,3400,3370.3,13.447,15.888,+1.348,
92.995,3400,3316.9,13.234,15.649,+1.109,
93.020,3400,3313.3,13.220,15.649,+1.109,
93.046,3400,3373.2,13.458,15.649,+1.109,
93.073,3400,3364.6,13.424,15.829,+1.289,
93.106,3400,3365.2,13.426,15.829,+1.289,
93.133,3400,3356.7,13.393,15.829,+1.289,
93.159,3400,3309.9,13.206,15.829,+1.289,
93.207,3400,3360.5,13.408,16.074,+1.534,
93.231,3400,3310.0,13.206,16.074,+1.534,
93.258,3400,3356.9,13.393,16.074,+1.534,
93.284,3400,3364.6,13.424,15.986,+1.446,
93.317,3400,3361.9,13.414,15.986,+1.446,
93.344,3400,3368.3,13.439,15.986,+1.446,
93.370,3400,3309.1,13.203,15.986,+1.446,
93.413,3400,3363.9,13.421,15.960,+1.420,
93.437,3400,3368.8,13.441,15.960,+1.420,
93.464,3400,3361.5,13.412,15.960,+1.420,
93.490,3400,3364.5,13.424,16.122,+1.582,
93.528,3400,3364.7,13.424,16.122,+1.582,
93.555,3400,3308.0,13.198,16.122,+1.582,
93.581,3400,3314.1,13.223,16.122,+1.582,
93.617,3400,3365.4,13.427,16.068,+1.528,
93.641,3400,3370.4,13.447,16.068,+1.528,
93.668,3400,3365.9,13.429,16.068,+1.528,
93.694,3400,3314.3,13.224,16.868,+2.328,
93.727,3400,3368.7,13.441,16.868,+2.328,
93.754,3400,3374.6,13.464,16.868,+2.328,
93.780,3400,3376.8,13.473,16.868,+2.328,
93.823,3400,3380.0,13.486,16.068,+1.528,
93.847,3400,3389.5,13.523,16.068,+1.528,
93.874,3400,3386.6,13.512,16.068,+1.528,
93.900,3400,3385.7,13.508,16.068,+1.528,
93.938,3400,3391.2,13.530,16.068,+1.528,
93.965,3400,3382.4,13.495,16.068,+1.528,
93.991,3400,3333.9,13.302,16.068,+1.528,
94.026,3400,3380.5,13.488,16.068,+1.528,
94.051,3400,3391.6,13.532,16.068,+1.528,
94.078,3400,3384.0,13.502,16.068,+1.528,
94.104,3400,3379.8,13.485,16.513,+1.973,
94.137,3400,3380.7,13.488,16.513,+1.973,
94.164,3400,3387.0,13.513,16.513,+1.973,
94.190,3400,3395.0,13.546,16.513,+1.973,
94.238,3400,3398.5,13.560,17.313,+2.773,
94.262,3400,3399.1,13.562,17.313,+2.773,
94.289,3400,3405.2,13.586,17.313,+2.773,
94.315,3400,3416.3,13.631,16.513,+1.973,
94.354,3400,3368.5,13.440,16.513,+1.973,
94.380,3400,3375.5,13.468,16.513,+1.973,
94.407,3400,3384.0,13.502,16.513,+1.973,
94.442,3400,3382.6,13.496,15.713,+1.173,
94.466,3400,3438.9,13.721,15.713,+1.173,
94.493,3400,3431.3,13.690,15.713,+1.173,
94.519,3400,3436.0,13.709,15.666,+1.126,
94.552,3400,3423.6,13.660,15.666,+1.126,
94.579,3400,3429.9,13.685,15.666,+1.126,
94.606,3400,3414.7,13.624,15.666,+1.126,
94.648,3400,3110.5,12.410,16.466,+1.926,
94.672,3400,2871.3,11.456,16.466,+1.926,shot:3383:31
94.697,3400,2718.8,10.848,16.466,+1.926,
94.723,3400,2736.5,10.918,16.466,+1.926,
94.764,3400,2782.7,11.103,17.266,+2.726,
94.790,3400,2815.4,11.233,17.266,+2.726,
94.817,3400,2847.9,11.363,17.266,+2.726,
94.864,3400,2863.6,11.425,16.466,+1.926,
94.888,3400,2939.6,11.728,16.466,+1.926,
94.915,3400,2974.3,11.867,16.466,+1.926,
94.939,3400,2944.8,11.749,15.666,+1.126,
94.973,3400,3020.8,12.052,15.666,+1.126,
94.999,3400,3035.0,12.109,15.666,+1.126,
95.025,3400,3053.6,12.183,15.666,+1.126,
95.073,3400,3025.3,12.070,14.866,+0.326,
95.098,3400,3034.3,12.106,14.866,+0.326,
95.124,3400,3088.6,12.323,14.866,+0.326,
95.151,3400,3094.9,12.348,14.866,+0.326,
95.184,3400,3098.4,12.362,14.866,+0.326,
95.210,3400,3103.3,12.382,14.866,+0.326,
95.237,3400,3104.6,12.387,14.866,+0.326,
95.284,3400,3112.7,12.419,15.263,+0.723,
95.309,3400,3112.0,12.416,15.263,+0.723,
95.335,3400,3121.8,12.455,15.263,+0.723,
95.362,3400,3123.5,12.462,15.437,+0.897,
95.395,3400,3130.6,12.491,15.437,+0.897,
95.421,3400,3136.5,12.514,15.437,+0.897,
95.448,3400,3143.9,12.543,15.437,+0.897,
95.495,3400,3150.8,12.571,15.410,+0.870,
95.520,3400,3161.2,12.612,15.410,+0.870,
95.546,3400,3162.5,12.618,15.410,+0.870,
95.573,3400,3168.0,12.640,15.513,+0.973,
95.606,3400,3173.6,12.662,15.513,+0.973,
95.632,3400,3179.7,12.687,15.513,+0.973,
95.659,3400,3128.9,12.484,15.513,+0.973,
95.701,3400,3143.2,12.541,15.567,+1.027,
95.726,3400,3194.1,12.744,15.567,+1.027,
95.752,3400,3202.6,12.778,15.567,+1.027,
95.779,3400,3204.1,12.784,15.609,+1.069,
95.812,3400,3209.4,12.805,15.609,+1.069,
95.838,3400,3163.9,12.624,15.609,+1.069,
95.865,3400,3224.3,12.864,15.609,+1.069,
95.917,3400,3231.3,12.892,15.502,+0.962,
95.942,3400,3230.1,12.888,15.502,+0.962,
95.968,3400,3235.0,12.907,15.502,+0.962,
96.016,3400,3190.1,12.728,16.302,+1.762,
96.042,3400,3246.1,12.951,16.302,+1.762,
96.069,3400,3249.5,12.965,16.302,+1.762,
96.116,3400,3262.0,13.015,15.502,+0.962,
96.141,3400,3217.0,12.835,15.502,+0.962,
96.168,3400,3268.0,13.039,15.502,+0.962,
96.194,3400,3221.9,12.855,16.302,+1.762,
96.227,3400,3276.2,13.071,16.302,+1.762,
96.254,3400,3225.8,12.870,16.302,+1.762,
96.280,3400,3279.5,13.085,16.302,+1.762,
96.328,3400,3237.4,12.917,15.502,+0.962,
96.352,3400,3299.0,13.163,15.502,+0.962,
96.379,3400,3296.8,13.153,15.502,+0.962,
96.405,3400,3246.4,12.952,16.302,+1.762,
96.444,3400,3298.9,13.162,16.302,+1.762,
96.470,3400,3300.7,13.169,16.302,+1.762,
96.497,3400,3309.1,13.203,16.302,+1.762,
96.532,3400,3313.2,13.219,15.502,+0.962,
96.556,3400,3260.8,13.010,15.502,+0.962,
96.583,3400,3315.3,13.228,15.502,+0.962,
96.609,3400,3321.9,13.254,15.351,+0.811,
96.643,3400,3266.1,13.031,15.351,+0.811,
96.669,3400,3315.8,13.229,15.351,+0.811,
96.696,3400,3256.0,12.991,15.351,+0.811,
96.743,3400,3309.0,13.202,15.815,+1.275,
96.767,3400,3314.8,13.225,15.815,+1.275,
96.794,3400,3308.0,13.198,15.815,+1.275,
96.820,3400,3311.9,13.214,15.910,+1.370,
96.854,3400,3313.3,13.220,15.910,+1.370,
96.880,3400,3266.7,13.033,15.910,+1.370,
96.907,3400,3318.7,13.241,15.910,+1.370,
96.954,3400,3321.8,13.253,16.710,+2.170,
96.979,3400,3327.9,13.278,16.710,+2.170,
97.005,3400,3280.8,13.090,16.710,+2.170,
97.032,3400,3338.3,13.319,15.910,+1.370,
97.065,3400,3347.3,13.355,15.910,+1.370,
97.092,3400,3353.6,13.380,15.910,+1.370,
97.118,3400,3359.9,13.405,15.910,+1.370,
97.166,3400,3361.9,13.413,15.582,+1.042,
97.190,3400,3355.6,13.388,15.582,+1.042,
97.217,3400,3304.0,13.182,15.582,+1.042,
97.243,3400,3360.1,13.406,15.636,+1.096,
97.282,3400,3352.5,13.376,15.636,+1.096,
97.308,3400,3357.4,13.395,15.636,+1.096,
97.335,3400,3349.9,13.366,15.636,+1.096,
97.380,3400,3343.3,13.339,16.070,+1.530,
97.405,3400,3349.9,13.365,16.070,+1.530,
97.431,3400,3297.3,13.156,16.070,+1.530,
97.479,3400,3298.0,13.159,15.934,+1.394,
97.505,3400,3350.1,13.366,15.934,+1.394,
97.532,3400,3354.3,13.383,15.934,+1.394,
97.579,3400,3358.3,13.399,16.734,+2.194,
97.604,3400,3360.5,13.408,16.734,+2.194,
97.630,3400,3361.5,13.412,16.734,+2.194,
97.657,3400,3371.6,13.452,15.934,+1.394,
97.695,3400,3376.5,13.472,15.934,+1.394,
97.721,3400,3381.9,13.493,15.934,+1.394,
97.748,3400,3331.5,13.292,15.934,+1.394,
97.788,3400,3323.3,13.259,15.366,+0.826,
97.813,3400,3332.0,13.294,15.366,+0.826,
97.839,3400,3374.3,13.463,15.366,+0.826,
97.866,3400,3368.6,13.440,16.058,+1.518,
97.899,3400,3363.0,13.418,16.058,+1.518,
97.926,3400,3366.3,13.431,16.058,+1.518,
97.952,3400,3314.1,13.223,16.058,+1.518,
98.000,3400,3367.4,13.435,16.189,+1.649,
98.024,3400,3307.8,13.197,16.189,+1.649,
98.051,3400,3367.9,13.437,16.189,+1.649,
98.077,3400,3369.8,13.445,16.163,+1.623,
98.111,3400,3372.7,13.457,16.163,+1.623,
98.137,3400,3373.0,13.458,16.163,+1.623,
98.164,3400,3369.8,13.445,16.163,+1.623,
98.216,3400,3377.4,13.475,16.963,+2.423,
98.241,3400,3379.3,13.483,16.963,+2.423,
98.267,3400,3386.1,13.510,16.963,+2.423,
98.320,3400,3392.0,13.533,16.163,+1.623,
98.347,3400,3400.8,13.569,16.163,+1.623,
98.373,3400,3404.3,13.582,16.163,+1.623,
98.421,3400,3407.9,13.597,16.963,+2.423,
98.445,3400,3402.9,13.577,16.963,+2.423,
98.472,3400,3412.4,13.615,16.963,+2.423,
98.498,3400,3417.8,13.637,16.163,+1.623,
98.532,3400,3424.4,13.663,16.163,+1.623,
98.558,3400,3424.2,13.662,16.163,+1.623,
98.585,3400,3421.3,13.651,16.163,+1.623,
98.637,3400,3427.2,13.674,15.685,+1.145,
98.662,3400,3416.1,13.630,15.685,+1.145,
98.688,3400,3421.9,13.653,15.685,+1.145,
98.736,3400,3361.3,13.411,16.120,+1.580,
98.762,3400,3358.1,13.398,16.120,+1.580,
98.789,3400,3347.7,13.357,16.120,+1.580,
98.831,3400,3346.9,13.353,16.120,+1.580,
98.856,3400,3352.3,13.375,16.120,+1.580,
98.882,3400,3346.5,13.352,16.120,+1.580,
98.909,3400,3401.5,13.571,16.120,+1.580,
98.942,3400,3396.6,13.552,16.120,+1.580,
98.968,3400,3403.5,13.579,16.120,+1.580,
98.995,3400,3407.0,13.593,16.120,+1.580,
99.047,3400,3398.0,13.557,16.120,+1.580,
99.070,3400,3398.1,13.558,16.120,+1.580,label:short
99.093,3400,3402.8,13.577,16.120,+1.580,
99.119,3400,3401.2,13.570,16.120,+1.580,
99.152,3400,3401.8,13.573,16.120,+1.580,shot:3409:28
99.175,3400,3392.2,13.534,16.120,+1.580,
99.201,3400,3397.1,13.554,16.120,+1.580,
99.249,3400,3396.1,13.550,16.120,+1.580,
99.273,3400,3392.1,13.534,16.120,+1.580,
99.300,3400,3388.0,13.517,16.120,+1.580,
99.327,3400,3394.7,13.544,16.120,+1.580,
99.360,3400,3391.1,13.530,16.120,+1.580,
99.386,3400,3396.3,13.551,16.120,+1.580,
99.413,3400,3389.9,13.525,16.120,+1.580,
99.460,3400,3388.0,13.518,16.920,+2.380,
99.485,3400,3388.6,13.520,16.920,+2.380,
99.511,3400,3398.4,13.559,16.920,+2.380,
99.538,3400,3398.0,13.557,16.120,+1.580,
99.571,3400,3406.9,13.593,16.120,+1.580,
99.598,3400,3402.4,13.575,16.120,+1.580,
99.624,3400,3404.4,13.583,16.120,+1.580,
99.671,3400,3404.3,13.583,16.920,+2.380,
99.696,3400,3410.3,13.606,16.920,+2.380,
99.723,3400,3406.4,13.591,16.920,+2.380,
99.749,3400,3411.1,13.610,16.120,+1.580,
99.782,3400,3414.5,13.623,16.120,+1.580,
99.809,3400,3420.8,13.648,16.120,+1.580,
99.835,3400,3423.5,13.659,16.120,+1.580,
99.883,3400,3368.4,13.439,15.600,+1.060,
99.907,3400,3357.5,13.396,15.600,+1.060,
99.934,3400,3360.9,13.409,15.600,+1.060,
99.960,3400,3358.1,13.398,16.400,+1.860,
99.993,3400,3353.0,13.378,16.400,+1.860,
100.020,3400,3348.7,13.361,16.400,+1.860,
100.046,3400,3399.5,13.563,16.400,+1.860,
100.099,3400,3407.4,13.595,15.600,+1.060,
100.124,3400,3398.7,13.560,15.600,+1.060,
100.150,3400,3404.2,13.582,15.600,+1.060,
100.198,3400,3400.1,13.566,15.600,+1.060,
100.224,3400,3391.8,13.533,15.600,+1.060,
100.251,3400,3379.9,13.485,15.600,+1.060,
100.298,3400,3371.8,13.453,15.600,+1.060,
100.323,3400,3380.4,13.487,15.600,+1.060,shot:3405:26
100.345,3400,3367.1,13.434,15.600,+1.060,
100.372,3400,3367.7,13.437,16.310,+1.770,
100.410,3400,3362.8,13.417,16.310,+1.770,
100.437,3400,3358.1,13.398,16.310,+1.770,
100.463,3400,3367.3,13.435,16.310,+1.770,
100.503,3400,3367.1,13.434,16.401,+1.861,
100.528,3400,3313.8,13.222,16.401,+1.861,
100.555,3400,3320.9,13.250,16.401,+1.861,
100.581,3400,3372.1,13.454,16.344,+1.804,
100.614,3400,3378.9,13.481,16.344,+1.804,
100.641,3400,3377.2,13.474,16.344,+1.804,
100.667,3400,3383.9,13.501,16.344,+1.804,
100.715,3400,3388.4,13.519,17.144,+2.604,
100.739,3400,3392.2,13.534,17.144,+2.604,
100.766,3400,3394.4,13.543,17.144,+2.604,
100.792,3400,3404.5,13.583,16.344,+1.804,
100.825,3400,3411.3,13.610,16.344,+1.804,
100.852,3400,3419.3,13.642,16.344,+1.804,
100.879,3400,3419.4,13.643,16.344,+1.804,
100.926,3400,3365.2,13.427,15.793,+1.253,
100.951,3400,3415.1,13.626,15.793,+1.253,
100.978,3400,3418.6,13.640,15.793,+1.253,
101.004,3400,3414.4,13.623,16.294,+1.754,
101.037,3400,3414.8,13.624,16.294,+1.754,
101.064,3400,3348.0,13.358,16.294,+1.754,
101.090,3400,3349.3,13.363,16.294,+1.754,
101.138,3400,3398.9,13.561,16.294,+1.754,
101.162,3400,3411.3,13.610,16.294,+1.754,
101.189,3400,3405.2,13.586,16.294,+1.754,
101.215,3400,3401.4,13.571,16.294,+1.754,
101.249,3400,3402.3,13.574,16.294,+1.754,
101.275,3400,3405.3,13.586,16.294,+1.754,
101.302,3400,3409.8,13.605,16.294,+1.754,
101.349,3400,3410.7,13.608,17.094,+2.554,
101.374,3400,3408.9,13.601,17.094,+2.554,
101.400,3400,3413.8,13.620,17.094,+2.554,
101.427,3400,3422.4,13.655,16.294,+1.754,
101.460,3400,3428.7,13.680,16.294,+1.754,
101.486,3400,3433.5,13.699,16.294,+1.754,
101.513,3400,3428.3,13.678,16.294,+1.754,
101.560,3400,3432.8,13.696,15.981,+1.441,
101.585,3400,3431.7,13.692,15.981,+1.441,
101.612,3400,3434.7,13.704,15.981,+1.441,
101.638,3400,3427.5,13.675,16.067,+1.527,
101.671,3400,3427.3,13.674,16.067,+1.527,
101.698,3400,3417.2,13.634,16.067,+1.527,
101.724,3400,3421.4,13.651,16.067,+1.527,
101.777,3400,3413.3,13.619,16.618,+2.078,
101.801,3400,3415.2,13.626,16.618,+2.078,
101.828,3400,3422.8,13.656,16.618,+2.078,
101.880,3400,3417.6,13.636,16.618,+2.078,
101.907,3400,3426.0,13.669,16.618,+2.078,
101.933,3400,3428.3,13.678,16.618,+2.078,
101.986,3400,3376.3,13.471,17.144,+2.604,
102.010,3400,3435.7,13.708,17.144,+2.604,
102.037,3400,3437.2,13.714,17.144,+2.604,
102.084,3400,3390.1,13.526,16.666,+2.126,
102.111,3400,3393.0,13.537,16.666,+2.126,
102.137,3400,3454.0,13.781,16.666,+2.126,
102.185,3400,3460.0,13.805,16.666,+2.126,
102.209,3400,3404.2,13.582,16.666,+2.126,
102.236,3400,3457.9,13.796,16.666,+2.126,
102.262,3400,3461.2,13.810,15.866,+1.326,
102.296,3400,3459.7,13.803,15.866,+1.326,
102.322,3400,3465.3,13.826,15.866,+1.326,
102.349,3400,3460.3,13.806,15.866,+1.326,
102.391,3400,3450.6,13.767,15.710,+1.170,
102.416,3400,3452.6,13.775,15.710,+1.170,
102.442,3400,3449.9,13.765,15.710,+1.170,
102.469,3400,3439.2,13.722,16.102,+1.562,
102.502,3400,3439.2,13.722,16.102,+1.562,
102.528,3400,3429.1,13.682,16.102,+1.562,
102.555,3400,3433.9,13.701,16.102,+1.562,
102.602,3400,3424.6,13.664,16.287,+1.747,
102.627,3400,3434.2,13.702,16.287,+1.747,
102.653,3400,3427.4,13.675,16.287,+1.747,
102.680,3400,3422.4,13.655,16.339,+1.799,
102.708,3400,3372.5,13.456,16.339,+1.799,
102.734,3400,3376.6,13.472,16.339,+1.799,
102.761,3400,3367.7,13.436,16.339,+1.799,
102.803,3400,3420.6,13.648,16.123,+1.583,
102.828,3400,3430.5,13.687,16.123,+1.583,
102.854,3400,3421.7,13.652,16.123,+1.583,
102.881,3400,3417.3,13.635,16.727,+2.187,
102.909,3400,3369.6,13.444,16.727,+2.187,shot:3442:30
102.933,3400,3368.4,13.439,16.727,+2.187,
102.960,3400,3364.0,13.422,16.727,+2.187,
102.986,3400,3425.7,13.668,16.162,+1.622,
103.019,3400,3426.7,13.672,16.162,+1.622,
103.044,3400,3436.8,13.712,16.162,+1.622,
103.070,3400,3431.3,13.690,16.162,+1.622,
103.118,3400,3375.7,13.469,15.866,+1.326,
103.144,3400,3370.2,13.446,15.866,+1.326,
103.171,3400,3374.9,13.465,15.866,+1.326,
103.218,3400,3423.8,13.660,16.157,+1.617,
103.243,3400,3424.2,13.662,16.157,+1.617,
103.269,3400,3414.5,13.623,16.157,+1.617,
103.296,3400,3417.6,13.635,16.561,+2.021,
103.329,3400,3412.3,13.615,16.561,+2.021,
103.356,3400,3418.4,13.639,16.561,+2.021,
103.382,3400,3420.8,13.648,16.561,+2.021,
103.430,3400,3369.1,13.442,16.561,+2.021,
103.454,3400,3363.5,13.420,16.561,+2.021,
103.481,3400,3368.7,13.441,16.561,+2.021,
103.507,3400,3376.2,13.471,17.084,+2.544,
103.540,3400,3378.2,13.478,17.084,+2.544,
103.567,3400,3435.4,13.706,17.084,+2.544,
103.593,3400,3437.3,13.714,17.084,+2.544,
103.641,3400,3445.0,13.745,16.609,+2.069,
103.665,3400,3395.6,13.548,16.609,+2.069,
103.692,3400,3456.4,13.790,16.609,+2.069,
103.718,3400,3453.2,13.778,15.809,+1.269,
103.751,3400,3460.0,13.805,15.809,+1.269,
103.778,3400,3448.9,13.761,15.809,+1.269,
103.804,3400,3453.0,13.777,15.809,+1.269,
103.857,3400,3442.9,13.737,15.876,+1.336,
103.881,3400,3444.4,13.742,15.876,+1.336,
103.908,3400,3443.4,13.739,15.876,+1.336,
103.955,3400,3440.0,13.725,15.923,+1.383,
103.982,3400,3433.8,13.700,15.923,+1.383,
104.008,3400,3425.6,13.667,15.923,+1.383,
104.056,3400,3421.6,13.652,16.723,+2.183,
104.080,3400,3373.0,13.457,16.723,+2.183,
104.107,3400,3379.1,13.482,16.723,+2.183,
104.133,3400,3377.4,13.475,16.667,+2.127,
104.172,3400,3441.4,13.730,16.667,+2.127,
104.198,3400,3450.1,13.765,16.667,+2.127,
104.225,3400,3447.5,13.755,16.667,+2.127,
104.265,3400,3401.0,13.569,15.867,+1.327,
104.289,3400,3460.6,13.807,15.867,+1.327,
104.316,3400,3455.1,13.785,15.867,+1.327,
104.342,3400,3460.1,13.805,15.541,+1.001,
104.381,3400,3396.3,13.550,15.541,+1.001,
104.407,3400,3392.2,13.534,15.541,+1.001,
104.434,3400,3450.8,13.768,15.541,+1.001,
104.474,3400,3440.6,13.728,15.641,+1.101,
104.499,3400,3435.7,13.708,15.641,+1.101,
104.525,3400,3440.9,13.728,15.641,+1.101,
104.552,3400,3430.9,13.689,15.962,+1.422,
104.585,3400,3430.7,13.688,15.962,+1.422,
104.611,3400,3424.1,13.661,15.962,+1.422,
104.638,3400,3420.7,13.648,15.962,+1.422,
104.685,3400,3419.8,13.644,16.134,+1.594,
104.710,3400,3425.7,13.668,16.134,+1.594,
104.736,3400,3425.1,13.666,16.134,+1.594,
104.763,3400,3420.4,13.647,16.090,+1.550,
104.796,3400,3421.9,13.653,16.090,+1.550,
104.822,3400,3421.8,13.652,16.090,+1.550,
104.849,3400,3429.2,13.682,16.090,+1.550,
104.896,3400,3431.5,13.691,16.890,+2.350,
104.921,3400,3375.4,13.467,16.890,+2.350,
104.947,3400,3376.6,13.472,16.890,+2.350,
104.974,3400,3383.9,13.501,16.279,+1.739,
105.007,3400,3442.2,13.734,16.279,+1.739,
105.034,3400,3449.3,13.762,16.279,+1.739,
105.060,3400,3452.6,13.775,16.279,+1.739,
105.113,3400,3452.1,13.773,15.479,+0.939,
105.138,3400,3398.4,13.559,15.479,+0.939,
105.164,3400,3387.7,13.516,15.479,+0.939,
105.212,3400,3436.3,13.710,15.554,+1.014,
105.238,3400,3432.4,13.695,15.554,+1.014,
105.265,3400,3436.4,13.711,15.554,+1.014,
105.312,3400,3372.4,13.455,15.927,+1.387,
105.337,3400,3362.4,13.415,15.927,+1.387,
105.363,3400,3414.3,13.622,15.927,+1.387,
105.390,3400,3411.6,13.612,16.431,+1.891,
105.433,3400,3420.9,13.649,16.431,+1.891,
105.460,3400,3418.4,13.639,16.431,+1.891,
105.486,3400,3415.5,13.627,16.431,+1.891,
105.526,3400,3371.1,13.450,15.957,+1.417,
105.551,3400,3366.7,13.433,15.957,+1.417,
105.577,3400,3366.7,13.433,15.957,+1.417,
105.604,3400,3374.6,13.464,16.757,+2.217,
105.637,3400,3373.3,13.459,16.757,+2.217,
105.664,3400,3375.7,13.468,16.757,+2.217,
105.690,3400,3374.8,13.465,16.757,+2.217,shot:3419:29
105.741,3400,3387.6,13.516,16.248,+1.708,
105.765,3400,3441.3,13.730,16.248,+1.708,
105.792,3400,3445.7,13.748,16.248,+1.708,
105.844,3400,3444.0,13.741,15.448,+0.908,
105.871,3400,3440.7,13.728,15.448,+0.908,
105.897,3400,3446.0,13.749,15.448,+0.908,
105.949,3400,3375.5,13.468,15.515,+0.975,
105.974,3400,3434.7,13.704,15.515,+0.975,
106.000,3400,3424.2,13.662,15.515,+0.975,
106.048,3400,3417.7,13.636,16.315,+1.775,
106.074,3400,3406.0,13.589,16.315,+1.775,
106.101,3400,3413.7,13.620,16.315,+1.775,
106.148,3400,3353.6,13.380,15.702,+1.162,
106.173,3400,3359.0,13.402,15.702,+1.162,
106.199,3400,3350.5,13.368,15.702,+1.162,
106.226,3400,3350.8,13.369,16.502,+1.962,
106.259,3400,3399.0,13.561,16.502,+1.962,
106.286,3400,3402.5,13.575,16.502,+1.962,
106.312,3400,3405.3,13.587,16.502,+1.962,
106.359,3400,3350.8,13.369,15.702,+1.162,
106.384,3400,3345.0,13.346,15.702,+1.162,
106.410,3400,3347.9,13.358,15.702,+1.162,
106.437,3400,3401.2,13.570,15.702,+1.162,
106.470,3400,3401.0,13.569,15.702,+1.162,
106.497,3400,3386.8,13.513,15.702,+1.162,shot:3408:30
106.521,3400,3392.8,13.537,15.702,+1.162,
106.563,3400,3391.3,13.531,15.702,+1.162,
106.588,3400,3375.4,13.467,15.702,+1.162,
106.615,3400,3378.9,13.481,15.702,+1.162,
106.641,3400,3380.3,13.487,15.702,+1.162,
106.679,3400,3367.5,13.436,15.702,+1.162,
106.706,3400,3320.5,13.248,15.702,+1.162,
106.732,3400,3363.9,13.421,15.702,+1.162,
106.773,3400,3364.2,13.423,16.502,+1.962,
106.797,3400,3364.8,13.425,16.502,+1.962,
106.824,3400,3358.6,13.400,16.502,+1.962,
106.850,3400,3364.6,13.424,16.465,+1.925,
106.883,3400,3312.2,13.215,16.465,+1.925,
106.910,3400,3375.2,13.466,16.465,+1.925,
106.936,3400,3373.9,13.461,16.465,+1.925,
106.989,3400,3327.9,13.278,16.219,+1.679,
107.013,3400,3324.5,13.264,16.219,+1.679,
107.040,3400,3381.8,13.493,16.219,+1.679,
107.092,3400,3384.3,13.503,15.799,+1.259,
107.119,3400,3377.9,13.477,15.799,+1.259,
107.145,3400,3314.6,13.225,15.799,+1.259,
107.193,3400,2999.8,11.969,16.599,+2.059,
107.217,3400,2825.5,11.273,16.599,+2.059,
107.244,3400,2705.9,10.796,16.599,+2.059,
107.270,3400,2729.8,10.891,17.399,+2.859,
107.309,3400,2779.1,11.088,17.399,+2.859,shot:3373:201
107.331,3400,2760.6,11.014,17.399,+2.859,
107.357,3400,2840.8,11.334,17.399,+2.859,
107.405,3400,2904.0,11.586,16.599,+2.059,
107.429,3400,2934.2,11.707,16.599,+2.059,
107.456,3400,2963.8,11.825,16.599,+2.059,
107.483,3400,2988.4,11.923,15.799,+1.259,
107.516,3400,3017.6,12.040,15.799,+1.259,
107.542,3400,3039.7,12.128,15.799,+1.259,
107.569,3400,3004.5,11.987,15.799,+1.259,
107.616,3400,3081.7,12.296,16.049,+1.509,
107.641,3400,3088.6,12.323,16.049,+1.509,
107.667,3400,3106.1,12.393,16.049,+1.509,
107.694,3400,3116.5,12.434,15.249,+0.709,
107.727,3400,3132.5,12.498,15.249,+0.709,
107.753,3400,3143.8,12.543,15.249,+0.709,
107.780,3400,3151.8,12.575,15.249,+0.709,
107.827,3400,3105.7,12.391,14.953,+0.413,
107.852,3400,3163.8,12.623,14.953,+0.413,
107.878,3400,3158.6,12.602,14.953,+0.413,
107.905,3400,3162.9,12.619,15.284,+0.744,
107.938,3400,3163.2,12.620,15.284,+0.744,
107.964,3400,3164.8,12.627,15.284,+0.744,
107.991,3400,3165.0,12.628,15.284,+0.744,
108.038,3400,3170.8,12.651,15.740,+1.200,
108.063,3400,3173.3,12.661,15.740,+1.200,
108.089,3400,3126.6,12.475,15.740,+1.200,
108.116,3400,3187.4,12.717,15.691,+1.151,
108.149,3400,3196.3,12.753,15.691,+1.151,
108.176,3400,3194.6,12.746,15.691,+1.151,
108.202,3400,3202.9,12.779,15.691,+1.151,
108.250,3400,3211.4,12.813,15.746,+1.206,
108.274,3400,3210.2,12.808,15.746,+1.206,
108.301,3400,3220.3,12.849,15.746,+1.206,
108.327,3400,3218.8,12.842,15.818,+1.278,
108.360,3400,3175.0,12.668,15.818,+1.278,
108.387,3400,3228.6,12.882,15.818,+1.278,
108.413,3400,3239.0,12.923,15.818,+1.278,
108.461,3400,3191.6,12.734,16.618,+2.078,
108.485,3400,3247.2,12.956,16.618,+2.078,
108.512,3400,3208.7,12.802,16.618,+2.078,
108.538,3400,3264.1,13.023,15.818,+1.278,
108.566,3400,3272.6,13.057,15.818,+1.278,
108.593,3400,3283.4,13.100,15.818,+1.278,
108.619,3400,3281.7,13.093,15.818,+1.278,
108.662,3400,3235.3,12.908,15.485,+0.945,
108.686,3400,3290.3,13.128,15.485,+0.945,
108.713,3400,3285.5,13.109,15.485,+0.945,
108.739,3400,3294.7,13.145,15.633,+1.093,
108.772,3400,3291.9,13.134,15.633,+1.093,
108.799,3400,3289.9,13.126,15.633,+1.093,
108.825,3400,3284.6,13.105,15.633,+1.093,
108.867,3400,3295.1,13.147,16.005,+1.465,
108.892,3400,3289.7,13.125,16.005,+1.465,
108.918,3400,3240.1,12.927,16.005,+1.465,
108.945,3400,3300.1,13.167,15.950,+1.410,
108.978,3400,3251.3,12.972,15.950,+1.410,
109.005,3400,3301.9,13.174,15.950,+1.410,
109.031,3400,3304.4,13.184,15.950,+1.410,
109.079,3400,3254.0,12.983,16.107,+1.567,
109.103,3400,3310.9,13.210,16.107,+1.567,
109.130,3400,3309.1,13.203,16.107,+1.567,
109.156,3400,3264.9,13.026,16.907,+2.367,
109.190,3400,3320.6,13.248,16.907,+2.367,
109.216,3400,3328.6,13.280,16.907,+2.367,
109.243,3400,3274.6,13.065,16.907,+2.367,
109.290,3400,3288.8,13.122,16.107,+1.567,
109.314,3400,3354.3,13.383,16.107,+1.567,
109.341,3400,3356.2,13.391,16.107,+1.567,
109.367,3400,3354.2,13.383,15.852,+1.312,
109.395,3400,3361.7,13.412,15.852,+1.312,
109.422,3400,3362.6,13.416,15.852,+1.312,
109.448,3400,3355.6,13.388,15.852,+1.312,
109.496,3400,3354.9,13.386,16.652,+2.112,
109.520,3400,3360.0,13.406,16.652,+2.112,
109.547,3400,3310.5,13.208,16.652,+2.112,
109.573,3400,3310.0,13.206,16.760,+2.220,
109.607,3400,3370.3,13.447,16.760,+2.220,
109.633,3400,3375.8,13.469,16.760,+2.220,
109.660,3400,3385.0,13.505,16.760,+2.220,
109.707,3400,3392.6,13.536,16.504,+1.964,
109.731,3400,3389.7,13.524,16.504,+1.964,
109.758,3400,3396.2,13.550,16.504,+1.964,
109.785,3400,3402.2,13.574,15.704,+1.164,
109.818,3400,3401.8,13.573,15.704,+1.164,
109.844,3400,3403.1,13.578,15.704,+1.164,
109.871,3400,3396.9,13.553,15.704,+1.164,
109.923,3400,3343.2,13.339,16.504,+1.964,
109.948,3400,3387.9,13.517,16.504,+1.964,
109.974,3400,3394.1,13.542,16.504,+1.964,
110.022,3400,3339.5,13.324,15.704,+1.164,
110.048,3400,3345.4,13.348,15.704,+1.164,
110.075,3400,3335.2,13.307,15.704,+1.164,
110.122,3400,3386.9,13.513,15.704,+1.164,
110.147,3400,3387.9,13.517,15.704,+1.164,
110.174,3400,3331.9,13.294,15.704,+1.164,
110.200,3400,3319.2,13.243,16.504,+1.964,
110.238,3400,3326.1,13.270,16.504,+1.964,
110.265,3400,3373.9,13.461,16.504,+1.964,
110.291,3400,3371.5,13.452,16.504,+1.964,
110.332,3400,3381.6,13.492,15.704,+1.164,
110.356,3400,3375.4,13.467,15.704,+1.164,
110.383,3400,3377.4,13.475,15.704,+1.164,
110.400,3400,3372.3,13.455,15.704,+1.164,label:short
110.423,3400,3375.8,13.469,15.745,+1.205,
110.456,3400,3376.5,13.471,15.745,+1.205,
110.482,3400,3312.0,13.214,15.745,+1.205,
110.509,3400,3368.1,13.438,15.745,+1.205,
110.556,3400,3362.4,13.415,16.141,+1.601,
110.581,3400,3367.4,13.435,16.141,+1.601,
110.608,3400,3358.0,13.398,16.141,+1.601,
110.634,3400,3360.4,13.407,16.212,+1.672,
110.668,3400,3358.5,13.400,16.212,+1.672,
110.694,3400,3313.9,13.222,16.212,+1.672,
110.721,3400,3313.8,13.222,16.212,+1.672,
110.768,3400,3314.9,13.226,16.088,+1.548,
110.792,3400,3311.4,13.212,16.088,+1.548,
110.819,3400,3373.0,13.458,16.088,+1.548,
110.845,3400,3371.2,13.450,16.116,+1.576,
110.879,3400,3375.0,13.466,16.116,+1.576,
110.905,3400,3369.2,13.442,16.116,+1.576,
110.932,3400,3319.2,13.243,16.116,+1.576,
110.984,3400,3370.1,13.446,16.257,+1.717,
111.009,3400,3375.1,13.466,16.257,+1.717,
111.035,3400,3377.6,13.476,16.257,+1.717,
111.083,3400,3380.7,13.488,17.057,+2.517,
111.109,3400,3380.0,13.486,17.057,+2.517,
111.136,3400,3386.2,13.511,17.057,+2.517,
111.189,3400,3345.2,13.347,16.971,+2.431,
111.213,3400,3351.6,13.372,16.971,+2.431,
111.240,3400,3357.6,13.396,16.971,+2.431,
111.282,3400,3423.1,13.658,16.171,+1.631,
111.309,3400,3424.7,13.664,16.171,+1.631,
111.335,3400,3430.0,13.685,16.171,+1.631,
111.362,3400,3432.9,13.697,15.447,+0.907,
111.390,3400,3366.4,13.431,15.447,+0.907,
111.414,3400,3424.5,13.663,15.447,+0.907,
111.441,3400,3426.3,13.671,15.447,+0.907,
111.467,3400,3412.8,13.616,16.105,+1.565,
111.496,3400,3408.0,13.597,16.105,+1.565,
111.522,3400,3413.0,13.617,16.105,+1.565,
111.549,3400,3406.7,13.592,16.105,+1.565,
111.596,3400,3406.8,13.593,16.105,+1.565,
111.621,3400,3398.3,13.559,16.105,+1.565,
111.647,3400,3401.1,13.570,16.105,+1.565,
111.674,3400,3405.5,13.587,16.105,+1.565,
111.712,3400,3394.8,13.545,16.105,+1.565,
111.739,3400,3402.2,13.574,16.105,+1.565,
111.765,3400,3402.6,13.576,16.105,+1.565,
111.806,3400,3393.3,13.539,16.105,+1.565,
111.830,3400,3404.0,13.581,16.105,+1.565,
111.857,3400,3396.9,13.553,16.105,+1.565,
111.883,3400,3390.9,13.529,16.105,+1.565,
111.916,3400,3335.7,13.309,16.105,+1.565,
111.943,3400,3343.1,13.338,16.105,+1.565,
111.969,3400,3345.1,13.346,16.105,+1.565,
112.017,3400,3398.7,13.560,16.105,+1.565,
112.041,3400,3390.4,13.527,16.105,+1.565,
112.068,3400,3339.6,13.324,16.105,+1.565,
112.095,3400,3342.7,13.337,16.905,+2.365,shot:3409:30
112.138,3400,3393.1,13.538,16.905,+2.365,
112.165,3400,3391.6,13.532,16.905,+2.365,
112.191,3400,3400.1,13.566,16.905,+2.365,
112.231,3400,3404.8,13.584,16.858,+2.318,
112.256,3400,3408.8,13.600,16.858,+2.318,
112.282,3400,3417.6,13.636,16.858,+2.318,
112.309,3400,3419.3,13.643,16.058,+1.518,
112.342,3400,3425.2,13.666,16.058,+1.518,
112.369,3400,3422.5,13.655,16.058,+1.518,
112.395,3400,3425.0,13.665,16.058,+1.518,
112.443,3400,3420.1,13.646,16.058,+1.518,
112.465,3400,3424.6,13.663,16.058,+1.518,
112.492,3400,3412.6,13.616,16.058,+1.518,
112.518,3400,3416.1,13.630,16.058,+1.518,
112.556,3400,3410.8,13.609,16.058,+1.518,
112.583,3400,3406.3,13.591,16.058,+1.518,
112.610,3400,3412.3,13.614,16.058,+1.518,
112.650,3400,3406.5,13.591,16.858,+2.318,
112.674,3400,3408.5,13.599,16.858,+2.318,
112.701,3400,3413.7,13.620,16.858,+2.318,
112.727,3400,3413.9,13.621,16.058,+1.518,
112.766,3400,3362.5,13.416,16.058,+1.518,
112.792,3400,3371.0,13.450,16.058,+1.518,
112.819,3400,3362.1,13.414,16.058,+1.518,
112.854,3400,3368.5,13.440,16.058,+1.518,
112.878,3400,3413.1,13.618,16.058,+1.518,
112.905,3400,3363.5,13.420,16.058,+1.518,
112.931,3400,3364.3,13.423,16.843,+2.303,
112.965,3400,3417.8,13.637,16.843,+2.303,
112.991,3400,3414.7,13.624,16.843,+2.303,
113.018,3400,3413.7,13.620,16.843,+2.303,
113.060,3400,3368.2,13.438,16.043,+1.503,
113.085,3400,3427.5,13.675,16.043,+1.503,
113.111,3400,3423.0,13.657,16.043,+1.503,
113.138,3400,3424.1,13.662,15.924,+1.384,
113.171,3400,3417.8,13.637,15.924,+1.384,
113.198,3400,3424.4,13.663,15.924,+1.384,
113.224,3400,3422.2,13.654,15.924,+1.384,
113.271,3400,3416.4,13.631,16.724,+2.184,
113.296,3400,3410.0,13.605,16.724,+2.184,
113.323,3400,3417.3,13.634,16.724,+2.184,
113.349,3400,3418.6,13.640,16.074,+1.534,
113.382,3400,3424.8,13.664,16.074,+1.534,
113.409,3400,3421.8,13.652,16.074,+1.534,
113.435,3400,3416.6,13.632,16.074,+1.534,
113.483,3400,3417.5,13.635,15.612,+1.072,
113.507,3400,3424.0,13.661,15.612,+1.072,
113.534,3400,3416.6,13.632,15.612,+1.072,
113.560,3400,3407.4,13.595,16.032,+1.492,
113.588,3400,3411.0,13.609,16.032,+1.492,
113.615,3400,3354.5,13.384,16.032,+1.492,
113.642,3400,3400.4,13.567,16.032,+1.492,
113.684,3400,3394.3,13.543,16.032,+1.492,
113.708,3400,3403.7,13.580,16.032,+1.492,
113.735,3400,3397.3,13.554,16.032,+1.492,
113.761,3400,3390.5,13.528,16.032,+1.492,
113.795,3400,3389.3,13.523,16.032,+1.492,
113.821,3400,3391.5,13.532,16.032,+1.492,
113.848,3400,3399.2,13.562,16.032,+1.492,
113.895,3400,3395.9,13.549,16.832,+2.292,
113.919,3400,3388.9,13.521,16.832,+2.292,
113.946,3400,3395.9,13.549,16.832,+2.292,
113.972,3400,3400.6,13.568,16.032,+1.492,
114.011,3400,3401.0,13.569,16.032,+1.492,
114.037,3400,3408.6,13.600,16.032,+1.492,
114.064,3400,3411.3,13.611,16.032,+1.492,
114.099,3400,3409.3,13.602,16.832,+2.292,
114.124,3400,3406.9,13.593,16.832,+2.292,
114.150,3400,3406.4,13.591,16.832,+2.292,
114.177,3400,3413.5,13.619,16.032,+1.492,
114.210,3400,3415.4,13.627,16.032,+1.492,
114.236,3400,3422.3,13.654,16.032,+1.492,
114.263,3400,3415.6,13.628,16.032,+1.492,
114.315,3400,3363.4,13.420,15.550,+1.010,
114.340,3400,3351.5,13.372,15.550,+1.010,
114.366,3400,3349.1,13.362,15.550,+1.010,
114.409,3400,3352.1,13.374,15.989,+1.449,
114.435,3400,3340.6,13.329,15.989,+1.449,
114.462,3400,3390.5,13.527,15.989,+1.449,
114.488,3400,3396.0,13.550,15.989,+1.449,
114.521,3400,3388.9,13.521,15.989,+1.449,
114.546,3400,3391.7,13.532,15.989,+1.449,
114.572,3400,3384.0,13.501,15.989,+1.449,
114.620,3400,3381.3,13.491,16.789,+2.249,
114.646,3400,3385.9,13.509,16.789,+2.249,
114.673,3400,3393.6,13.540,16.789,+2.249,
114.720,3400,3398.5,13.559,15.989,+1.449,shot:3404:26
114.750,3400,3401.9,13.573,15.989,+1.449,
114.776,3400,3341.9,13.334,15.989,+1.449,
114.824,3400,3394.3,13.543,15.989,+1.449,
114.850,3400,3388.2,13.518,15.989,+1.449,
114.877,3400,3343.4,13.340,15.989,+1.449,
114.924,3400,3392.7,13.536,15.989,+1.449,
114.956,3400,3393.4,13.539,15.989,+1.449,
114.982,3400,3391.1,13.530,15.989,+1.449,
115.035,3400,3388.2,13.518,16.789,+2.249,
115.061,3400,3388.2,13.518,16.789,+2.249,
115.088,3400,3385.6,13.508,16.789,+2.249,
115.135,3400,3337.8,13.317,15.989,+1.449,
115.160,3400,3341.7,13.333,15.989,+1.449,
115.186,3400,3347.9,13.358,15.989,+1.449,
115.213,3400,3392.5,13.535,15.989,+1.449,
115.246,3400,3394.4,13.543,15.989,+1.449,
115.272,3400,3389.6,13.524,15.989,+1.449,
115.299,3400,3397.7,13.556,15.989,+1.449,
115.346,3400,3393.2,13.538,15.989,+1.449,
115.371,3400,3390.4,13.527,15.989,+1.449,
115.397,3400,3385.3,13.507,15.989,+1.449,
115.424,3400,3391.3,13.531,15.989,+1.449,
115.452,3400,3337.7,13.317,15.989,+1.449,
115.478,3400,3383.0,13.498,15.989,+1.449,
115.505,3400,3385.0,13.505,15.989,+1.449,
115.552,3400,3382.7,13.496,15.989,+1.449,
115.577,3400,3334.7,13.305,15.989,+1.449,
115.603,3400,3377.4,13.475,15.989,+1.449,
115.630,3400,3381.0,13.490,15.989,+1.449,
115.663,3400,3375.6,13.468,15.989,+1.449,
115.689,3400,3382.2,13.494,15.989,+1.449,
115.716,3400,3383.6,13.500,15.989,+1.449,
115.758,3400,3319.6,13.245,15.989,+1.449,
115.783,3400,3326.1,13.270,15.989,+1.449,
115.809,3400,3376.6,13.472,15.989,+1.449,
115.836,3400,3371.6,13.452,16.613,+2.073,
115.869,3400,3375.2,13.467,16.613,+2.073,
115.895,3400,3377.7,13.476,16.613,+2.073,
115.922,3400,3385.3,13.507,16.613,+2.073,
115.969,3400,3392.4,13.535,16.045,+1.505,
115.994,3400,3386.9,13.513,16.045,+1.505,
116.020,3400,3391.1,13.530,16.045,+1.505,
116.047,3400,3395.5,13.548,16.045,+1.505,
116.080,3400,3394.0,13.541,16.045,+1.505,
116.107,3400,3335.7,13.309,16.045,+1.505,
116.133,3400,3328.7,13.281,16.045,+1.505,
116.181,3400,3325.3,13.268,16.045,+1.505,
116.205,3400,3386.5,13.511,16.045,+1.505,
116.232,3400,3330.7,13.289,16.045,+1.505,
116.258,3400,3376.1,13.470,16.571,+2.031,
116.291,3400,3377.8,13.477,16.571,+2.031,
116.318,3400,3382.5,13.496,16.571,+2.031,
116.344,3400,3391.0,13.530,16.571,+2.031,
116.392,3400,3392.4,13.535,17.371,+2.831,
116.416,3400,3391.7,13.532,17.371,+2.831,
116.443,3400,3400.3,13.566,17.371,+2.831,
116.469,3400,3410.2,13.606,16.571,+2.031,
116.502,3400,3419.9,13.645,16.571,+2.031,
116.529,3400,3426.7,13.672,16.571,+2.031,
116.555,3400,3426.9,13.673,16.571,+2.031,
116.608,3400,3436.0,13.709,15.830,+1.290,
116.632,3400,3427.6,13.676,15.830,+1.290,
116.659,3400,3429.3,13.682,15.830,+1.290,
116.712,3400,3422.0,13.653,15.982,+1.442,
116.738,3400,3418.2,13.638,15.982,+1.442,
116.765,3400,3424.6,13.664,15.982,+1.442,
116.807,3400,3420.3,13.646,16.457,+1.917,
116.831,3400,3411.7,13.612,16.457,+1.917,
116.858,3400,3420.4,13.647,16.457,+1.917,
116.884,3400,3422.0,13.653,15.973,+1.433,
116.913,3400,3418.8,13.640,15.973,+1.433,
116.939,3400,3414.3,13.622,15.973,+1.433,
116.965,3400,3420.0,13.645,15.973,+1.433,
117.013,3400,3420.3,13.646,16.773,+2.233,
117.037,3400,3413.9,13.621,16.773,+2.233,
117.064,3400,3411.5,13.611,16.773,+2.233,
117.090,3400,3421.1,13.649,15.973,+1.433,
117.124,3400,3422.4,13.655,15.973,+1.433,
117.150,3400,3372.8,13.457,15.973,+1.433,
117.177,3400,3369.8,13.445,15.973,+1.433,
117.224,3400,3421.8,13.652,15.774,+1.234,
117.249,3400,3412.9,13.617,15.774,+1.234,
117.275,3400,3420.7,13.648,15.774,+1.234,
117.302,3400,3413.1,13.618,16.338,+1.798,
117.335,3400,3414.8,13.624,16.338,+1.798,
117.361,3400,3403.0,13.577,16.338,+1.798,
117.388,3400,3348.0,13.358,16.338,+1.798,
117.435,3400,3400.7,13.568,16.338,+1.798,
117.460,3400,3410.5,13.607,16.338,+1.798,
117.486,3400,3405.8,13.589,16.338,+1.798,
117.513,3400,3402.4,13.575,16.338,+1.798,
117.546,3400,3405.2,13.586,16.338,+1.798,
117.572,3400,3407.9,13.597,16.338,+1.798,
117.599,3400,3414.5,13.623,16.338,+1.798,
117.646,3400,3415.6,13.627,17.138,+2.598,
117.671,3400,3412.3,13.614,17.138,+2.598,
117.697,3400,3419.6,13.644,17.138,+2.598,
117.724,3400,3427.4,13.675,16.338,+1.798,
117.757,3400,3430.9,13.689,16.338,+1.798,
117.784,3400,3385.1,13.506,16.338,+1.798,
117.810,3400,3381.1,13.490,16.338,+1.798,
117.858,3400,3435.4,13.707,15.981,+1.441,
117.882,3400,3436.9,13.713,15.981,+1.441,
117.909,3400,3437.5,13.715,15.981,+1.441,
117.935,3400,3429.8,13.684,16.149,+1.609,
117.963,3400,3423.3,13.658,16.149,+1.609,
117.990,3400,3428.4,13.679,16.149,+1.609,
118.016,3400,3432.2,13.694,16.149,+1.609,
118.059,3400,3421.2,13.650,16.168,+1.628,
118.083,3400,3422.0,13.653,16.168,+1.628,
118.110,3400,3426.1,13.670,16.168,+1.628,
118.136,3400,3418.8,13.640,16.692,+2.152,
118.169,3400,3423.3,13.658,16.692,+2.152,
118.196,3400,3416.8,13.633,16.692,+2.152,
118.222,3400,3423.1,13.657,16.692,+2.152,
118.270,3400,3423.5,13.659,16.210,+1.670,
118.294,3400,3433.6,13.700,16.210,+1.670,
118.321,3400,3428.0,13.677,16.210,+1.670,
118.347,3400,3423.6,13.659,16.130,+1.590,
118.380,3400,3423.0,13.657,16.130,+1.590,
118.407,3400,3426.1,13.670,16.130,+1.590,
118.433,3400,3430.3,13.686,16.130,+1.590,
118.486,3400,3365.7,13.428,16.064,+1.524,
118.510,3400,3426.2,13.670,16.064,+1.524,
118.537,3400,3420.1,13.645,16.064,+1.524,
118.589,3400,3365.9,13.429,16.864,+2.324,
118.616,3400,3362.7,13.417,16.864,+2.324,
118.642,3400,3413.7,13.620,16.864,+2.324,
118.695,3400,3426.4,13.671,16.064,+1.524,
118.719,3400,3421.8,13.652,16.064,+1.524,
118.746,3400,3426.7,13.672,16.064,+1.524,
118.793,3400,3422.7,13.656,16.007,+1.467,
118.820,3400,3425.7,13.668,16.007,+1.467,
118.846,3400,3416.8,13.633,16.007,+1.467,
118.894,3400,3417.4,13.635,16.807,+2.267,
118.918,3400,3421.6,13.652,16.807,+2.267,
118.945,3400,3427.9,13.677,16.807,+2.267,
118.971,3400,3428.7,13.680,16.007,+1.467,
119.004,3400,3437.4,13.715,16.007,+1.467,
119.031,3400,3435.6,13.708,16.007,+1.467,
119.057,3400,3382.5,13.496,16.007,+1.467,
119.105,3400,3437.7,13.716,15.776,+1.236,
119.129,3400,3443.9,13.741,15.776,+1.236,
119.156,3400,3433.7,13.700,15.776,+1.236,
119.183,3400,3431.1,13.690,15.824,+1.284,
119.221,3400,3435.7,13.708,15.824,+1.284,
119.247,3400,3424.2,13.662,15.824,+1.284,
119.274,3400,3423.0,13.657,15.824,+1.284,
119.319,3400,3425.8,13.668,15.745,+1.205,
119.343,3400,3422.9,13.657,15.745,+1.205,
119.370,3400,3415.2,13.626,15.745,+1.205,
119.417,3400,3356.1,13.390,15.928,+1.388,
119.444,3400,3360.3,13.407,15.928,+1.388,
119.470,3400,3364.1,13.422,15.928,+1.388,
119.513,3400,3414.8,13.624,16.341,+1.801,
119.542,3400,3413.0,13.617,16.341,+1.801,
119.569,3400,3411.1,13.610,16.341,+1.801,
119.595,3400,3419.4,13.643,16.341,+1.801,
119.628,3400,3419.7,13.644,16.341,+1.801,
119.655,3400,3428.3,13.678,16.341,+1.801,
119.681,3400,3426.1,13.669,16.341,+1.801,
119.729,3400,3374.9,13.465,15.662,+1.122,
119.753,3400,3425.0,13.665,15.662,+1.122,
119.780,3400,3432.2,13.694,15.662,+1.122,
119.806,3400,3430.1,13.685,15.618,+1.078,
119.840,3400,3428.7,13.680,15.618,+1.078,
119.866,3400,3414.9,13.625,15.618,+1.078,
119.893,3400,3412.9,13.617,15.618,+1.078,
119.940,3400,3409.2,13.602,16.219,+1.679,
119.965,3400,3413.4,13.619,16.219,+1.679,
119.991,3400,3404.8,13.585,16.219,+1.679,
120.018,3400,3404.2,13.582,16.219,+1.679,
120.056,3400,3414.2,13.622,16.219,+1.679,
120.082,3400,3405.5,13.587,16.219,+1.679,
120.109,3400,3411.0,13.609,16.219,+1.679,
120.149,3400,3363.6,13.420,16.219,+1.679,
120.174,3400,3355.0,13.386,16.219,+1.679,
120.200,3400,3360.5,13.408,16.219,+1.679,
120.227,3400,3364.9,13.425,16.992,+2.452,
120.255,3400,3415.4,13.627,16.992,+2.452,
120.281,3400,3416.5,13.631,16.992,+2.452,
120.308,3400,3426.4,13.671,16.992,+2.452,
120.355,3400,3435.2,13.706,16.192,+1.652,
120.380,3400,3441.5,13.731,16.192,+1.652,
120.406,3400,3439.0,13.721,16.192,+1.652,
120.433,3400,3443.4,13.738,15.752,+1.212,
120.471,3400,3442.7,13.736,15.752,+1.212,
120.497,3400,3438.7,13.720,15.752,+1.212,
120.524,3400,3387.9,13.517,15.752,+1.212,
120.564,3400,3439.1,13.721,15.657,+1.117,
120.589,3400,3431.1,13.689,15.657,+1.117,
120.615,3400,3437.4,13.714,15.657,+1.117,
120.642,3400,3427.5,13.675,15.927,+1.387,
120.675,3400,3428.1,13.677,15.927,+1.387,
120.701,3400,3418.7,13.640,15.927,+1.387,
120.728,3400,3414.8,13.624,15.927,+1.387,
120.775,3400,3414.3,13.623,16.727,+2.187,
120.800,3400,3422.8,13.657,16.727,+2.187,
120.826,3400,3369.2,13.442,16.727,+2.187,
120.853,3400,3368.9,13.441,16.602,+2.062,
120.886,3400,3378.2,13.478,16.602,+2.062,
120.912,3400,3380.7,13.488,16.602,+2.062,
120.939,3400,3446.5,13.751,16.602,+2.062,
120.986,3400,3451.0,13.769,15.979,+1.439,
121.011,3400,3394.0,13.541,15.979,+1.439,
121.037,3400,3392.1,13.534,15.979,+1.439,
121.064,3400,3451.8,13.772,15.179,+0.639,
121.097,3400,3446.1,13.749,15.179,+0.639,
121.124,3400,3449.6,13.763,15.179,+0.639,
121.150,3400,3438.4,13.719,15.179,+0.639,
121.198,3400,3376.0,13.470,15.346,+0.806,
121.222,3400,3365.5,13.428,15.346,+0.806,
121.249,3400,3365.6,13.428,15.346,+0.806,
121.275,3400,3358.4,13.399,16.146,+1.606,
121.308,3400,3408.6,13.600,16.146,+1.606,
121.335,3400,3399.4,13.563,16.146,+1.606,
121.361,3400,3399.1,13.562,16.146,+1.606,
121.408,3400,3344.5,13.344,15.346,+0.806,
121.433,3400,3354.4,13.383,15.346,+0.806,
121.460,3400,3345.4,13.348,15.346,+0.806,
121.486,3400,3395.5,13.547,15.346,+0.806,
121.519,3400,3386.9,13.513,15.346,+0.806,
121.546,3400,3391.7,13.532,15.346,+0.806,shot:3412:27
121.568,3400,3380.1,13.486,15.346,+0.806,
121.616,3400,3372.5,13.456,15.346,+0.806,
121.640,3400,3376.4,13.471,15.346,+0.806,
121.667,3400,3373.2,13.458,15.346,+0.806,
121.693,3400,3358.9,13.401,16.146,+1.606,
121.726,3400,3304.2,13.183,16.146,+1.606,
121.753,3400,3354.7,13.385,16.146,+1.606,
121.779,3400,3363.1,13.418,16.146,+1.606,
121.827,3400,3362.2,13.415,16.302,+1.762,
121.851,3400,3364.8,13.425,16.302,+1.762,
121.878,3400,3362.1,13.414,16.302,+1.762,
121.904,3400,3296.4,13.152,17.102,+2.562,
121.938,3400,3098.0,12.360,17.102,+2.562,
121.964,3400,2898.3,11.564,17.102,+2.562,
121.991,3400,2737.7,10.923,17.102,+2.562,
122.038,3400,2755.7,10.995,17.902,+3.362,
122.062,3400,2790.9,11.135,17.902,+3.362,
122.089,3400,2786.2,11.116,17.902,+3.362,
122.116,3400,2874.1,11.467,17.102,+2.562,
122.149,3400,2923.3,11.664,17.102,+2.562,
122.175,3400,2957.5,11.800,17.102,+2.562,
122.202,3400,2990.4,11.931,17.102,+2.562,
122.249,3400,3041.0,12.133,16.302,+1.762,
122.274,3400,3059.5,12.207,16.302,+1.762,
122.300,3400,3084.1,12.305,16.302,+1.762,
122.327,3400,3048.9,12.164,15.502,+0.962,
122.360,3400,3118.5,12.442,15.502,+0.962,shot:3363:419
122.382,3400,3079.0,12.285,15.502,+0.962,
122.409,3400,3139.2,12.525,15.502,+0.962,
122.456,3400,3103.9,12.384,14.702,+0.162,
122.480,3400,3157.0,12.596,14.702,+0.162,
122.507,3400,3160.5,12.610,14.702,+0.162,
122.533,3400,3161.2,12.613,14.812,+0.272,
122.567,3400,3160.1,12.608,14.812,+0.272,
122.593,3400,3158.4,12.601,14.812,+0.272,
122.620,3400,3163.2,12.621,14.812,+0.272,
122.667,3400,3108.5,12.402,15.243,+0.703,
122.691,3400,3159.7,12.607,15.243,+0.703,
122.718,3400,3163.4,12.622,15.243,+0.703,
122.744,3400,3163.8,12.623,15.706,+1.166,
122.777,3400,3167.3,12.637,15.706,+1.166,
122.804,3400,3176.5,12.674,15.706,+1.166,
122.831,3400,3175.2,12.668,15.706,+1.166,
122.878,3400,3186.9,12.715,16.506,+1.966,
122.903,3400,3198.9,12.763,16.506,+1.966,
122.929,3400,3201.5,12.773,16.506,+1.966,
122.956,3400,3215.4,12.829,15.706,+1.166,
122.989,3400,3177.2,12.677,15.706,+1.166,
123.015,3400,3236.0,12.911,15.706,+1.166,
123.042,3400,3239.8,12.926,15.706,+1.166,
123.089,3400,3194.9,12.747,16.506,+1.966,
123.114,3400,3251.7,12.974,16.506,+1.966,
123.140,3400,3255.6,12.989,16.506,+1.966,
123.167,3400,3268.2,13.039,15.706,+1.166,
123.200,3400,3224.5,12.865,15.706,+1.166,
123.227,3400,3280.2,13.088,15.706,+1.166,
123.253,3400,3227.2,12.876,15.706,+1.166,
123.301,3400,3284.0,13.103,15.663,+1.123,
123.325,3400,3290.8,13.130,15.663,+1.123,
123.352,3400,3231.2,12.892,15.663,+1.123,
123.378,3400,3289.0,13.123,15.746,+1.206,
123.411,3400,3237.1,12.915,15.746,+1.206,
123.438,3400,3295.9,13.150,15.746,+1.206,
123.465,3400,3236.1,12.912,15.746,+1.206,
123.512,3400,3291.9,13.134,15.840,+1.300,
123.536,3400,3300.9,13.170,15.840,+1.300,
123.563,3400,3245.8,12.950,15.840,+1.300,
123.589,3400,3247.0,12.955,16.640,+2.100,label:in
123.632,3400,3308.6,13.201,16.640,+2.100,
123.658,3400,3310.2,13.207,16.640,+2.100,
123.685,3400,3317.6,13.237,16.640,+2.100,
123.725,3400,3329.3,13.283,15.840,+1.300,
123.750,3400,3277.4,13.076,15.840,+1.300,
123.776,3400,3340.0,13.326,15.840,+1.300,
123.803,3400,3337.3,13.315,15.698,+1.158,
123.836,3400,3343.9,13.341,15.698,+1.158,
123.863,3400,3335.8,13.309,15.698,+1.158,
123.889,3400,3342.1,13.335,15.698,+1.158,
123.937,3400,3340.2,13.327,15.868,+1.328,
123.961,3400,3337.4,13.316,15.868,+1.328,
123.988,3400,3280.4,13.088,15.868,+1.328,
124.014,3400,3341.0,13.330,15.872,+1.332,
124.048,3400,3341.0,13.330,15.872,+1.332,
124.074,3400,3343.3,13.339,15.872,+1.332,
124.101,3400,3282.6,13.097,15.872,+1.332,
124.148,3400,3282.1,13.095,16.007,+1.467,
124.173,3400,3345.4,13.347,16.007,+1.467,
124.199,3400,3343.3,13.339,16.007,+1.467,
124.226,3400,3338.7,13.321,16.161,+1.621,
124.264,3400,3347.8,13.357,16.161,+1.621,
124.291,3400,3288.8,13.122,16.161,+1.621,
124.317,3400,3349.5,13.364,16.161,+1.621,
124.358,3400,3351.6,13.372,15.967,+1.427,
124.382,3400,3351.1,13.370,15.967,+1.427,
124.409,3400,3357.5,13.396,15.967,+1.427,
124.435,3400,3299.6,13.165,16.767,+2.227,
124.468,3400,3354.9,13.386,16.767,+2.227,
124.495,3400,3354.4,13.383,16.767,+2.227,
124.521,3400,3363.4,13.419,16.767,+2.227,
124.569,3400,3371.1,13.450,16.765,+2.225,
124.593,3400,3377.7,13.476,16.765,+2.225,
124.620,3400,3382.2,13.495,16.765,+2.225,
124.646,3400,3389.9,13.525,15.965,+1.425,
124.680,3400,3394.8,13.545,15.965,+1.425,
124.706,3400,3346.2,13.351,15.965,+1.425,
124.733,3400,3344.0,13.342,15.965,+1.425,
124.780,3400,3399.3,13.562,15.965,+1.425,
124.805,3400,3399.1,13.562,15.965,+1.425,
124.831,3400,3403.0,13.577,15.965,+1.425,
124.858,3400,3395.6,13.548,15.965,+1.425,
124.891,3400,3400.6,13.568,15.965,+1.425,
124.917,3400,3336.0,13.310,15.965,+1.425,
124.944,3400,3343.5,13.340,15.965,+1.425,
124.991,3400,3395.6,13.548,15.965,+1.425,
125.016,3400,3395.3,13.547,15.965,+1.425,
125.042,3400,3388.2,13.518,15.965,+1.425,
125.069,3400,3392.7,13.536,15.965,+1.425,
125.102,3400,3334.4,13.304,15.965,+1.425,
125.129,3400,3340.5,13.328,15.965,+1.425,
125.155,3400,3390.0,13.526,15.965,+1.425,
125.203,3400,3334.3,13.303,15.965,+1.425,
125.227,3400,3329.5,13.284,15.965,+1.425,
125.254,3400,3336.1,13.310,15.965,+1.425,
125.280,3400,3383.8,13.501,15.965,+1.425,
125.313,3400,3388.6,13.520,15.965,+1.425,
125.340,3400,3379.8,13.485,15.965,+1.425,
125.364,3400,3387.9,13.517,15.965,+1.425,
125.412,3400,3387.4,13.515,16.765,+2.225,
125.436,3400,3385.5,13.508,16.765,+2.225,
125.463,3400,3384.7,13.505,16.765,+2.225,
125.489,3400,3392.8,13.537,15.965,+1.425,
125.522,3400,3397.0,13.553,15.965,+1.425,
125.549,3400,3404.8,13.584,15.965,+1.425,
125.575,3400,3346.0,13.350,15.965,+1.425,
125.623,3400,3398.2,13.558,15.965,+1.425,
125.647,3400,3400.4,13.567,15.965,+1.425,
125.674,3400,3406.3,13.591,15.965,+1.425,
125.700,3400,3394.4,13.543,15.965,+1.425,
125.733,3400,3398.9,13.561,15.965,+1.425,
125.760,3400,3337.0,13.314,15.965,+1.425,
125.786,3400,3341.9,13.333,15.965,+1.425,
125.834,3400,3392.1,13.534,15.965,+1.425,
125.858,3400,3396.6,13.552,15.965,+1.425,
125.885,3400,3331.8,13.293,15.965,+1.425,
125.911,3400,3336.1,13.310,16.765,+2.225,
125.945,3400,3389.2,13.522,16.765,+2.225,
125.971,3400,3394.9,13.545,16.765,+2.225,
125.998,3400,3395.4,13.547,16.765,+2.225,
126.040,3400,3396.6,13.552,15.965,+1.425,
126.065,3400,3406.3,13.591,15.965,+1.425,
126.091,3400,3403.8,13.581,15.965,+1.425,
126.118,3400,3399.3,13.562,15.965,+1.425,
126.152,3400,3344.3,13.343,15.965,+1.425,
126.178,3400,3342.9,13.337,15.965,+1.425,
126.205,3400,3347.8,13.357,15.965,+1.425,
126.247,3400,3343.6,13.340,15.965,+1.425,
126.272,3400,3337.3,13.315,15.965,+1.425,
126.298,3400,3402.5,13.575,15.965,+1.425,
126.325,3400,3391.8,13.533,15.965,+1.425,
126.363,3400,3398.7,13.560,15.965,+1.425,
126.389,3400,3393.8,13.541,15.965,+1.425,
126.416,3400,3385.2,13.506,15.965,+1.425,
126.456,3400,3392.1,13.534,16.765,+2.225,
126.481,3400,3389.7,13.524,16.765,+2.225,
126.507,3400,3387.7,13.516,16.765,+2.225,
126.534,3400,3396.0,13.550,15.965,+1.425,
126.567,3400,3399.3,13.562,15.965,+1.425,
126.594,3400,3404.6,13.584,15.965,+1.425,
126.620,3400,3400.3,13.566,15.965,+1.425,
126.668,3400,3398.0,13.558,15.965,+1.425,
126.692,3400,3399.1,13.562,15.965,+1.425,
126.719,3400,3403.5,13.579,15.965,+1.425,
126.745,3400,3394.3,13.542,15.965,+1.425,
126.778,3400,3398.4,13.559,15.965,+1.425,
126.805,3400,3388.3,13.519,15.965,+1.425,
126.831,3400,3391.5,13.531,15.965,+1.425,
126.879,3400,3389.0,13.522,16.765,+2.225,
126.903,3400,3392.5,13.535,16.765,+2.225,
126.930,3400,3391.5,13.532,16.765,+2.225,
126.956,3400,3395.9,13.549,15.965,+1.425,
126.990,3400,3396.5,13.552,15.965,+1.425,
127.016,3400,3404.8,13.584,15.965,+1.425,
127.042,3400,3347.9,13.357,15.965,+1.425,
127.085,3400,3393.9,13.541,15.965,+1.425,
127.110,3400,3402.9,13.577,15.965,+1.425,
127.136,3400,3400.4,13.567,15.965,+1.425,
127.163,3400,3335.9,13.310,16.765,+2.225,
127.191,3400,3394.5,13.543,16.765,+2.225,
127.217,3400,3399.9,13.565,16.765,+2.225,
127.244,3400,3399.6,13.564,16.765,+2.225,
127.286,3400,3401.9,13.573,15.965,+1.425,
127.311,3400,3410.1,13.606,15.965,+1.425,
127.337,3400,3405.5,13.587,15.965,+1.425,
127.364,3400,3402.1,13.574,15.965,+1.425,
127.397,3400,3401.0,13.569,15.965,+1.425,
127.423,3400,3403.4,13.579,15.965,+1.425,
127.450,3400,3407.4,13.595,15.965,+1.425,
127.497,3400,3405.4,13.587,16.765,+2.225,
127.522,3400,3397.7,13.556,16.765,+2.225,
127.548,3400,3402.0,13.573,16.765,+2.225,
127.575,3400,3409.6,13.604,15.965,+1.425,
127.613,3400,3409.5,13.603,15.965,+1.425,
127.639,3400,3415.4,13.627,15.965,+1.425,
127.666,3400,3416.1,13.630,15.965,+1.425,
127.706,3400,3353.8,13.381,15.965,+1.425,
127.731,3400,3363.3,13.419,15.965,+1.425,
127.757,3400,3352.7,13.377,15.965,+1.425,
127.784,3400,3347.3,13.355,16.765,+2.225,
127.817,3400,3402.9,13.577,16.765,+2.225,
127.843,3400,3407.1,13.594,16.765,+2.225,
127.870,3400,3413.8,13.621,16.765,+2.225,
127.917,3400,3415.3,13.627,15.965,+1.425,
127.942,3400,3416.3,13.630,15.965,+1.425,
127.968,3400,3415.7,13.628,15.965,+1.425,
127.995,3400,3421.2,13.650,15.498,+0.958,
128.033,3400,3411.9,13.613,15.498,+0.958,
128.060,3400,3415.2,13.626,15.498,+0.958,
128.086,3400,3416.7,13.632,15.498,+0.958,
128.127,3400,3401.8,13.573,16.298,+1.758,
128.151,3400,3408.1,13.598,16.298,+1.758,
128.178,3400,3409.2,13.602,16.298,+1.758,
128.204,3400,3403.4,13.579,15.498,+0.958,
128.243,3400,3358.7,13.401,15.498,+0.958,
128.269,3400,3408.5,13.599,15.498,+0.958,
128.296,3400,3406.8,13.592,15.498,+0.958,
128.336,3400,3358.1,13.398,15.498,+0.958,
128.360,3400,3345.7,13.349,15.498,+0.958,
128.387,3400,3404.9,13.585,15.498,+0.958,
128.413,3400,3402.6,13.576,15.498,+0.958,
128.451,3400,3390.9,13.529,15.498,+0.958,
128.478,3400,3397.3,13.555,15.498,+0.958,
128.504,3400,3391.4,13.531,15.498,+0.958,
128.540,3400,3389.4,13.523,16.298,+1.758,
128.564,3400,3381.6,13.492,16.298,+1.758,
128.591,3400,3380.5,13.488,16.298,+1.758,
128.617,3400,3389.1,13.522,15.498,+0.958,
128.655,3400,3386.3,13.511,15.498,+0.958,
128.682,3400,3389.3,13.523,15.498,+0.958,
128.708,3400,3336.1,13.310,15.498,+0.958,
128.744,3400,3390.0,13.526,15.498,+0.958,shot:3408:26
128.771,3400,3331.9,13.294,15.498,+0.958,
128.798,3400,3374.2,13.462,15.498,+0.958,
128.824,3400,3380.3,13.487,15.498,+0.958,
128.862,3400,3371.9,13.453,15.498,+0.958,
128.889,3400,3368.9,13.441,15.498,+0.958,
128.915,3400,3374.1,13.462,15.498,+0.958,
128.956,3400,3366.0,13.430,16.131,+1.591,
128.980,3400,3370.0,13.446,16.131,+1.591,
129.007,3400,3319.0,13.242,16.131,+1.591,
129.033,3400,3367.2,13.435,16.277,+1.737,
129.066,3400,3375.7,13.469,16.277,+1.737,
129.093,3400,3375.2,13.466,16.277,+1.737,
129.120,3400,3384.2,13.503,16.277,+1.737,
129.172,3400,3331.6,13.293,15.621,+1.081,
129.197,3400,3339.4,13.323,15.621,+1.081,
129.223,3400,3337.7,13.317,15.621,+1.081,
129.271,3400,3394.8,13.545,15.621,+1.081,
129.297,3400,3384.5,13.504,15.621,+1.081,
129.324,3400,3337.0,13.314,15.621,+1.081,
129.371,3400,3388.3,13.519,15.621,+1.081,
129.396,3400,3386.8,13.513,15.621,+1.081,
129.422,3400,3325.8,13.269,15.621,+1.081,
129.449,3400,3333.6,13.301,16.421,+1.881,
129.482,3400,3380.9,13.489,16.421,+1.881,
129.508,3400,3292.9,13.138,16.421,+1.881,
129.535,3400,3008.7,12.004,16.421,+1.881,
129.577,3400,2763.2,11.024,17.221,+2.681,shot:3366:73
129.599,3400,2725.1,10.873,17.221,+2.681,
129.624,3400,2756.2,10.997,17.221,+2.681,
129.650,3400,2792.6,11.142,17.221,+2.681,
129.691,3400,2846.7,11.358,18.021,+3.481,
129.717,3400,2839.1,11.328,18.021,+3.481,
129.744,3400,2920.3,11.652,18.021,+3.481,
129.791,3400,2988.9,11.925,17.226,+2.686,
129.816,3400,3021.4,12.055,17.226,+2.686,
129.842,3400,3003.7,11.984,17.226,+2.686,
129.869,3400,3076.6,12.275,16.426,+1.886,
129.897,3400,3101.9,12.376,16.426,+1.886,
129.923,3400,3125.7,12.471,16.426,+1.886,
129.950,3400,3138.4,12.522,16.426,+1.886,
129.992,3400,3167.7,12.639,15.626,+1.086,
130.016,3400,3172.0,12.656,15.626,+1.086,
130.043,3400,3186.6,12.714,15.626,+1.086,
130.070,3400,3139.6,12.526,16.400,+1.860,
130.108,3400,3203.9,12.783,16.400,+1.860,
130.134,3400,3207.0,12.795,16.400,+1.860,
130.161,3400,3167.0,12.636,16.400,+1.860,
130.206,3400,3238.1,12.920,15.600,+1.060,
130.231,3400,3239.8,12.926,15.600,+1.060,
130.257,3400,3250.6,12.969,15.600,+1.060,
130.300,3400,3255.6,12.989,15.406,+0.866,
130.326,3400,3200.3,12.769,15.406,+0.866,
130.353,3400,3261.1,13.011,15.406,+0.866,
130.379,3400,3255.8,12.990,15.588,+1.048,
130.412,3400,3205.1,12.788,15.588,+1.048,
130.437,3400,3261.2,13.011,15.588,+1.048,
130.463,3400,3209.8,12.807,15.588,+1.048,
130.516,3400,3267.3,13.036,15.653,+1.113,
130.542,3400,3265.5,13.029,15.653,+1.113,
130.569,3400,3265.5,13.029,15.653,+1.113,
130.611,3400,3222.3,12.856,16.453,+1.913,
130.636,3400,3270.8,13.050,16.453,+1.913,
130.662,3400,3230.5,12.889,16.453,+1.913,
130.689,3400,3285.9,13.110,15.653,+1.113,
130.722,3400,3298.1,13.159,15.653,+1.113,
130.748,3400,3295.6,13.149,15.653,+1.113,
130.775,3400,3302.9,13.178,15.653,+1.113,
130.817,3400,3303.9,13.182,15.578,+1.038,
130.842,3400,3301.2,13.171,15.578,+1.038,
130.868,3400,3254.1,12.983,15.578,+1.038,
130.895,3400,3298.7,13.161,15.800,+1.260,
130.923,3400,3300.5,13.168,15.800,+1.260,
130.949,3400,3306.6,13.193,15.800,+1.260,
130.976,3400,3248.3,12.960,15.800,+1.260,
131.023,3400,3300.9,13.170,15.831,+1.291,
131.048,3400,3307.0,13.195,15.831,+1.291,
131.074,3400,3310.6,13.209,15.831,+1.291,
131.101,3400,3304.1,13.183,16.072,+1.532,
131.134,3400,3306.5,13.192,16.072,+1.532,
131.161,3400,3258.7,13.002,16.072,+1.532,
131.187,3400,3317.7,13.237,16.072,+1.532,
131.235,3400,3322.9,13.258,15.960,+1.420,
131.259,3400,3319.0,13.242,15.960,+1.420,
131.286,3400,3273.1,13.059,15.960,+1.420,
131.312,3400,3325.8,13.269,15.949,+1.409,
131.351,3400,3329.9,13.286,15.949,+1.409,
131.377,3400,3334.2,13.303,15.949,+1.409,
131.404,3400,3328.5,13.280,15.949,+1.409,
131.444,3400,3337.0,13.314,15.974,+1.434,
131.469,3400,3332.2,13.295,15.974,+1.434,
131.495,3400,3334.5,13.304,15.974,+1.434,
131.522,3400,3288.1,13.119,16.774,+2.234,
131.555,3400,3344.4,13.343,16.774,+2.234,
131.581,3400,3343.4,13.339,16.774,+2.234,
131.608,3400,3290.7,13.129,16.774,+2.234,
131.656,3400,3355.1,13.386,15.974,+1.434,
131.680,3400,3362.9,13.417,15.974,+1.434,
131.707,3400,3308.5,13.200,15.974,+1.434,
131.726,3400,3368.1,13.438,15.974,+1.434,label:short
131.771,3400,3363.7,13.421,15.671,+1.131,
131.798,3400,3359.5,13.404,15.671,+1.131,
131.825,3400,3366.1,13.430,15.671,+1.131,
131.867,3400,3365.0,13.426,16.471,+1.931,
131.891,3400,3358.5,13.400,16.471,+1.931,
131.918,3400,3314.6,13.225,16.471,+1.931,
131.944,3400,3368.3,13.439,15.671,+1.131,
131.978,3400,3375.4,13.467,15.671,+1.131,
132.004,3400,3369.8,13.445,15.671,+1.131,
132.031,3400,3374.8,13.465,15.671,+1.131,
132.078,3400,3373.0,13.458,16.471,+1.931,
132.103,3400,3374.3,13.463,16.471,+1.931,
132.130,3400,3371.1,13.450,16.471,+1.931,
132.156,3400,3375.3,13.467,15.671,+1.131,
132.189,3400,3322.6,13.257,15.671,+1.131,
132.216,3400,3330.9,13.290,15.671,+1.131,
132.242,3400,3377.2,13.475,15.671,+1.131,
132.290,3400,3324.3,13.263,15.178,+0.638,
132.314,3400,3321.7,13.253,15.178,+0.638,
132.341,3400,3376.5,13.472,15.178,+0.638,
132.367,3400,3362.9,13.417,15.978,+1.438,
132.395,3400,3305.3,13.188,15.978,+1.438,
132.422,3400,3363.7,13.421,15.978,+1.438,
132.449,3400,3361.0,13.410,15.978,+1.438,
132.496,3400,3361.6,13.412,16.156,+1.616,
132.521,3400,3354.8,13.385,16.156,+1.616,
132.547,3400,3362.0,13.414,16.156,+1.616,
132.574,3400,3364.8,13.425,16.094,+1.554,
132.607,3400,3313.7,13.221,16.094,+1.554,
132.633,3400,3362.6,13.416,16.094,+1.554,
132.660,3400,3365.9,13.429,16.094,+1.554,
132.707,3400,3366.9,13.433,16.183,+1.643,
132.732,3400,3374.9,13.465,16.183,+1.643,
132.758,3400,3369.5,13.444,16.183,+1.643,
132.785,3400,3374.5,13.464,16.024,+1.484,
132.818,3400,3372.6,13.456,16.024,+1.484,
132.844,3400,3326.9,13.274,16.024,+1.484,
132.871,3400,3326.0,13.270,16.024,+1.484,
132.924,3400,3383.6,13.500,15.513,+0.973,
132.948,3400,3377.9,13.477,15.513,+0.973,
132.975,3400,3373.5,13.460,15.513,+0.973,
133.017,3400,3379.8,13.485,16.105,+1.565,
133.044,3400,3318.4,13.240,16.105,+1.565,
133.070,3400,3368.4,13.439,16.105,+1.565,
133.097,3400,3375.6,13.468,16.104,+1.564,
133.130,3400,3374.4,13.463,16.104,+1.564,
133.155,3400,3378.6,13.480,16.104,+1.564,
133.181,3400,3375.2,13.466,16.104,+1.564,
133.229,3400,3377.4,13.475,16.904,+2.364,
133.255,3400,3381.4,13.491,16.904,+2.364,
133.282,3400,3391.1,13.530,16.904,+2.364,
133.324,3400,3396.6,13.552,16.104,+1.564,
133.349,3400,3399.9,13.565,16.104,+1.564,
133.375,3400,3408.2,13.598,16.104,+1.564,
133.402,3400,3404.8,13.585,16.104,+1.564,
133.435,3400,3411.6,13.612,16.104,+1.564,
133.461,3400,3404.8,13.585,16.104,+1.564,
133.488,3400,3408.1,13.598,16.104,+1.564,
133.535,3400,3409.1,13.602,16.904,+2.364,
133.560,3400,3415.6,13.627,16.904,+2.364,
133.587,3400,3415.0,13.625,16.904,+2.364,
133.613,3400,3420.0,13.645,16.104,+1.564,
133.646,3400,3424.7,13.664,16.104,+1.564,
133.673,3400,3373.7,13.461,16.104,+1.564,
133.699,3400,3380.2,13.486,16.104,+1.564,
133.742,3400,3427.9,13.677,15.338,+0.798,
133.766,3400,3429.7,13.684,15.338,+0.798,
133.793,3400,3428.1,13.678,15.338,+0.798,
133.819,3400,3413.2,13.618,16.034,+1.494,
133.853,3400,3414.5,13.623,16.034,+1.494,
133.879,3400,3402.4,13.575,16.034,+1.494,
133.906,3400,3409.5,13.603,16.034,+1.494,
133.953,3400,3404.1,13.582,16.034,+1.494,
133.978,3400,3406.6,13.592,16.034,+1.494,
134.004,3400,3400.6,13.568,16.034,+1.494,
134.031,3400,3407.3,13.595,16.034,+1.494,
134.069,3400,3404.7,13.584,16.034,+1.494,
134.096,3400,3401.3,13.571,16.034,+1.494,
134.122,3400,3411.3,13.611,16.034,+1.494,
134.162,3400,3404.2,13.582,16.034,+1.494,
134.187,3400,3348.6,13.360,16.034,+1.494,
134.213,3400,3354.1,13.382,16.034,+1.494,
134.240,3400,3403.1,13.578,16.034,+1.494,
134.278,3400,3350.4,13.368,16.034,+1.494,
134.305,3400,3353.7,13.381,16.034,+1.494,
134.331,3400,3399.2,13.562,16.034,+1.494,
134.371,3400,3353.9,13.382,16.034,+1.494,
134.396,3400,3348.4,13.360,16.034,+1.494,shot:3411:28
134.418,3400,3351.1,13.370,16.034,+1.494,
134.445,3400,3354.0,13.382,16.834,+2.294,
134.478,3400,3354.5,13.384,16.834,+2.294,
134.504,3400,3352.7,13.377,16.834,+2.294,
134.531,3400,3406.5,13.591,16.834,+2.294,
134.583,3400,3420.7,13.648,16.034,+1.494,
134.608,3400,3417.6,13.636,16.034,+1.494,
134.634,3400,3422.5,13.655,16.034,+1.494,
134.682,3400,3368.2,13.439,16.034,+1.494,
134.708,3400,3372.3,13.455,16.034,+1.494,
134.735,3400,3359.5,13.404,16.034,+1.494,
134.782,3400,3419.1,13.642,15.535,+0.995,
134.814,3400,3414.9,13.625,15.535,+0.995,
134.840,3400,3410.5,13.607,15.535,+0.995,
134.883,3400,3416.8,13.632,15.989,+1.449,
134.909,3400,3410.8,13.609,15.989,+1.449,
134.936,3400,3402.6,13.576,15.989,+1.449,
134.962,3400,3406.9,13.593,15.989,+1.449,
134.995,3400,3402.6,13.576,15.989,+1.449,
135.020,3400,3411.5,13.611,15.989,+1.449,
135.046,3400,3405.8,13.589,15.989,+1.449,
135.094,3400,3350.7,13.369,15.989,+1.449,
135.120,3400,3346.4,13.352,15.989,+1.449,
135.147,3400,3352.8,13.377,15.989,+1.449,
135.194,3400,3405.4,13.587,15.989,+1.449,
135.226,3400,3404.6,13.584,15.989,+1.449,
135.253,3400,3409.2,13.602,15.989,+1.449,
135.295,3400,3405.1,13.586,15.989,+1.449,
135.322,3400,3400.5,13.567,15.989,+1.449,
135.348,3400,3410.0,13.605,15.989,+1.449,
135.375,3400,3408.8,13.601,15.989,+1.449,
135.408,3400,3412.3,13.615,15.989,+1.449,
135.432,3400,3400.2,13.566,15.989,+1.449,
135.459,3400,3406.5,13.591,15.989,+1.449,
135.506,3400,3405.7,13.588,16.789,+2.249,
135.533,3400,3410.9,13.609,16.789,+2.249,
135.559,3400,3410.0,13.605,16.789,+2.249,
135.601,3400,3412.1,13.614,15.989,+1.449,
135.633,3400,3361.2,13.411,15.989,+1.449,
135.659,3400,3365.0,13.426,15.989,+1.449,
135.707,3400,3420.0,13.645,15.989,+1.449,
135.733,3400,3426.4,13.671,15.989,+1.449,
135.760,3400,3415.4,13.627,15.989,+1.449,
135.807,3400,3419.5,13.643,16.678,+2.138,
135.839,3400,3367.3,13.435,16.678,+2.138,
135.865,3400,3364.8,13.425,16.678,+2.138,
135.913,3400,3427.2,13.674,15.878,+1.338,
135.939,3400,3432.7,13.696,15.878,+1.338,
135.966,3400,3435.7,13.708,15.878,+1.338,
136.013,3400,3381.3,13.491,15.738,+1.198,
136.045,3400,3431.2,13.690,15.738,+1.198,
136.071,3400,3426.8,13.672,15.738,+1.198,
136.119,3400,3366.5,13.432,15.754,+1.214,
136.145,3400,3356.7,13.393,15.754,+1.214,
136.172,3400,3414.7,13.624,15.754,+1.214,
136.214,3400,3358.1,13.398,16.303,+1.763,
136.246,3400,3409.9,13.605,16.303,+1.763,
136.273,3400,3407.8,13.596,16.303,+1.763,
136.320,3400,3401.3,13.570,17.103,+2.563,
136.346,3400,3253.8,12.982,17.103,+2.563,
136.373,3400,3001.1,11.974,17.103,+2.563,shot:3400:33
136.397,3400,2787.8,11.123,17.903,+3.363,
136.426,3400,2705.4,10.794,17.903,+3.363,
136.450,3400,2742.0,10.940,17.903,+3.363,
136.477,3400,2786.4,11.117,17.903,+3.363,
136.503,3400,2830.2,11.292,18.193,+3.653,
136.536,3400,2834.3,11.308,18.193,+3.653,
136.563,3400,2925.9,11.674,18.193,+3.653,
136.589,3400,2915.6,11.633,18.193,+3.653,
136.637,3400,3035.7,12.112,17.393,+2.853,
136.661,3400,3067.0,12.237,17.393,+2.853,
136.688,3400,3099.3,12.366,17.393,+2.853,
136.714,3400,3126.8,12.475,16.593,+2.053,
136.747,3400,3157.2,12.597,16.593,+2.053,
136.774,3400,3175.8,12.671,16.593,+2.053,
136.800,3400,3195.6,12.750,16.593,+2.053,
136.848,3400,3216.3,12.833,16.579,+2.039,
136.872,3400,3224.6,12.865,16.579,+2.039,
136.899,3400,3239.5,12.925,16.579,+2.039,
136.925,3400,3246.0,12.951,15.779,+1.239,
136.958,3400,3256.4,12.992,15.779,+1.239,
136.985,3400,3212.7,12.818,15.779,+1.239,
137.011,3400,3273.4,13.060,15.779,+1.239,
137.059,3400,3225.8,12.870,15.408,+0.868,
137.083,3400,3275.0,13.067,15.408,+0.868,
137.110,3400,3229.3,12.884,15.408,+0.868,
137.137,3400,3275.7,13.069,15.680,+1.140,
137.170,3400,3224.7,12.866,15.680,+1.140,
137.196,3400,3276.1,13.071,15.680,+1.140,
137.223,3400,3231.5,12.893,15.680,+1.140,
137.275,3400,3282.4,13.096,15.843,+1.303,
137.300,3400,3285.2,13.107,15.843,+1.303,
137.326,3400,3229.9,12.887,15.843,+1.303,
137.369,3400,3292.5,13.136,15.928,+1.388,
137.395,3400,3239.1,12.923,15.928,+1.388,
137.422,3400,3293.4,13.140,15.928,+1.388,
137.448,3400,3249.3,12.964,16.728,+2.188,
137.481,3400,3306.6,13.193,16.728,+2.188,
137.506,3400,3304.9,13.186,16.728,+2.188,
137.532,3400,3259.4,13.004,16.728,+2.188,
137.575,3400,3328.0,13.278,15.928,+1.388,
137.601,3400,3329.6,13.285,15.928,+1.388,
137.628,3400,3280.9,13.090,15.928,+1.388,
137.654,3400,3340.6,13.328,15.543,+1.003,
137.692,3400,3337.1,13.314,15.543,+1.003,
137.717,3400,3344.7,13.345,15.543,+1.003,
137.743,3400,3280.8,13.090,15.543,+1.003,
137.779,3400,3339.0,13.322,15.746,+1.206,
137.805,3400,3331.7,13.293,15.746,+1.206,
137.832,3400,3288.4,13.120,15.746,+1.206,
137.858,3400,3336.2,13.311,15.885,+1.345,
137.891,3400,3340.9,13.330,15.885,+1.345,
137.916,3400,3330.2,13.287,15.885,+1.345,
137.942,3400,3285.6,13.109,15.885,+1.345,
137.990,3400,3287.8,13.118,16.048,+1.508,
138.016,3400,3339.1,13.322,16.048,+1.508,
138.043,3400,3338.3,13.319,16.048,+1.508,
138.090,3400,3342.3,13.335,16.848,+2.308,
138.122,3400,3347.7,13.357,16.848,+2.308,
138.149,3400,3356.9,13.393,16.848,+2.308,
138.196,3400,3369.2,13.442,16.750,+2.210,
138.223,3400,3378.0,13.478,16.750,+2.210,
138.249,3400,3378.0,13.477,16.750,+2.210,
138.302,3400,3338.8,13.321,16.378,+1.838,
138.327,3400,3336.1,13.310,16.378,+1.838,
138.353,3400,3398.4,13.559,16.378,+1.838,
138.401,3400,3400.4,13.567,15.578,+1.038,
138.427,3400,3350.4,13.368,15.578,+1.038,
138.454,3400,3342.9,13.338,15.578,+1.038,
138.501,3400,3390.6,13.528,15.578,+1.038,label:short
138.531,3400,3385.8,13.509,15.578,+1.038,
138.557,3400,3387.5,13.516,15.578,+1.038,
138.605,3400,3382.2,13.494,16.047,+1.507,
138.631,3400,3383.1,13.498,16.047,+1.507,
138.658,3400,3376.6,13.472,16.047,+1.507,
138.710,3400,3325.2,13.267,16.847,+2.307,
138.735,3400,3377.1,13.474,16.847,+2.307,
138.761,3400,3381.5,13.491,16.847,+2.307,
138.809,3400,3334.8,13.305,16.047,+1.507,
138.835,3400,3341.8,13.333,16.047,+1.507,
138.862,3400,3341.5,13.332,16.047,+1.507,
138.915,3400,3399.8,13.565,16.047,+1.507,
138.939,3400,3393.6,13.540,16.047,+1.507,
138.966,3400,3388.5,13.520,16.047,+1.507,
139.013,3400,3388.0,13.518,16.847,+2.307,
139.040,3400,3395.3,13.547,16.847,+2.307,
139.066,3400,3399.1,13.562,16.847,+2.307,
139.114,3400,3351.1,13.370,16.047,+1.507,
139.146,3400,3410.7,13.608,16.047,+1.507,
139.172,3400,3406.0,13.589,16.047,+1.507,
139.215,3400,3402.4,13.575,16.847,+2.307,
139.241,3400,3410.8,13.608,16.847,+2.307,
139.268,3400,3417.0,13.633,16.847,+2.307,
139.294,3400,3413.9,13.621,16.047,+1.507,
139.327,3400,3419.8,13.644,16.047,+1.507,
139.352,3400,3421.4,13.651,16.047,+1.507,
139.379,3400,3427.3,13.674,16.047,+1.507,
139.431,3400,3416.2,13.630,15.541,+1.001,
139.458,3400,3422.2,13.654,15.541,+1.001,
139.484,3400,3415.1,13.626,15.541,+1.001,
139.537,3400,3357.2,13.395,16.341,+1.801,
139.561,3400,3351.7,13.373,16.341,+1.801,
139.588,3400,3346.6,13.352,16.341,+1.801,
139.635,3400,3404.2,13.582,15.576,+1.036,
139.667,3400,3404.0,13.581,15.576,+1.036,
139.693,3400,3404.7,13.584,15.576,+1.036,
139.750,3400,3344.7,13.345,15.576,+1.036,
139.774,3400,3332.4,13.296,15.576,+1.036,
139.801,3400,3395.6,13.548,15.576,+1.036,
139.841,3400,3381.1,13.490,15.576,+1.036,
139.868,3400,3374.6,13.464,15.576,+1.036,
139.894,3400,3387.7,13.517,15.576,+1.036,
139.942,3400,3377.6,13.476,16.223,+1.683,
139.966,3400,3369.7,13.445,16.223,+1.683,shot:3407:30
139.989,3400,3374.4,13.463,16.223,+1.683,
140.015,3400,3375.2,13.466,16.180,+1.640,
140.043,3400,3317.0,13.234,16.180,+1.640,
140.070,3400,3372.2,13.454,16.180,+1.640,
140.097,3400,3377.8,13.477,16.180,+1.640,
140.149,3400,3372.3,13.455,16.263,+1.723,
140.174,3400,3382.1,13.494,16.263,+1.723,
140.200,3400,3323.9,13.262,16.263,+1.723,
140.253,3400,3385.6,13.508,15.737,+1.197,
140.279,3400,3382.7,13.496,15.737,+1.197,
140.306,3400,3376.9,13.473,15.737,+1.197,
140.358,3400,3380.5,13.487,16.537,+1.997,
140.383,3400,3379.4,13.483,16.537,+1.997,
140.409,3400,3384.9,13.505,16.537,+1.997,
140.457,3400,3388.7,13.520,15.737,+1.197,
140.483,3400,3382.7,13.497,15.737,+1.197,
140.510,3400,3380.6,13.488,15.737,+1.197,
140.552,3400,3385.4,13.507,15.737,+1.197,
140.584,3400,3384.8,13.505,15.737,+1.197,
140.610,3400,3381.0,13.490,15.737,+1.197,
140.658,3400,3377.6,13.476,16.537,+1.997,
140.684,3400,3370.9,13.449,16.537,+1.997,
140.711,3400,3376.2,13.470,16.537,+1.997,
140.753,3400,3382.8,13.497,15.737,+1.197,
140.784,3400,3387.2,13.514,15.737,+1.197,
140.811,3400,3382.6,13.496,15.737,+1.197,
140.863,3400,3385.5,13.508,15.214,+0.674,
140.890,3400,3375.0,13.466,15.214,+0.674,
140.916,3400,3367.0,13.434,15.214,+0.674,
140.969,3400,3361.7,13.412,16.014,+1.474,
140.993,3400,3360.9,13.409,16.014,+1.474,
141.020,3400,3363.7,13.421,16.014,+1.474,
141.067,3400,3363.9,13.422,16.161,+1.621,
141.094,3400,3305.1,13.187,16.161,+1.621,
141.120,3400,3360.1,13.406,16.161,+1.621,
141.173,3400,3362.5,13.416,16.244,+1.704,
141.198,3400,3364.3,13.423,16.244,+1.704,
141.224,3400,3316.8,13.233,16.244,+1.704,
141.267,3400,3313.9,13.222,16.111,+1.571,
141.293,3400,3368.9,13.441,16.111,+1.571,
141.320,3400,3376.7,13.472,16.111,+1.571,shot:3382:25
141.344,3400,3368.8,13.441,16.182,+1.642,
141.377,3400,3374.1,13.462,16.182,+1.642,
141.402,3400,3372.9,13.457,16.182,+1.642,
141.428,3400,3380.1,13.486,16.182,+1.642,
141.471,3400,3320.4,13.248,16.066,+1.526,
141.497,3400,3317.9,13.238,16.066,+1.526,
141.524,3400,3380.3,13.487,16.066,+1.526,
141.550,3400,3376.2,13.470,16.129,+1.589,
141.578,3400,3316.5,13.232,16.129,+1.589,
141.603,3400,3324.4,13.264,16.129,+1.589,
141.630,3400,3322.8,13.257,16.129,+1.589,
141.656,3400,3373.3,13.459,16.239,+1.699,
141.684,3400,3374.2,13.462,16.239,+1.699,
141.711,3400,3380.4,13.487,16.239,+1.699,
141.737,3400,3322.3,13.255,16.239,+1.699,
141.785,3400,3378.5,13.480,15.706,+1.166,
141.809,3400,3377.4,13.475,15.706,+1.166,
141.836,3400,3327.0,13.274,15.706,+1.166,
141.862,3400,3369.6,13.444,16.374,+1.834,
141.895,3400,3371.3,13.451,16.374,+1.834,
141.922,3400,3368.0,13.438,16.374,+1.834,
141.948,3400,3378.5,13.479,16.374,+1.834,
141.996,3400,3380.0,13.486,16.223,+1.683,
142.020,3400,3381.3,13.491,16.223,+1.683,
142.047,3400,3378.8,13.481,16.223,+1.683,
142.094,3400,3381.7,13.492,17.023,+2.483,
142.121,3400,3390.6,13.528,17.023,+2.483,
142.147,3400,3397.8,13.557,17.023,+2.483,
142.195,3400,3405.8,13.589,16.793,+2.253,
142.226,3400,3360.1,13.406,16.793,+2.253,
142.253,3400,3362.4,13.415,16.793,+2.253,
142.300,3400,3426.1,13.669,16.357,+1.817,
142.327,3400,3427.0,13.673,16.357,+1.817,
142.354,3400,3433.4,13.699,16.357,+1.817,
142.401,3400,3430.9,13.688,15.557,+1.017,
142.433,3400,3431.2,13.690,15.557,+1.017,
142.459,3400,3433.3,13.698,15.557,+1.017,
142.507,3400,3371.3,13.451,15.540,+1.000,
142.533,3400,3359.1,13.402,15.540,+1.000,
142.560,3400,3353.1,13.378,15.540,+1.000,
142.607,3400,3399.8,13.565,16.074,+1.534,
142.639,3400,3396.3,13.551,16.074,+1.534,
142.665,3400,3401.3,13.571,16.074,+1.534,
142.718,3400,3340.6,13.328,16.074,+1.534,
142.744,3400,3340.5,13.328,16.074,+1.534,
142.771,3400,3350.4,13.367,16.074,+1.534,
142.818,3400,3402.2,13.574,16.074,+1.534,
142.843,3400,3400.0,13.566,16.074,+1.534,
142.869,3400,3395.6,13.548,16.074,+1.534,
142.896,3400,3403.6,13.580,16.074,+1.534,
142.924,3400,3404.6,13.584,16.074,+1.534,
142.950,3400,3397.1,13.554,16.074,+1.534,
142.977,3400,3399.0,13.561,16.074,+1.534,
143.024,3400,3398.5,13.559,16.074,+1.534,
143.049,3400,3350.8,13.369,16.074,+1.534,
143.075,3400,3342.7,13.337,16.074,+1.534,
143.102,3400,3399.2,13.562,16.074,+1.534,
143.135,3400,3397.5,13.556,16.074,+1.534,
143.161,3400,3404.3,13.583,16.074,+1.534,
143.188,3400,3406.4,13.591,16.074,+1.534,
143.240,3400,3403.8,13.581,16.074,+1.534,
143.265,3400,3408.2,13.598,16.074,+1.534,
143.292,3400,3401.2,13.570,16.074,+1.534,
143.344,3400,3354.4,13.384,16.874,+2.334,
143.371,3400,3350.5,13.368,16.874,+2.334,
143.397,3400,3353.3,13.379,16.874,+2.334,
143.445,3400,3414.7,13.624,16.074,+1.534,
143.469,3400,3425.7,13.668,16.074,+1.534,
143.496,3400,3424.2,13.662,16.074,+1.534,
143.522,3400,3420.6,13.648,15.621,+1.081,
143.556,3400,3419.3,13.643,15.621,+1.081,
143.582,3400,3421.9,13.653,15.621,+1.081,
143.609,3400,3421.8,13.652,15.621,+1.081,
143.656,3400,3364.4,13.423,16.033,+1.493,
143.681,3400,3350.9,13.369,16.033,+1.493,
143.707,3400,3349.6,13.364,16.033,+1.493,
143.734,3400,3356.1,13.390,16.833,+2.293,
143.767,3400,3410.2,13.606,16.833,+2.293,
143.793,3400,3411.5,13.611,16.833,+2.293,
143.820,3400,3408.8,13.601,16.833,+2.293,
143.867,3400,3421.0,13.649,16.033,+1.493,
143.892,3400,3419.8,13.644,16.033,+1.493,
143.918,3400,3427.1,13.674,16.033,+1.493,
143.950,3400,3427.4,13.675,15.430,+0.890,
143.988,3450,3358.2,13.399,15.430,+0.890,
144.013,3450,3365.6,13.428,15.430,+0.890,
144.039,3450,3353.4,13.380,15.430,+0.890,
144.080,3450,3399.0,13.561,16.377,+1.690,
144.104,3450,3405.2,13.586,16.377,+1.690,
144.131,3450,3400.2,13.566,16.377,+1.690,
144.157,3450,3344.4,13.343,17.177,+2.490,
144.196,3450,3409.9,13.605,17.177,+2.490,
144.222,3450,3412.6,13.616,17.177,+2.490,
144.249,3450,3419.7,13.644,17.177,+2.490,
144.284,3450,3429.9,13.685,16.775,+2.088,
144.309,3450,3438.3,13.718,16.775,+2.088,
144.335,3450,3446.5,13.751,16.775,+2.088,
144.362,3450,3448.9,13.761,15.975,+1.288,
144.395,3450,3401.2,13.570,15.975,+1.288,
144.421,3450,3454.5,13.783,15.975,+1.288,
144.448,3450,3458.8,13.800,15.975,+1.288,
144.500,3450,3456.0,13.789,15.975,+1.288,
144.525,3450,3460.4,13.807,15.975,+1.288,
144.552,3450,3459.5,13.803,15.975,+1.288,
144.599,3450,3457.6,13.795,15.975,+1.288,
144.626,3450,3451.2,13.770,15.975,+1.288,
144.652,3450,3445.3,13.746,15.975,+1.288,
144.705,3450,3453.5,13.779,15.975,+1.288,
144.729,3450,3441.6,13.731,15.975,+1.288,
144.756,3450,3447.0,13.753,15.975,+1.288,
144.798,3450,3449.0,13.761,15.975,+1.288,
144.825,3450,3446.6,13.751,15.975,+1.288,
144.851,3450,3436.0,13.709,15.975,+1.288,
144.878,3450,3441.2,13.730,15.975,+1.288,
144.906,3450,3444.3,13.742,15.975,+1.288,
144.930,3450,3435.4,13.707,15.975,+1.288,
144.957,3450,3433.3,13.698,15.975,+1.288,
144.983,3450,3441.9,13.733,15.975,+1.288,
145.017,3450,3437.5,13.715,15.975,+1.288,
145.043,3450,3439.7,13.724,15.975,+1.288,
145.070,3450,3432.1,13.694,15.975,+1.288,
145.117,3450,3433.5,13.699,15.975,+1.288,
145.142,3450,3428.7,13.680,15.975,+1.288,
145.168,3450,3434.9,13.705,15.975,+1.288,
145.195,3450,3432.1,13.694,15.975,+1.288,
145.228,3450,3433.5,13.699,15.975,+1.288,
145.255,3450,3425.4,13.667,15.975,+1.288,
145.281,3450,3422.4,13.655,15.975,+1.288,
145.329,3450,3366.3,13.431,16.557,+1.870,
145.353,3450,3431.5,13.691,16.557,+1.870,
145.380,3450,3434.3,13.702,16.557,+1.870,
145.406,3450,3431.3,13.690,16.028,+1.341,
145.440,3450,3437.2,13.714,16.028,+1.341,
145.466,3450,3435.5,13.707,16.028,+1.341,
145.493,3450,3444.2,13.742,16.028,+1.341,
145.540,3450,3388.8,13.521,16.028,+1.341,
145.565,3450,3443.6,13.740,16.028,+1.341,
145.591,3450,3436.1,13.709,16.028,+1.341,
145.618,3450,3440.9,13.728,16.028,+1.341,
145.656,3450,3438.7,13.720,16.028,+1.341,
145.682,3450,3434.8,13.704,16.028,+1.341,
145.709,3450,3389.3,13.523,16.028,+1.341,
145.754,3450,3444.8,13.744,16.028,+1.341,
145.779,3450,3433.0,13.697,16.028,+1.341,
145.805,3450,3430.8,13.688,16.028,+1.341,
145.853,3450,3431.2,13.690,16.028,+1.341,
145.879,3450,3435.1,13.705,16.028,+1.341,
145.906,3450,3438.6,13.719,16.028,+1.341,
145.953,3450,3382.4,13.495,16.028,+1.341,
145.978,3450,3373.4,13.459,16.028,+1.341,
146.004,3450,3427.0,13.673,16.028,+1.341,
146.031,3450,3436.7,13.712,16.028,+1.341,
146.064,3450,3433.4,13.699,16.028,+1.341,
146.091,3450,3439.0,13.721,16.028,+1.341,
146.117,3450,3431.2,13.690,16.028,+1.341,
146.165,3450,3378.6,13.480,16.028,+1.341,
146.189,3450,3377.7,13.476,16.028,+1.341,
146.216,3450,3442.5,13.735,16.028,+1.341,
146.242,3450,3436.5,13.711,16.028,+1.341,
146.275,3450,3440.6,13.727,16.028,+1.341,
146.302,3450,3432.6,13.696,16.028,+1.341,
146.328,3450,3431.5,13.691,16.028,+1.341,
146.376,3450,3431.4,13.691,16.828,+2.141,
146.400,3450,3385.0,13.506,16.828,+2.141,
146.427,3450,3445.5,13.747,16.828,+2.141,
146.453,3450,3442.1,13.733,16.028,+1.341,
146.487,3450,3451.6,13.771,16.028,+1.341,
146.513,3450,3450.2,13.766,16.028,+1.341,
146.540,3450,3457.7,13.796,16.028,+1.341,
146.587,3450,3455.3,13.786,16.028,+1.341,
146.612,3450,3455.4,13.786,16.028,+1.341,
146.638,3450,3447.8,13.756,16.028,+1.341,
146.665,3450,3453.2,13.777,16.028,+1.341,
146.698,3450,3448.7,13.760,16.028,+1.341,
146.724,3450,3401.5,13.571,16.028,+1.341,
146.751,3450,3453.4,13.778,16.028,+1.341,
146.801,3450,3455.8,13.788,16.828,+2.141,
146.826,3450,3457.1,13.793,16.828,+2.141,
146.852,3450,3455.4,13.786,16.828,+2.141,
146.895,3450,3463.8,13.820,16.028,+1.341,
146.921,3450,3415.4,13.627,16.028,+1.341,
146.948,3450,3470.0,13.845,16.028,+1.341,
146.974,3450,3463.7,13.820,16.028,+1.341,
147.007,3450,3465.3,13.826,16.028,+1.341,
147.032,3450,3470.0,13.845,16.028,+1.341,
147.058,3450,3418.5,13.639,16.028,+1.341,
147.106,3450,3471.3,13.850,16.028,+1.341,
147.132,3450,3412.9,13.617,16.028,+1.341,
147.159,3450,3401.2,13.570,16.028,+1.341,
147.206,3450,3455.8,13.788,16.828,+2.141,
147.231,3450,3302.4,13.176,16.828,+2.141,
147.258,3450,3015.2,12.030,16.828,+2.141,shot:3442:33
147.280,3450,2895.4,11.552,17.628,+2.941,
147.313,3450,2773.5,11.066,17.628,+2.941,
147.340,3450,2811.4,11.217,17.628,+2.941,
147.366,3450,2846.8,11.358,17.628,+2.941,
147.414,3450,2917.5,11.640,18.428,+3.741,
147.438,3450,2903.5,11.584,18.428,+3.741,
147.465,3450,2989.6,11.928,18.428,+3.741,
147.491,3450,3029.1,12.086,17.628,+2.941,
147.529,3450,3034.9,12.109,17.628,+2.941,
147.556,3450,3068.0,12.241,17.628,+2.941,
147.582,3450,3150.8,12.571,17.628,+2.941,
147.623,3450,3185.4,12.709,16.828,+2.141,
147.647,3450,3206.7,12.794,16.828,+2.141,
147.674,3450,3169.5,12.646,16.828,+2.141,
147.700,3450,3243.3,12.940,16.028,+1.341,
147.728,3450,3254.7,12.986,16.028,+1.341,
147.755,3450,3209.1,12.804,16.028,+1.341,
147.781,3450,3273.8,13.062,16.028,+1.341,
147.823,3450,3278.1,13.079,15.713,+1.026,
147.848,3450,3283.3,13.100,15.713,+1.026,
147.874,3450,3234.4,12.905,15.713,+1.026,
147.901,3450,3286.1,13.111,15.847,+1.160,
147.929,3450,3292.5,13.136,15.847,+1.160,
147.955,3450,3298.6,13.161,15.847,+1.160,
147.982,3450,3295.0,13.146,15.847,+1.160,
148.029,3450,3298.1,13.159,15.858,+1.171,
148.054,3450,3309.0,13.202,15.858,+1.171,
148.080,3450,3258.3,13.000,15.858,+1.171,
148.105,3450,3310.2,13.207,15.944,+1.257,
148.138,3450,3312.4,13.216,15.944,+1.257,
148.165,3450,3317.4,13.236,15.944,+1.257,
148.191,3450,3314.7,13.225,15.944,+1.257,
148.233,3450,3267.5,13.037,16.744,+2.057,
148.258,3450,3324.6,13.265,16.744,+2.057,
148.284,3450,3326.8,13.273,16.744,+2.057,
148.311,3450,3337.7,13.317,15.944,+1.257,
148.344,3450,3292.0,13.134,15.944,+1.257,
148.371,3450,3353.4,13.379,15.944,+1.257,
148.397,3450,3350.3,13.367,15.944,+1.257,
148.445,3450,3355.0,13.386,16.744,+2.057,
148.469,3450,3360.7,13.409,16.744,+2.057,
148.496,3450,3366.8,13.433,16.744,+2.057,
148.522,3450,3314.7,13.225,16.758,+2.071,
148.560,3450,3382.7,13.497,16.758,+2.071,
148.587,3450,3387.6,13.516,16.758,+2.071,
148.613,3450,3335.8,13.309,16.758,+2.071,
148.654,3450,3405.5,13.587,15.958,+1.271,
148.678,3450,3402.7,13.576,15.958,+1.271,
148.705,3450,3406.7,13.592,15.958,+1.271,
148.731,3450,3412.4,13.615,15.708,+1.021,
148.765,3450,3411.6,13.612,15.708,+1.021,
148.791,3450,3351.7,13.373,15.708,+1.021,
148.818,3450,3344.7,13.345,15.708,+1.021,
148.865,3450,3397.4,13.555,16.046,+1.359,
148.890,3450,3406.7,13.592,16.046,+1.359,
148.916,3450,3402.5,13.575,16.046,+1.359,
148.943,3450,3396.9,13.553,16.223,+1.536,
148.976,3450,3402.1,13.574,16.223,+1.536,
148.988,3450,3397.7,13.556,16.223,+1.536,label:in
149.013,3450,3407.4,13.595,16.223,+1.536,
149.039,3450,3404.0,13.581,16.223,+1.536,
149.080,3450,3350.0,13.366,16.155,+1.468,
149.104,3450,3359.0,13.402,16.155,+1.468,
149.131,3450,3356.1,13.390,16.155,+1.468,
149.157,3450,3355.5,13.388,16.955,+2.268,
149.191,3450,3357.1,13.394,16.955,+2.268,
149.217,3450,3363.0,13.418,16.955,+2.268,
149.244,3450,3372.8,13.457,16.955,+2.268,
149.286,3450,3432.4,13.695,16.155,+1.468,
149.311,3450,3436.1,13.710,16.155,+1.468,
149.337,3450,3444.5,13.743,16.155,+1.468,
149.364,3450,3440.9,13.729,15.745,+1.058,
149.402,3450,3387.1,13.514,15.745,+1.058,
149.428,3450,3445.2,13.746,15.745,+1.058,
149.455,3450,3436.3,13.710,15.745,+1.058,
149.495,3450,3438.0,13.717,15.745,+1.058,
149.520,3450,3434.9,13.704,15.745,+1.058,
149.547,3450,3427.8,13.676,15.745,+1.058,
149.573,3450,3433.1,13.697,15.745,+1.058,
149.606,3450,3424.7,13.664,15.745,+1.058,
149.633,3450,3374.0,13.462,15.745,+1.058,
149.659,3450,3375.1,13.466,15.745,+1.058,
149.707,3450,3425.6,13.667,16.231,+1.544,
149.731,3450,3416.2,13.630,16.231,+1.544,
149.758,3450,3420.3,13.646,16.231,+1.544,
149.784,3450,3426.4,13.671,16.308,+1.621,
149.818,3450,3425.3,13.666,16.308,+1.621,
149.844,3450,3429.0,13.681,16.308,+1.621,
149.871,3450,3424.7,13.664,16.308,+1.621,
149.913,3450,3430.4,13.687,15.837,+1.150,
149.938,3450,3381.6,13.492,15.837,+1.150,
149.964,3450,3373.0,13.458,15.837,+1.150,
149.991,3450,3374.3,13.463,16.637,+1.950,
150.024,3450,3371.9,13.453,16.637,+1.950,
150.050,3450,3432.6,13.696,16.637,+1.950,
150.077,3450,3438.4,13.718,16.637,+1.950,
150.124,3450,3389.6,13.524,16.606,+1.919,
150.149,3450,3391.1,13.530,16.606,+1.919,
150.176,3450,3447.1,13.753,16.606,+1.919,
150.202,3450,3456.4,13.791,15.806,+1.119,
150.230,3450,3460.2,13.806,15.806,+1.119,
150.257,3450,3457.3,13.794,15.806,+1.119,
150.283,3450,3452.5,13.775,15.806,+1.119,
150.336,3450,3458.6,13.799,15.806,+1.119,
150.360,3450,3449.4,13.762,15.806,+1.119,
150.387,3450,3455.8,13.788,15.806,+1.119,
150.434,3450,3449.2,13.762,15.806,+1.119,
150.461,3450,3451.8,13.772,15.806,+1.119,
150.487,3450,3443.0,13.737,15.806,+1.119,
150.530,3450,3382.4,13.495,15.806,+1.119,
150.554,3450,3446.9,13.753,15.806,+1.119,
150.581,3450,3443.8,13.740,15.806,+1.119,
150.608,3450,3431.6,13.691,15.806,+1.119,
150.641,3450,3433.8,13.700,15.806,+1.119,
150.667,3450,3432.1,13.693,15.806,+1.119,
150.694,3450,3438.9,13.721,15.806,+1.119,
150.741,3450,3379.2,13.483,16.276,+1.589,
150.766,3450,3376.4,13.471,16.276,+1.589,
150.792,3450,3372.8,13.457,16.276,+1.589,
150.819,3450,3379.3,13.483,17.076,+2.389,
150.852,3450,3437.2,13.714,17.076,+2.389,
150.876,3450,3444.6,13.743,17.076,+2.389,
150.903,3450,3449.1,13.761,17.076,+2.389,
150.945,3450,3457.5,13.795,16.276,+1.589,
150.969,3450,3411.1,13.610,16.276,+1.589,
150.996,3450,3472.3,13.854,16.276,+1.589,
151.022,3450,3467.0,13.833,16.276,+1.589,
151.055,3450,3470.9,13.848,16.276,+1.589,
151.082,3450,3468.7,13.839,16.276,+1.589,
151.109,3450,3417.4,13.635,16.276,+1.589,
151.151,3450,3479.1,13.881,15.833,+1.146,
151.176,3450,3470.1,13.845,15.833,+1.146,
151.202,3450,3475.2,13.865,15.833,+1.146,
151.229,3450,3421.5,13.651,16.633,+1.946,
151.262,3450,3472.2,13.854,16.633,+1.946,
151.288,3450,3474.5,13.863,16.633,+1.946,
151.315,3450,3470.4,13.846,16.633,+1.946,
151.362,3450,3476.6,13.871,15.833,+1.146,
151.387,3450,3472.7,13.856,15.833,+1.146,
151.413,3450,3477.3,13.874,15.833,+1.146,
151.440,3450,3418.8,13.640,16.633,+1.946,
151.473,3450,3473.7,13.860,16.633,+1.946,
151.504,3450,3473.8,13.860,16.633,+1.946,
151.531,3450,3420.3,13.646,16.633,+1.946,
151.571,3450,3469.8,13.844,15.833,+1.146,
151.596,3450,3480.0,13.885,15.833,+1.146,
151.623,3450,3423.2,13.658,15.833,+1.146,
151.649,3450,3469.5,13.843,16.244,+1.557,
151.682,3450,3473.8,13.860,16.244,+1.557,
151.709,3450,3464.0,13.821,16.244,+1.557,
151.735,3450,3469.9,13.844,16.244,+1.557,
151.778,3450,3470.2,13.846,16.244,+1.557,
151.802,3450,3466.3,13.830,16.244,+1.557,
151.829,3450,3465.5,13.827,16.244,+1.557,
151.855,3450,3472.7,13.855,15.745,+1.058,
151.883,3450,3472.7,13.855,15.745,+1.058,
151.910,3450,3467.2,13.834,15.745,+1.058,
151.936,3450,3461.1,13.809,15.745,+1.058,
151.979,3450,3461.6,13.811,16.199,+1.512,
152.003,3450,3462.0,13.813,16.199,+1.512,
152.030,3450,3453.8,13.780,16.199,+1.512,
152.056,3450,3460.8,13.808,16.199,+1.512,
152.089,3450,3398.8,13.561,16.199,+1.512,
152.116,3450,3404.6,13.584,16.199,+1.512,
152.142,3450,3464.3,13.822,16.199,+1.512,
152.195,3450,3457.6,13.795,16.199,+1.512,
152.220,3450,3468.0,13.837,16.199,+1.512,
152.246,3450,3461.0,13.809,16.199,+1.512,
152.299,3450,3469.8,13.844,16.199,+1.512,
152.325,3450,3413.0,13.617,16.199,+1.512,
152.352,3450,3408.5,13.599,16.199,+1.512,
152.394,3450,3463.8,13.820,16.945,+2.258,
152.418,3450,3473.1,13.857,16.945,+2.258,
152.445,3450,3418.5,13.639,16.945,+2.258,
152.471,3450,3420.2,13.646,16.922,+2.235,
152.505,3450,3486.0,13.909,16.922,+2.235,
152.531,3450,3487.1,13.913,16.922,+2.235,
152.558,3450,3439.2,13.722,16.922,+2.235,
152.605,3450,3444.3,13.742,16.326,+1.639,
152.630,3450,3510.5,14.006,16.326,+1.639,
152.656,3450,3503.7,13.979,16.326,+1.639,
152.683,3450,3503.4,13.978,15.526,+0.839,
152.716,3450,3502.4,13.974,15.526,+0.839,
152.742,3450,3501.3,13.969,15.526,+0.839,
152.769,3450,3503.1,13.977,15.526,+0.839,
152.816,3450,3491.4,13.930,15.652,+0.965,
152.841,3450,3430.3,13.686,15.652,+0.965,
152.867,3450,3418.1,13.638,15.652,+0.965,
152.894,3450,3472.0,13.853,16.025,+1.338,
152.927,3450,3462.7,13.816,16.025,+1.338,
152.953,3450,3466.5,13.831,16.025,+1.338,
152.980,3450,3467.1,13.833,16.025,+1.338,
153.032,3450,3454.1,13.781,16.464,+1.777,
153.057,3450,3407.3,13.595,16.464,+1.777,
153.083,3450,3403.2,13.578,16.464,+1.777,
153.126,3450,3458.7,13.800,17.264,+2.577,
153.152,3450,3465.2,13.825,17.264,+2.577,
153.179,3450,3417.8,13.636,17.264,+2.577,
153.205,3450,3422.9,13.657,17.037,+2.350,
153.244,3450,3488.4,13.918,17.037,+2.350,
153.268,3450,3444.3,13.742,17.037,+2.350,shot:3477:31
153.293,3450,3498.9,13.960,17.037,+2.350,
153.340,3450,3510.9,14.008,16.237,+1.550,
153.367,3450,3509.1,14.001,16.237,+1.550,
153.393,3450,3515.1,14.024,16.237,+1.550,
153.430,3450,3514.0,14.020,17.037,+2.350,
153.462,3450,3457.2,13.794,17.037,+2.350,
153.488,3450,3513.7,14.019,17.037,+2.350,
153.515,3450,3521.6,14.051,16.237,+1.550,
153.548,3450,3521.4,14.050,16.237,+1.550,
153.570,3450,3529.2,14.081,16.237,+1.550,
153.596,3450,3523.9,14.060,16.237,+1.550,
153.644,3450,3523.8,14.059,15.897,+1.210,
153.668,3450,3515.8,14.027,15.897,+1.210,
153.695,3450,3521.3,14.049,15.897,+1.210,
153.721,3450,3520.8,14.047,15.950,+1.263,
153.754,3450,3515.0,14.024,15.950,+1.263,
153.781,3450,3510.2,14.005,15.950,+1.263,
153.807,3450,3499.2,13.961,15.950,+1.263,
153.860,3450,3444.9,13.744,16.134,+1.447,
153.884,3450,3494.8,13.944,16.134,+1.447,
153.911,3450,3488.2,13.917,16.134,+1.447,
153.963,3450,3495.0,13.944,16.283,+1.596,
153.989,3450,3430.5,13.687,16.283,+1.596,
154.016,3450,3483.8,13.900,16.283,+1.596,
154.058,3450,3488.1,13.917,16.273,+1.586,
154.083,3450,3491.3,13.930,16.273,+1.586,
154.110,3450,3479.9,13.884,16.273,+1.586,
154.136,3450,3452.9,13.777,17.073,+2.386,
154.174,3450,3150.9,12.572,17.073,+2.386,shot:3508:45
154.197,3450,2928.0,11.682,17.073,+2.386,
154.223,3450,2777.0,11.080,17.073,+2.386,
154.271,3450,2809.4,11.209,17.873,+3.186,
154.295,3450,2887.6,11.521,17.873,+3.186,
154.322,3450,2876.5,11.477,17.873,+3.186,
154.348,3450,2961.3,11.815,17.073,+2.386,
154.386,3450,3009.6,12.008,17.073,+2.386,
154.413,3450,3043.8,12.144,17.073,+2.386,
154.439,3450,3069.7,12.248,17.073,+2.386,
154.485,3450,3063.8,12.224,16.273,+1.586,
154.509,3450,3129.4,12.486,16.273,+1.586,
154.536,3450,3152.9,12.580,16.273,+1.586,
154.583,3450,3179.7,12.687,15.473,+0.786,
154.610,3450,3184.3,12.705,15.473,+0.786,
154.636,3450,3198.2,12.760,15.473,+0.786,
154.684,3450,3159.3,12.605,16.273,+1.586,
154.708,3450,3210.2,12.808,16.273,+1.586,
154.735,3450,3222.6,12.857,16.273,+1.586,
154.761,3450,3178.3,12.681,16.218,+1.531,
154.789,3450,3238.3,12.920,16.218,+1.531,
154.816,3450,3252.1,12.975,16.218,+1.531,
154.842,3450,3205.3,12.789,16.218,+1.531,
154.890,3450,3270.4,13.048,15.418,+0.731,
154.914,3450,3278.7,13.081,15.418,+0.731,
154.941,3450,3281.9,13.094,15.418,+0.731,
154.967,3450,3278.8,13.082,15.537,+0.850,
155.000,3450,3279.4,13.084,15.537,+0.850,
155.027,3450,3235.1,12.907,15.537,+0.850,
155.053,3450,3287.4,13.116,15.537,+0.850,
155.106,3450,3291.8,13.134,15.598,+0.911,
155.131,3450,3288.1,13.119,15.598,+0.911,
155.157,3450,3291.6,13.133,15.598,+0.911,
155.204,3450,3293.5,13.141,15.979,+1.292,
155.231,3450,3242.3,12.936,15.979,+1.292,
155.257,3450,3293.8,13.142,15.979,+1.292,
155.305,3450,3302.2,13.175,16.779,+2.092,
155.329,3450,3259.6,13.005,16.779,+2.092,
155.356,3450,3314.8,13.225,16.779,+2.092,
155.382,3450,3323.6,13.261,15.979,+1.292,
155.416,3450,3277.0,13.075,15.979,+1.292,
155.442,3450,3341.6,13.333,15.979,+1.292,
155.469,3450,3342.8,13.337,15.979,+1.292,
155.516,3450,3347.1,13.354,16.779,+2.092,
155.540,3450,3348.1,13.358,16.779,+2.092,
155.567,3450,3354.5,13.384,16.779,+2.092,
155.592,3450,3304.2,13.183,16.893,+2.205,
155.625,3450,3367.3,13.435,16.893,+2.205,
155.651,3450,3374.7,13.465,16.893,+2.205,
155.678,3450,3383.4,13.499,16.893,+2.205,
155.725,3450,3396.4,13.551,16.093,+1.405,
155.750,3450,3394.1,13.542,16.093,+1.405,
155.776,3450,3397.7,13.556,16.093,+1.405,
155.803,3450,3403.0,13.577,15.869,+1.182,
155.836,3450,3402.8,13.577,15.869,+1.182,
155.862,3450,3402.3,13.575,15.869,+1.182,
155.889,3450,3396.6,13.552,15.869,+1.182,
155.941,3450,3346.4,13.352,15.979,+1.292,
155.966,3450,3336.0,13.310,15.979,+1.292,
155.992,3450,3396.8,13.553,15.979,+1.292,
156.040,3450,3391.0,13.530,16.378,+1.691,
156.066,3450,3344.1,13.342,16.378,+1.691,
156.093,3450,3337.5,13.316,16.378,+1.691,
156.140,3450,3398.6,13.560,16.254,+1.567,
156.165,3450,3397.9,13.557,16.254,+1.567,
156.191,3450,3404.6,13.584,16.254,+1.567,
156.218,3450,3403.4,13.579,16.274,+1.587,
156.251,3450,3407.7,13.596,16.274,+1.587,
156.278,3450,3401.8,13.573,16.274,+1.587,
156.304,3450,3405.6,13.588,16.274,+1.587,
156.357,3450,3406.4,13.591,16.337,+1.650,
156.381,3450,3354.8,13.385,16.337,+1.650,
156.408,3450,3360.9,13.410,16.337,+1.650,
156.455,3450,3416.8,13.633,16.246,+1.559,
156.482,3450,3414.6,13.624,16.246,+1.559,
156.508,3450,3408.8,13.601,16.246,+1.559,
156.556,3450,3412.3,13.615,17.046,+2.359,
156.581,3450,3365.5,13.428,17.046,+2.359,
156.607,3450,3366.4,13.431,17.046,+2.359,
156.634,3450,3370.4,13.447,16.955,+2.268,
156.672,3450,3438.3,13.718,16.955,+2.268,label:in
156.695,3450,3437.6,13.716,16.955,+2.268,
156.721,3450,3445.0,13.745,16.955,+2.268,
156.769,3450,3451.4,13.770,16.155,+1.468,
156.793,3450,3457.9,13.796,16.155,+1.468,
156.820,3450,3452.8,13.776,16.155,+1.468,
156.846,3450,3398.0,13.557,16.955,+2.268,
156.879,3450,3453.4,13.778,16.955,+2.268,
156.906,3450,3457.7,13.796,16.955,+2.268,
156.932,3450,3463.7,13.820,16.955,+2.268,
156.975,3450,3413.2,13.618,16.155,+1.468,
156.999,3450,3465.2,13.825,16.155,+1.468,
157.026,3450,3472.4,13.854,16.155,+1.468,
157.052,3450,3470.7,13.848,15.699,+1.011,
157.086,3450,3473.3,13.858,15.699,+1.011,
157.112,3450,3406.0,13.589,15.699,+1.011,
157.139,3450,3397.4,13.555,15.699,+1.011,
157.186,3450,3447.0,13.753,16.499,+1.811,
157.211,3450,3397.8,13.557,16.499,+1.811,
157.237,3450,3397.3,13.555,16.499,+1.811,
157.264,3450,3446.9,13.752,15.699,+1.011,
157.297,3450,3450.2,13.766,15.699,+1.011,
157.324,3450,3444.8,13.744,15.699,+1.011,
157.350,3450,3443.1,13.738,15.699,+1.011,
157.398,3450,3382.2,13.494,15.699,+1.011,
157.422,3450,3440.4,13.727,15.699,+1.011,
157.449,3450,3424.2,13.662,15.699,+1.011,
157.475,3450,3420.7,13.648,16.343,+1.656,
157.509,3450,3419.8,13.644,16.343,+1.656,
157.535,3450,3422.6,13.656,16.343,+1.656,shot:3450:27
157.560,3450,3423.3,13.658,16.343,+1.656,
157.607,3450,3427.9,13.677,16.353,+1.666,
157.632,3450,3365.7,13.428,16.353,+1.666,
157.658,3450,3370.5,13.448,16.353,+1.666,
157.685,3450,3376.5,13.471,17.153,+2.466,
157.718,3450,3376.6,13.472,17.153,+2.466,
157.744,3450,3435.6,13.707,17.153,+2.466,
157.771,3450,3437.4,13.715,17.153,+2.466,
157.813,3450,3448.5,13.759,17.045,+2.358,
157.838,3450,3458.6,13.799,17.045,+2.358,
157.864,3450,3404.5,13.583,17.045,+2.358,
157.891,3450,3408.2,13.598,16.726,+2.039,
157.924,3450,3470.7,13.847,16.726,+2.039,
157.950,3450,3475.3,13.866,16.726,+2.039,
157.977,3450,3482.7,13.895,16.726,+2.039,
158.024,3450,3485.2,13.905,15.926,+1.239,
158.049,3450,3482.0,13.893,15.926,+1.239,
158.075,3450,3481.0,13.888,15.926,+1.239,
158.102,3450,3483.7,13.899,15.780,+1.093,
158.140,3450,3418.4,13.639,15.780,+1.093,
158.167,3450,3414.9,13.625,15.780,+1.093,
158.193,3450,3471.5,13.851,15.780,+1.093,
158.234,3450,3465.3,13.826,16.580,+1.893,
158.258,3450,3404.2,13.582,16.580,+1.893,
158.285,3450,3410.7,13.608,16.580,+1.893,
158.311,3450,3469.0,13.841,15.964,+1.277,
158.344,3450,3468.0,13.837,15.964,+1.277,
158.371,3450,3466.8,13.832,15.964,+1.277,
158.397,3450,3460.8,13.808,15.964,+1.277,
158.445,3450,3457.6,13.795,15.964,+1.277,
158.469,3450,3459.4,13.803,15.964,+1.277,
158.496,3450,3460.1,13.805,15.964,+1.277,
158.522,3450,3450.9,13.769,15.964,+1.277,
158.555,3450,3398.7,13.560,15.964,+1.277,
158.582,3450,3388.4,13.519,15.964,+1.277,
158.608,3450,3388.4,13.519,15.964,+1.277,
158.651,3450,3447.6,13.755,15.964,+1.277,
158.675,3450,3438.5,13.719,15.964,+1.277,
158.702,3450,3433.7,13.700,15.964,+1.277,
158.728,3450,3442.7,13.736,15.964,+1.277,
158.762,3450,3434.0,13.701,15.964,+1.277,
158.788,3450,3437.6,13.715,15.964,+1.277,
158.815,3450,3428.2,13.678,15.964,+1.277,
158.862,3450,3430.4,13.687,15.964,+1.277,
158.886,3450,3419.8,13.644,15.964,+1.277,shot:3456:25
158.911,3450,3428.7,13.680,15.964,+1.277,
158.937,3450,3421.0,13.649,16.601,+1.914,
158.976,3450,3422.6,13.656,16.601,+1.914,
159.002,3450,3422.6,13.656,16.601,+1.914,
159.029,3450,3417.1,13.634,16.601,+1.914,
159.069,3450,3369.2,13.443,16.772,+2.085,
159.094,3450,3371.3,13.451,16.772,+2.085,
159.120,3450,3369.7,13.445,16.772,+2.085,
159.147,3450,3432.1,13.694,16.090,+1.403,
159.180,3450,3432.2,13.694,16.090,+1.403,
159.207,3450,3440.2,13.726,16.090,+1.403,
159.233,3450,3442.2,13.734,16.090,+1.403,
159.280,3450,3387.1,13.514,16.090,+1.403,
159.305,3450,3432.7,13.696,16.090,+1.403,
159.332,3450,3436.8,13.712,16.090,+1.403,
159.358,0,3440.1,13.725,16.090,+1.403,
159.401,0,3377.9,13.477,16.090,+1.403,
159.428,0,3373.4,13.459,16.090,+1.403,
159.454,0,3380.4,13.487,16.090,+1.403,
159.495,0,3352.6,13.376,0.000,+0.000,
159.519,0,3351.4,13.371,0.000,+0.000,
159.546,0,3234.7,12.906,0.000,+0.000,
159.572,0,3104.6,12.387,0.000,+0.000,
159.600,0,2940.9,11.734,0.000,+0.000,
159.627,0,2809.7,11.210,0.000,+0.000,
159.653,0,2673.9,10.668,0.000,+0.000,
159.701,0,2416.0,9.639,0.000,+0.000,
159.725,0,2312.2,9.225,0.000,+0.000,
159.752,0,2237.7,8.928,0.000,+0.000,
159.778,0,2106.9,8.406,0.000,+0.000,
159.812,0,2014.7,8.038,0.000,+0.000,
159.838,0,1925.0,7.681,0.000,+0.000,
159.865,0,1836.4,7.327,0.000,+0.000,
159.907,0,1715.4,6.844,0.000,+0.000,
159.932,0,1643.3,6.556,0.000,+0.000,
159.958,0,1568.8,6.259,0.000,+0.000,
159.985,0,1475.9,5.889,0.000,+0.000,
160.018,0,1418.7,5.660,0.000,+0.000,
160.044,0,1359.7,5.425,0.000,+0.000,
160.071,0,1298.5,5.181,0.000,+0.000,
160.123,0,1192.9,4.760,0.000,+0.000,
160.148,0,1149.4,4.586,0.000,+0.000,
160.175,0,1103.2,4.402,0.000,+0.000,
160.222,0,1003.9,4.006,0.000,+0.000,
160.249,0,981.7,3.917,0.000,+0.000,
160.275,0,937.5,3.741,0.000,+0.000,
160.317,0,875.0,3.491,0.000,+0.000,
160.342,0,844.4,3.369,0.000,+0.000,
160.368,0,814.3,3.249,0.000,+0.000,
160.395,0,782.4,3.122,0.000,+0.000,
160.423,0,750.9,2.996,0.000,+0.000,
160.450,0,720.1,2.873,0.000,+0.000,
160.476,0,684.5,2.731,0.000,+0.000,
160.523,0,655.8,2.617,0.000,+0.000,
160.548,0,623.5,2.488,0.000,+0.000,
160.575,0,607.6,2.424,0.000,+0.000,
160.601,0,572.4,2.284,0.000,+0.000,
160.639,0,557.7,2.225,0.000,+0.000,
160.666,0,540.2,2.155,0.000,+0.000,
160.692,0,504.8,2.014,0.000,+0.000,
160.733,0,488.4,1.949,0.000,+0.000,
160.757,0,470.5,1.877,0.000,+0.000,
160.784,0,452.6,1.806,0.000,+0.000,
160.810,0,433.9,1.731,0.000,+0.000,
160.843,0,414.6,1.654,0.000,+0.000,
160.870,0,413.8,1.651,0.000,+0.000,
160.897,0,392.3,1.565,0.000,+0.000,
160.944,0,370.4,1.478,0.000,+0.000,
160.968,0,370.4,1.478,0.000,+0.000,
160.995,0,347.0,1.384,0.000,+0.000,
161.022,0,347.0,1.384,0.000,+0.000,
161.055,0,325.4,1.298,0.000,+0.000,
161.081,0,321.6,1.283,0.000,+0.000,
161.108,0,321.6,1.283,0.000,+0.000,
161.155,0,293.0,1.169,0.000,+0.000,
161.180,0,293.0,1.169,0.000,+0.000,
161.206,0,293.0,1.169,0.000,+0.000,
161.233,0,293.0,1.169,0.000,+0.000,
161.271,0,263.9,1.053,0.000,+0.000,
161.298,0,253.3,1.011,0.000,+0.000,
161.324,0,253.3,1.011,0.000,+0.000,
161.365,0,253.3,1.011,0.000,+0.000,
161.389,0,253.3,1.011,0.000,+0.000,
161.416,0,253.3,1.011,0.000,+0.000,
161.442,0,219.3,0.875,0.000,+0.000,
161.475,0,219.3,0.875,0.000,+0.000,
161.502,0,219.3,0.875,0.000,+0.000,
161.528,0,219.3,0.875,0.000,+0.000,
161.576,0,219.3,0.875,0.000,+0.000,
161.600,0,219.3,0.875,0.000,+0.000,
161.627,0,219.3,0.875,0.000,+0.000,
161.653,0,219.3,0.875,0.000,+0.000,
161.687,0,219.3,0.875,0.000,+0.000,
161.713,0,219.3,0.875,0.000,+0.000,
161.740,0,0.0,0.000,0.000,+0.000,
161.787,0,0.0,0.000,0.000,+0.000,
161.812,0,0.0,0.000,0.000,+0.000,
161.838,0,0.0,0.000,0.000,+0.000,
161.865,0,0.0,0.000,0.000,+0.000,
161.898,0,0.0,0.000,0.000,+0.000,
161.924,0,0.0,0.000,0.000,+0.000,
161.951,0,0.0,0.000,0.000,+0.000,
161.998,0,0.0,0.000,0.000,+0.000,
162.023,0,0.0,0.000,0.000,+0.000,
162.049,0,0.0,0.000,0.000,+0.000,
162.076,0,0.0,0.000,0.000,+0.000,
162.114,0,0.0,0.000,0.000,+0.000,
162.141,0,0.0,0.000,0.000,+0.000,
162.167,0,0.0,0.000,0.000,+0.000,
162.207,0,0.0,0.000,0.000,+0.000,
162.232,0,0.0,0.000,0.000,+0.000,
162.258,0,0.0,0.000,0.000,+0.000,
162.285,0,0.0,0.000,0.000,+0.000,
162.323,0,0.0,0.000,0.000,+0.000,
162.349,0,0.0,0.000,0.000,+0.000,
162.376,0,0.0,0.000,0.000,+0.000,
162.416,0,0.0,0.000,0.000,+0.000,
162.441,0,0.0,0.000,0.000,+0.000,
162.467,0,0.0,0.000,0.000,+0.000,
162.494,0,0.0,0.000,0.000,+0.000,
162.527,0,0.0,0.000,0.000,+0.000,
162.553,0,0.0,0.000,0.000,+0.000,
162.580,0,0.0,0.000,0.000,+0.000,
162.627,0,0.0,0.000,0.000,+0.000,
162.651,0,0.0,0.000,0.000,+0.000,
162.678,0,0.0,0.000,0.000,+0.000,
162.704,0,0.0,0.000,0.000,+0.000,
162.738,0,0.0,0.000,0.000,+0.000,
162.764,0,0.0,0.000,0.000,+0.000,
162.791,0,0.0,0.000,0.000,+0.000,
162.843,0,0.0,0.000,0.000,+0.000,
162.868,0,0.0,0.000,0.000,+0.000,
162.894,0,0.0,0.000,0.000,+0.000,
162.941,0,0.0,0.000,0.000,+0.000,
162.968,0,0.0,0.000,0.000,+0.000,
162.994,0,0.0,0.000,0.000,+0.000,
163.037,0,0.0,0.000,0.000,+0.000,
163.061,0,0.0,0.000,0.000,+0.000,
163.088,0,0.0,0.000,0.000,+0.000,
163.114,0,0.0,0.000,0.000,+0.000,
163.148,0,0.0,0.000,0.000,+0.000,
163.174,0,0.0,0.000,0.000,+0.000,
163.200,0,0.0,0.000,0.000,+0.000,
163.248,0,0.0,0.000,0.000,+0.000,
163.272,0,0.0,0.000,0.000,+0.000,
163.299,0,0.0,0.000,0.000,+0.000,
163.325,0,0.0,0.000,0.000,+0.000,
163.358,0,0.0,0.000,0.000,+0.000,
163.385,0,0.0,0.000,0.000,+0.000,
163.411,0,0.0,0.000,0.000,+0.000,
163.464,0,0.0,0.000,0.000,+0.000,
163.488,0,0.0,0.000,0.000,+0.000,
163.515,0,0.0,0.000,0.000,+0.000,
163.557,0,0.0,0.000,0.000,+0.000,
163.583,0,0.0,0.000,0.000,+0.000,
163.610,0,0.0,0.000,0.000,+0.000,
163.636,0,0.0,0.000,0.000,+0.000,
163.670,0,0.0,0.000,0.000,+0.000,
163.694,0,0.0,0.000,0.000,+0.000,
163.721,0,0.0,0.000,0.000,+0.000,
163.768,0,0.0,0.000,0.000,+0.000,
163.795,0,0.0,0.000,0.000,+0.000,
163.821,0,0.0,0.000,0.000,+0.000,
163.874,0,0.0,0.000,0.000,+0.000,
163.898,0,0.0,0.000,0.000,+0.000,
163.925,0,0.0,0.000,0.000,+0.000,
163.972,0,0.0,0.000,0.000,+0.000,
163.998,0,0.0,0.000,0.000,+0.000,
164.025,0,0.0,0.000,0.000,+0.000,
164.072,0,0.0,0.000,0.000,+0.000,
164.097,0,0.0,0.000,0.000,+0.000,
164.124,0,0.0,0.000,0.000,+0.000,
164.150,0,0.0,0.000,0.000,+0.000,
164.188,0,0.0,0.000,0.000,+0.000,
164.215,0,0.0,0.000,0.000,+0.000,
164.241,0,0.0,0.000,0.000,+0.000,
164.281,0,0.0,0.000,0.000,+0.000,
164.306,0,0.0,0.000,0.000,+0.000,
164.332,0,0.0,0.000,0.000,+0.000,
164.354,0,0.0,0.000,0.000,+0.000,
164.382,0,0.0,0.000,0.000,+0.000,
164.408,0,0.0,0.000,0.000,+0.000,
164.435,0,0.0,0.000,0.000,+0.000,
164.477,0,0.0,0.000,0.000,+0.000,
164.509,0,0.0,0.000,0.000,+0.000,
164.535,0,0.0,0.000,0.000,+0.000,
164.583,0,0.0,0.000,0.000,+0.000,
164.609,0,0.0,0.000,0.000,+0.000,
164.636,0,0.0,0.000,0.000,+0.000,
164.683,0,0.0,0.000,0.000,+0.000,
164.715,0,0.0,0.000,0.000,+0.000,
164.741,0,0.0,0.000,0.000,+0.000,
164.789,0,0.0,0.000,0.000,+0.000,
164.815,0,0.0,0.000,0.000,+0.000,
164.842,0,0.0,0.000,0.000,+0.000,
164.889,0,0.0,0.000,0.000,+0.000,
164.921,0,0.0,0.000,0.000,+0.000,
164.948,0,0.0,0.000,0.000,+0.000,
164.995,0,0.0,0.000,0.000,+0.000,
165.022,0,0.0,0.000,0.000,+0.000,
165.048,0,0.0,0.000,0.000,+0.000,
165.096,0,0.0,0.000,0.000,+0.000,
165.127,0,0.0,0.000,0.000,+0.000,
165.154,0,0.0,0.000,0.000,+0.000,
165.201,0,0.0,0.000,0.000,+0.000,
165.228,0,0.0,0.000,0.000,+0.000,
165.254,0,0.0,0.000,0.000,+0.000,
165.302,0,0.0,0.000,0.000,+0.000,
165.333,0,0.0,0.000,0.000,+0.000,
165.360,0,0.0,0.000,0.000,+0.000,
165.402,0,0.0,0.000,0.000,+0.000,
165.429,0,0.0,0.000,0.000,+0.000,
165.455,0,0.0,0.000,0.000,+0.000,
165.482,0,0.0,0.000,0.000,+0.000,
165.510,0,0.0,0.000,0.000,+0.000,
165.534,0,0.0,0.000,0.000,+0.000,
165.561,0,0.0,0.000,0.000,+0.000,
165.587,0,0.0,0.000,0.000,+0.000,
165.620,0,0.0,0.000,0.000,+0.000,
165.647,0,0.0,0.000,0.000,+0.000,
165.673,0,0.0,0.000,0.000,+0.000,
165.726,0,0.0,0.000,0.000,+0.000,
165.750,0,0.0,0.000,0.000,+0.000,
165.777,0,0.0,0.000,0.000,+0.000,
165.824,0,0.0,0.000,0.000,+0.000,
165.851,0,0.0,0.000,0.000,+0.000,
165.877,0,0.0,0.000,0.000,+0.000,
165.925,0,0.0,0.000,0.000,+0.000,
165.949,0,0.0,0.000,0.000,+0.000,
165.976,0,0.0,0.000,0.000,+0.000,
166.002,0,0.0,0.000,0.000,+0.000,
166.035,0,0.0,0.000,0.000,+0.000,
166.062,0,0.0,0.000,0.000,+0.000,
166.089,0,0.0,0.000,0.000,+0.000,
166.136,0,0.0,0.000,0.000,+0.000,
166.161,0,0.0,0.000,0.000,+0.000,
166.187,0,0.0,0.000,0.000,+0.000,
166.214,0,0.0,0.000,0.000,+0.000,
166.247,0,0.0,0.000,0.000,+0.000,
166.273,0,0.0,0.000,0.000,+0.000,
166.300,0,0.0,0.000,0.000,+0.000,
166.347,0,0.0,0.000,0.000,+0.000,
166.372,0,0.0,0.000,0.000,+0.000,
166.398,0,0.0,0.000,0.000,+0.000,
166.425,0,0.0,0.000,0.000,+0.000,
166.458,0,0.0,0.000,0.000,+0.000,
166.484,0,0.0,0.000,0.000,+0.000,
166.511,0,0.0,0.000,0.000,+0.000,
166.558,0,0.0,0.000,0.000,+0.000,
166.583,0,0.0,0.000,0.000,+0.000,
166.610,0,0.0,0.000,0.000,+0.000,
166.636,0,0.0,0.000,0.000,+0.000,
166.669,0,0.0,0.000,0.000,+0.000,
166.696,0,0.0,0.000,0.000,+0.000,
166.722,0,0.0,0.000,0.000,+0.000,
166.770,0,0.0,0.000,0.000,+0.000,
166.794,0,0.0,0.000,0.000,+0.000,
166.821,0,0.0,0.000,0.000,+0.000,
166.847,0,0.0,0.000,0.000,+0.000,
166.880,0,0.0,0.000,0.000,+0.000,
166.907,0,0.0,0.000,0.000,+0.000,
166.933,0,0.0,0.000,0.000,+0.000,
166.981,0,0.0,0.000,0.000,+0.000,
167.005,0,0.0,0.000,0.000,+0.000,
167.032,0,0.0,0.000,0.000,+0.000,
167.058,0,0.0,0.000,0.000,+0.000,
167.097,0,0.0,0.000,0.000,+0.000,
167.123,0,0.0,0.000,0.000,+0.000,
167.150,0,0.0,0.000,0.000,+0.000,
167.190,0,0.0,0.000,0.000,+0.000,
167.214,0,0.0,0.000,0.000,+0.000,
167.241,0,0.0,0.000,0.000,+0.000,
167.267,0,0.0,0.000,0.000,+0.000,
167.300,0,0.0,0.000,0.000,+0.000,
167.327,0,0.0,0.000,0.000,+0.000,
167.353,0,0.0,0.000,0.000,+0.000,
167.401,0,0.0,0.000,0.000,+0.000,
167.425,0,0.0,0.000,0.000,+0.000,
167.452,0,0.0,0.000,0.000,+0.000,
167.478,0,0.0,0.000,0.000,+0.000,
167.512,0,0.0,0.000,0.000,+0.000,
167.538,0,0.0,0.000,0.000,+0.000,
167.565,0,0.0,0.000,0.000,+0.000,
167.617,0,0.0,0.000,0.000,+0.000,
167.642,0,0.0,0.000,0.000,+0.000,
167.669,0,0.0,0.000,0.000,+0.000,
167.717,0,0.0,0.000,0.000,+0.000,
167.744,0,0.0,0.000,0.000,+0.000,
167.770,0,0.0,0.000,0.000,+0.000,
167.818,0,0.0,0.000,0.000,+0.000,
167.842,0,0.0,0.000,0.000,+0.000,
167.869,0,0.0,0.000,0.000,+0.000,
167.895,0,0.0,0.000,0.000,+0.000,
167.928,0,0.0,0.000,0.000,+0.000,
167.955,0,0.0,0.000,0.000,+0.000,
167.981,0,0.0,0.000,0.000,+0.000,
168.034,0,0.0,0.000,0.000,+0.000,
168.059,0,0.0,0.000,0.000,+0.000,
168.085,0,0.0,0.000,0.000,+0.000,
168.128,0,0.0,0.000,0.000,+0.000,
168.154,0,0.0,0.000,0.000,+0.000,
168.181,0,0.0,0.000,0.000,+0.000,
168.207,0,0.0,0.000,0.000,+0.000,
168.240,0,0.0,0.000,0.000,+0.000,
168.265,0,0.0,0.000,0.000,+0.000,
168.291,0,0.0,0.000,0.000,+0.000,
168.339,0,0.0,0.000,0.000,+0.000,
168.365,0,0.0,0.000,0.000,+0.000,
168.392,0,0.0,0.000,0.000,+0.000,
168.444,0,0.0,0.000,0.000,+0.000,
168.468,0,0.0,0.000,0.000,+0.000,
168.495,0,0.0,0.000,0.000,+0.000,
168.542,0,0.0,0.000,0.000,+0.000,
168.569,0,0.0,0.000,0.000,+0.000,
168.595,0,0.0,0.000,0.000,+0.000,
168.643,0,0.0,0.000,0.000,+0.000,
168.667,0,0.0,0.000,0.000,+0.000,
168.694,0,0.0,0.000,0.000,+0.000,
168.720,0,0.0,0.000,0.000,+0.000,
168.758,0,0.0,0.000,0.000,+0.000,
168.785,0,0.0,0.000,0.000,+0.000,
168.811,0,0.0,0.000,0.000,+0.000,
168.846,0,0.0,0.000,0.000,+0.000,
168.871,0,0.0,0.000,0.000,+0.000,
168.897,0,0.0,0.000,0.000,+0.000,
168.924,0,0.0,0.000,0.000,+0.000,
168.952,0,0.0,0.000,0.000,+0.000,
168.979,0,0.0,0.000,0.000,+0.000,
169.005,0,0.0,0.000,0.000,+0.000,
169.052,0,0.0,0.000,0.000,+0.000,
169.077,0,0.0,0.000,0.000,+0.000,
169.104,0,0.0,0.000,0.000,+0.000,
169.130,0,0.0,0.000,0.000,+0.000,
169.163,0,0.0,0.000,0.000,+0.000,
169.190,0,0.0,0.000,0.000,+0.000,
169.216,0,0.0,0.000,0.000,+0.000,
169.259,0,0.0,0.000,0.000,+0.000,
169.283,0,0.0,0.000,0.000,+0.000,
169.310,0,0.0,0.000,0.000,+0.000,
169.336,0,0.0,0.000,0.000,+0.000,
169.364,0,0.0,0.000,0.000,+0.000,
169.391,0,0.0,0.000,0.000,+0.000,
169.417,0,0.0,0.000,0.000,+0.000,
169.469,0,0.0,0.000,0.000,+0.000,
169.494,0,0.0,0.000,0.000,+0.000,
169.520,0,0.0,0.000,0.000,+0.000,
169.573,0,0.0,0.000,0.000,+0.000,
169.599,0,0.0,0.000,0.000,+0.000,
169.626,0,0.0,0.000,0.000,+0.000,
169.673,0,0.0,0.000,0.000,+0.000,
169.698,0,0.0,0.000,0.000,+0.000,
169.724,0,0.0,0.000,0.000,+0.000,
169.751,0,0.0,0.000,0.000,+0.000,
169.779,0,0.0,0.000,0.000,+0.000,
169.805,0,0.0,0.000,0.000,+0.000,
169.832,0,0.0,0.000,0.000,+0.000,
169.874,0,0.0,0.000,0.000,+0.000,
169.898,0,0.0,0.000,0.000,+0.000,
169.925,0,0.0,0.000,0.000,+0.000,
169.951,0,0.0,0.000,0.000,+0.000,
169.985,0,0.0,0.000,0.000,+0.000,
170.011,0,0.0,0.000,0.000,+0.000,
170.038,0,0.0,0.000,0.000,+0.000,
170.085,0,0.0,0.000,0.000,+0.000,
170.110,0,0.0,0.000,0.000,+0.000,
170.136,0,0.0,0.000,0.000,+0.000,
170.163,0,0.0,0.000,0.000,+0.000,
170.191,0,0.0,0.000,0.000,+0.000,
170.217,0,0.0,0.000,0.000,+0.000,
170.244,0,0.0,0.000,0.000,+0.000,
170.291,0,0.0,0.000,0.000,+0.000,
170.315,0,0.0,0.000,0.000,+0.000,
170.342,0,0.0,0.000,0.000,+0.000,
170.368,0,0.0,0.000,0.000,+0.000,
170.402,0,0.0,0.000,0.000,+0.000,
170.428,0,0.0,0.000,0.000,+0.000,
170.455,0,0.0,0.000,0.000,+0.000,
170.502,0,0.0,0.000,0.000,+0.000,
170.526,0,0.0,0.000,0.000,+0.000,
170.553,0,0.0,0.000,0.000,+0.000,
170.579,0,0.0,0.000,0.000,+0.000,
170.612,0,0.0,0.000,0.000,+0.000,
170.639,0,0.0,0.000,0.000,+0.000,
170.665,0,0.0,0.000,0.000,+0.000,
170.708,0,0.0,0.000,0.000,+0.000,
170.732,0,0.0,0.000,0.000,+0.000,
170.759,0,0.0,0.000,0.000,+0.000,
170.785,0,0.0,0.000,0.000,+0.000,
170.818,0,0.0,0.000,0.000,+0.000,
170.845,0,0.0,0.000,0.000,+0.000,
170.871,0,0.0,0.000,0.000,+0.000,
170.918,0,0.0,0.000,0.000,+0.000,
170.943,0,0.0,0.000,0.000,+0.000,
170.970,0,0.0,0.000,0.000,+0.000,
170.996,0,0.0,0.000,0.000,+0.000,
171.024,0,0.0,0.000,0.000,+0.000,
171.051,0,0.0,0.000,0.000,+0.000,
171.077,0,0.0,0.000,0.000,+0.000,
171.125,0,0.0,0.000,0.000,+0.000,
171.149,0,0.0,0.000,0.000,+0.000,
171.176,0,0.0,0.000,0.000,+0.000,
171.202,0,0.0,0.000,0.000,+0.000,
171.236,0,0.0,0.000,0.000,+0.000,
171.262,0,0.0,0.000,0.000,+0.000,
171.289,0,0.0,0.000,0.000,+0.000,
171.341,0,0.0,0.000,0.000,+0.000,
171.365,0,0.0,0.000,0.000,+0.000,
171.392,0,0.0,0.000,0.000,+0.000,
171.434,0,0.0,0.000,0.000,+0.000,
171.461,0,0.0,0.000,0.000,+0.000,
171.487,0,0.0,0.000,0.000,+0.000,
171.514,0,0.0,0.000,0.000,+0.000,
171.547,0,0.0,0.000,0.000,+0.000,
171.571,0,0.0,0.000,0.000,+0.000,
171.598,0,0.0,0.000,0.000,+0.000,
171.645,0,0.0,0.000,0.000,+0.000,
171.672,0,0.0,0.000,0.000,+0.000,
171.698,0,0.0,0.000,0.000,+0.000,
171.735,0,0.0,0.000,0.000,+0.000,
171.760,0,0.0,0.000,0.000,+0.000,
171.786,0,0.0,0.000,0.000,+0.000,
171.813,0,0.0,0.000,0.000,+0.000,
171.853,0,0.0,0.000,0.000,+0.000,
171.880,0,0.0,0.000,0.000,+0.000,
171.906,0,0.0,0.000,0.000,+0.000,
171.948,0,0.0,0.000,0.000,+0.000,
171.973,0,0.0,0.000,0.000,+0.000,
172.000,0,0.0,0.000,0.000,+0.000,
172.026,0,0.0,0.000,0.000,+0.000,
172.060,0,0.0,0.000,0.000,+0.000,
172.086,0,0.0,0.000,0.000,+0.000,
172.113,0,0.0,0.000,0.000,+0.000,
172.160,0,0.0,0.000,0.000,+0.000,
172.185,0,0.0,0.000,0.000,+0.000,
172.211,0,0.0,0.000,0.000,+0.000,
172.238,0,0.0,0.000,0.000,+0.000,
172.271,0,0.0,0.000,0.000,+0.000,
172.297,0,0.0,0.000,0.000,+0.000,
172.324,0,0.0,0.000,0.000,+0.000,
172.361,0,0.0,0.000,0.000,+0.000,
172.386,0,0.0,0.000,0.000,+0.000,
172.412,0,0.0,0.000,0.000,+0.000,
172.439,0,0.0,0.000,0.000,+0.000,
172.474,0,0.0,0.000,0.000,+0.000,
172.500,0,0.0,0.000,0.000,+0.000,
172.527,0,0.0,0.000,0.000,+0.000,
172.553,0,0.0,0.000,0.000,+0.000,
172.581,0,0.0,0.000,0.000,+0.000,
172.606,0,0.0,0.000,0.000,+0.000,
172.632,0,0.0,0.000,0.000,+0.000,
172.659,0,0.0,0.000,0.000,+0.000,
172.692,0,0.0,0.000,0.000,+0.000,
172.718,0,0.0,0.000,0.000,+0.000,
172.745,0,0.0,0.000,0.000,+0.000,
172.787,0,0.0,0.000,0.000,+0.000,
172.812,0,0.0,0.000,0.000,+0.000,
172.838,0,0.0,0.000,0.000,+0.000,
172.865,0,0.0,0.000,0.000,+0.000,
172.898,0,0.0,0.000,0.000,+0.000,
172.924,0,0.0,0.000,0.000,+0.000,
172.951,0,0.0,0.000,0.000,+0.000,
172.993,0,0.0,0.000,0.000,+0.000,
173.018,0,0.0,0.000,0.000,+0.000,
173.044,0,0.0,0.000,0.000,+0.000,
173.071,0,0.0,0.000,0.000,+0.000,
173.104,0,0.0,0.000,0.000,+0.000,
173.131,0,0.0,0.000,0.000,+0.000,
173.157,0,0.0,0.000,0.000,+0.000,
173.204,0,0.0,0.000,0.000,+0.000,
173.229,0,0.0,0.000,0.000,+0.000,
173.255,0,0.0,0.000,0.000,+0.000,
173.282,0,0.0,0.000,0.000,+0.000,
173.310,0,0.0,0.000,0.000,+0.000,
173.336,0,0.0,0.000,0.000,+0.000,
173.363,0,0.0,0.000,0.000,+0.000,
173.410,0,0.0,0.000,0.000,+0.000,
173.435,0,0.0,0.000,0.000,+0.000,
173.461,0,0.0,0.000,0.000,+0.000,
173.488,0,0.0,0.000,0.000,+0.000,
173.521,0,0.0,0.000,0.000,+0.000,
173.547,0,0.0,0.000,0.000,+0.000,
173.574,0,0.0,0.000,0.000,+0.000,
173.621,0,0.0,0.000,0.000,+0.000,
173.645,0,0.0,0.000,0.000,+0.000,
173.672,0,0.0,0.000,0.000,+0.000,
173.698,0,0.0,0.000,0.000,+0.000,
173.726,0,0.0,0.000,0.000,+0.000,
173.753,0,0.0,0.000,0.000,+0.000,
173.779,0,0.0,0.000,0.000,+0.000,
173.832,0,0.0,0.000,0.000,+0.000,
173.856,0,0.0,0.000,0.000,+0.000,
173.883,0,0.0,0.000,0.000,+0.000,
173.930,0,0.0,0.000,0.000,+0.000,
173.957,0,0.0,0.000,0.000,+0.000,
173.983,0,0.0,0.000,0.000,+0.000,
174.036,0,0.0,0.000,0.000,+0.000,
174.060,0,0.0,0.000,0.000,+0.000,
174.087,0,0.0,0.000,0.000,+0.000,
174.139,0,0.0,0.000,0.000,+0.000,
174.166,0,0.0,0.000,0.000,+0.000,
174.192,0,0.0,0.000,0.000,+0.000,
174.245,0,0.0,0.000,0.000,+0.000,
174.269,0,0.0,0.000,0.000,+0.000,
174.296,0,0.0,0.000,0.000,+0.000,
174.338,0,0.0,0.000,0.000,+0.000,
174.365,0,0.0,0.000,0.000,+0.000,
174.386,0,0.0,0.000,0.000,+0.000,
174.413,0,0.0,0.000,0.000,+0.000,
174.458,0,0.0,0.000,0.000,+0.000,
174.482,0,0.0,0.000,0.000,+0.000,
174.509,0,0.0,0.000,0.000,+0.000,
174.556,0,0.0,0.000,0.000,+0.000,
174.583,0,0.0,0.000,0.000,+0.000,
174.609,0,0.0,0.000,0.000,+0.000,
174.656,0,0.0,0.000,0.000,+0.000,
174.681,0,0.0,0.000,0.000,+0.000,
174.707,0,0.0,0.000,0.000,+0.000,
174.734,0,0.0,0.000,0.000,+0.000,
174.767,0,0.0,0.000,0.000,+0.000,
174.793,0,0.0,0.000,0.000,+0.000,
174.820,0,0.0,0.000,0.000,+0.000,
174.867,0,0.0,0.000,0.000,+0.000,
174.892,0,0.0,0.000,0.000,+0.000,
174.918,0,0.0,0.000,0.000,+0.000,
174.945,0,0.0,0.000,0.000,+0.000,
174.978,0,0.0,0.000,0.000,+0.000,
175.004,0,0.0,0.000,0.000,+0.000,
175.031,0,0.0,0.000,0.000,+0.000,
175.078,0,0.0,0.000,0.000,+0.000,
175.103,0,0.0,0.000,0.000,+0.000,
175.129,0,0.0,0.000,0.000,+0.000,
175.156,0,0.0,0.000,0.000,+0.000,
175.189,0,0.0,0.000,0.000,+0.000,
175.215,0,0.0,0.000,0.000,+0.000,
175.242,0,0.0,0.000,0.000,+0.000,
175.289,0,0.0,0.000,0.000,+0.000,
175.314,0,0.0,0.000,0.000,+0.000,
175.340,0,0.0,0.000,0.000,+0.000,
175.367,0,0.0,0.000,0.000,+0.000,
175.400,0,0.0,0.000,0.000,+0.000,
175.426,0,0.0,0.000,0.000,+0.000,
175.453,0,0.0,0.000,0.000,+0.000,
175.500,0,0.0,0.000,0.000,+0.000,
175.525,0,0.0,0.000,0.000,+0.000,
175.551,0,0.0,0.000,0.000,+0.000,
175.578,0,0.0,0.000,0.000,+0.000,
175.611,0,0.0,0.000,0.000,+0.000,
175.637,0,0.0,0.000,0.000,+0.000,
175.664,0,0.0,0.000,0.000,+0.000,
175.711,0,0.0,0.000,0.000,+0.000,
175.735,0,0.0,0.000,0.000,+0.000,
175.762,0,0.0,0.000,0.000,+0.000,
175.788,0,0.0,0.000,0.000,+0.000,
